date,open,high,low,close,pct
1986-09-09,146.55,147.32,145.41,145.76,-0.54
1986-09-10,145.76,145.76,144.57,144.74,-0.7
1986-09-11,144.74,144.74,138.46,138.46,-4.34
1986-09-12,138.46,138.62,134.85,135.04,-2.47
1986-09-15,135.04,135.96,134.09,134.94,-0.07
1986-09-16,134.94,135.25,133.28,135.21,0.2
1986-09-17,135.21,136.99,135.06,136.39,0.87
1986-09-18,136.39,138.57,136.29,138.14,1.28
1986-09-19,138.14,138.5,137.03,138.46,0.23
1986-09-22,138.52,140.29,138.35,140.12,1.2
1986-09-23,140.12,141.06,139.05,139.57,-0.4
1986-09-24,139.57,140.07,138.67,139.24,-0.24
1986-09-25,137.62,137.62,137.62,137.62,-1.16
1986-09-26,137.62,138.12,136.49,137.59,-0.02
1986-09-29,137.59,137.59,134.82,135.54,-1.49
1986-09-30,135.54,137.84,135.54,137.5,1.45
1986-10-01,137.52,139.01,137.52,138.26,0.56
1986-10-02,138.26,138.43,137.41,138.22,-0.03
1986-10-03,138.22,139.37,137.66,138.56,0.24
1986-10-06,138.66,139.19,138.39,139.12,0.4
1986-10-07,139.12,139.25,137.91,138.26,-0.62
1986-10-08,138.26,139.33,137.54,139.26,0.73
1986-10-09,139.25,140.15,139.03,139.17,-0.07
1986-10-10,139.17,140.22,138.76,139.87,0.51
1986-10-13,139.87,140.72,139.63,140.68,0.58
1986-10-14,140.68,141.6,140.66,140.97,0.21
1986-10-15,140.97,142.22,140.76,142.1,0.81
1986-10-16,142.1,142.48,141.76,141.9,-0.14
1986-10-17,141.89,142.1,140.91,141.2,-0.5
1986-10-20,141.2,141.23,139.49,140.1,-0.78
1986-10-21,140.1,140.47,139.38,139.93,-0.12
1986-10-22,139.93,140.59,139.9,140.3,0.27
1986-10-23,140.3,142.4,140.23,142.15,1.32
1986-10-24,142.15,142.75,141.65,141.97,-0.13
1986-10-27,141.97,142.26,141.26,141.76,-0.14
1986-10-28,141.76,142.91,141.69,142.5,0.52
1986-10-29,142.5,143.28,142.12,143.13,0.45
1986-10-30,143.13,145.18,143.13,144.78,1.15
1986-10-31,144.78,145.18,143.79,144.48,-0.21
1986-11-03,144.48,144.97,144.12,144.81,0.23
1986-11-04,144.81,146.06,144.54,145.97,0.8
1986-11-05,145.97,146.69,145.51,146.18,0.15
1986-11-06,146.19,146.23,144.64,145.41,-0.53
1986-11-07,145.41,145.41,144.4,144.91,-0.34
1986-11-10,144.91,145.05,143.7,144.29,-0.42
1986-11-11,144.29,145.45,144.29,145.35,0.73
1986-11-12,145.35,145.92,145.02,145.58,0.16
1986-11-13,145.58,145.69,143.41,143.42,-1.49
1986-11-14,143.42,143.78,142.86,143.51,0.06
1986-11-17,143.51,144.02,142.14,143.2,-0.22
1986-11-18,143.2,143.68,140.63,140.66,-1.77
1986-11-19,140.66,140.66,138.96,139.54,-0.79
1986-11-20,139.54,141.44,139.54,141.31,1.26
1986-11-21,141.31,143.05,141.31,142.9,1.13
1986-11-24,142.9,144.64,142.77,144.5,1.12
1986-11-25,144.5,145.77,144.35,145.77,0.88
1986-11-26,145.77,146.95,145.59,146.87,0.75
1986-11-28,146.87,147.96,146.87,147.94,0.73
1986-12-01,147.94,147.94,145.63,146.85,-0.73
1986-12-02,146.85,148.99,146.85,148.87,1.37
1986-12-03,148.87,150.72,148.87,150.08,0.82
1986-12-04,150.09,150.85,149.84,149.98,-0.07
1986-12-05,149.98,150.38,148.7,149.04,-0.62
1986-12-08,149.04,149.04,146.85,147.85,-0.81
1986-12-09,147.85,147.85,146.82,146.87,-0.66
1986-12-10,146.87,147.32,146.4,146.96,0.06
1986-12-11,146.96,147.4,145.63,146.08,-0.6
1986-12-12,146.07,146.07,144.75,144.98,-0.75
1986-12-15,144.98,144.98,142.85,144.07,-0.62
1986-12-16,144.07,144.6,143.61,144.49,0.29
1986-12-17,144.49,144.5,142.92,143.04,-1.0
1986-12-18,143.04,143.49,142.54,142.85,-0.13
1986-12-19,142.85,144.07,142.82,143.77,0.64
1986-12-22,143.77,144.39,143.24,144.09,0.22
1986-12-23,144.09,144.25,142.4,142.81,-0.89
1986-12-24,142.81,143.16,142.32,142.79,-0.01
1986-12-26,142.79,143.08,142.5,142.94,0.1
1986-12-29,142.94,143.04,141.38,141.51,-0.99
1986-12-30,141.51,141.79,140.95,141.53,0.01
1986-12-31,141.53,142.13,141.04,141.41,-0.08
1987-01-02,141.41,143.01,141.41,142.86,1.03
1987-01-05,142.86,147.64,142.86,147.41,3.18
1987-01-06,147.41,149.08,147.41,149.06,1.12
1987-01-07,149.06,153.09,149.06,152.98,2.63
1987-01-08,152.98,155.7,152.98,155.69,1.77
1987-01-09,155.69,157.39,155.11,156.99,0.83
1987-01-12,156.99,159.43,156.6,159.31,1.47
1987-01-13,159.31,159.85,158.38,159.62,0.2
1987-01-14,159.62,162.67,159.62,162.66,1.9
1987-01-15,162.66,165.05,162.66,164.15,0.91
1987-01-16,164.15,164.17,161.64,162.51,-0.99
1987-01-19,162.51,166.46,161.72,166.46,2.42
1987-01-20,166.46,168.35,166.02,166.52,0.04
1987-01-21,166.52,166.52,164.14,164.26,-1.36
1987-01-22,164.26,168.01,163.45,167.95,2.24
1987-01-23,167.95,170.28,166.63,166.77,-0.7
1987-01-26,166.77,166.77,163.88,164.14,-1.57
1987-01-27,164.14,167.33,164.08,166.66,1.53
1987-01-28,166.66,167.77,165.99,167.63,0.58
1987-01-29,167.63,168.88,165.11,165.74,-1.12
1987-01-30,165.71,166.78,164.34,166.68,0.56
1987-02-02,166.71,170.32,166.58,170.31,2.18
1987-02-03,170.31,171.73,170.31,171.56,0.73
1987-02-04,171.56,173.68,170.69,173.5,1.13
1987-02-05,173.5,175.43,173.46,174.64,0.65
1987-02-06,174.34,175.49,174.34,174.63,0.0
1987-02-09,173.23,174.63,173.23,173.63,-0.58
1987-02-10,173.63,173.74,171.24,172.33,-0.75
1987-02-11,172.33,176.13,172.33,175.98,2.12
1987-02-12,175.99,177.05,175.76,176.27,0.16
1987-02-13,176.27,179.31,175.76,179.07,1.59
1987-02-17,179.07,183.68,179.07,183.65,2.56
1987-02-18,183.65,184.73,180.41,181.21,-1.33
1987-02-19,181.21,181.38,178.9,179.87,-0.74
1987-02-20,179.87,179.91,178.0,178.69,-0.66
1987-02-23,178.69,178.74,175.18,177.71,-0.55
1987-02-24,177.71,179.29,176.99,178.94,0.69
1987-02-25,178.94,181.06,178.92,180.97,1.13
1987-02-26,180.97,183.36,180.6,182.19,0.67
1987-02-27,182.19,182.92,181.58,182.75,0.31
1987-03-02,182.75,183.39,180.99,181.07,-0.92
1987-03-03,181.07,181.67,179.87,180.57,-0.28
1987-03-04,180.57,183.55,180.56,183.28,1.5
1987-03-05,183.28,185.75,183.28,184.67,0.76
1987-03-06,184.67,184.8,183.4,184.29,-0.21
1987-03-09,184.29,184.29,181.3,182.48,-0.98
1987-03-10,182.48,184.77,182.31,184.47,1.09
1987-03-11,184.47,186.43,184.47,185.31,0.46
1987-03-12,185.31,185.33,184.12,184.77,-0.29
1987-03-13,184.77,185.45,182.9,183.17,-0.87
1987-03-16,183.17,183.17,181.42,182.73,-0.24
1987-03-17,182.73,185.9,182.73,185.9,1.73
1987-03-18,185.9,187.98,185.14,186.05,0.08
1987-03-19,186.05,188.11,185.87,187.96,1.03
1987-03-20,187.96,190.43,187.96,189.83,0.99
1987-03-23,189.83,190.37,188.56,189.4,-0.22
1987-03-24,189.4,190.33,188.49,190.18,0.41
1987-03-25,190.18,190.53,188.9,190.2,0.01
1987-03-26,190.2,191.37,190.2,190.71,0.27
1987-03-27,190.71,191.75,188.88,189.05,-0.87
1987-03-30,189.05,189.05,183.27,183.84,-2.76
1987-03-31,183.84,186.26,183.81,186.04,1.2
1987-04-01,186.04,186.1,182.58,186.08,0.02
1987-04-02,186.08,188.04,186.08,187.66,0.85
1987-04-03,179.82,191.43,179.82,191.36,1.97
1987-04-06,191.36,192.46,189.67,190.92,-0.23
1987-04-07,190.92,190.96,187.44,187.44,-1.82
1987-04-08,187.44,189.97,187.44,189.28,0.98
1987-04-09,189.28,189.51,187.18,188.73,-0.29
1987-04-10,188.73,189.05,187.74,188.29,-0.24
1987-04-13,188.29,188.29,183.9,183.95,-2.31
1987-04-14,183.95,183.95,179.03,179.73,-2.29
1987-04-15,179.73,182.46,179.73,182.46,1.52
1987-04-16,182.46,185.07,182.46,183.75,0.7
1987-04-20,183.75,184.38,181.68,182.13,-0.88
1987-04-21,182.13,184.76,180.18,184.64,1.38
1987-04-22,184.64,185.69,183.96,183.96,-0.37
1987-04-23,183.96,185.08,182.97,183.77,-0.1
1987-04-24,183.77,183.77,180.28,180.38,-1.85
1987-04-27,180.38,180.38,177.51,179.55,-0.46
1987-04-28,179.55,182.05,179.55,181.27,0.96
1987-04-29,181.27,183.72,181.27,182.22,0.53
1987-04-30,182.22,185.88,182.22,184.83,1.43
1987-05-01,184.83,186.17,184.29,185.83,0.54
1987-05-04,185.83,186.74,185.01,186.45,0.33
1987-05-05,186.45,189.99,186.45,189.74,1.76
1987-05-06,189.74,190.51,188.69,189.3,-0.23
1987-05-07,189.3,190.59,189.3,190.02,0.38
1987-05-08,190.02,191.42,189.53,190.36,0.18
1987-05-11,190.36,191.7,189.24,189.24,-0.59
1987-05-12,189.24,189.35,187.47,188.98,-0.14
1987-05-13,188.98,190.47,188.98,190.3,0.7
1987-05-14,190.3,191.17,190.21,190.74,0.23
1987-05-15,190.74,190.74,187.91,187.91,-1.48
1987-05-18,187.91,188.12,183.33,185.46,-1.31
1987-05-19,185.46,185.93,181.0,181.47,-2.15
1987-05-20,181.47,182.72,179.74,181.7,0.13
1987-05-21,181.7,183.57,181.7,182.66,0.53
1987-05-22,182.66,183.54,181.27,181.64,-0.56
1987-05-26,181.64,185.19,181.64,185.17,1.94
1987-05-27,185.17,186.51,185.07,185.96,0.42
1987-05-28,185.96,188.21,185.86,188.11,1.16
1987-05-29,188.11,189.83,188.11,188.77,0.35
1987-06-01,188.77,189.16,185.54,185.86,-1.54
1987-06-02,185.86,186.19,184.44,184.5,-0.73
1987-06-03,184.5,186.4,184.5,185.76,0.68
1987-06-04,185.76,186.47,185.21,186.26,0.27
1987-06-05,186.26,186.86,185.5,185.69,-0.31
1987-06-08,185.69,187.66,185.02,187.54,1.0
1987-06-09,187.54,189.62,187.54,189.48,1.03
1987-06-10,189.48,191.84,189.35,190.02,0.29
1987-06-11,190.02,190.73,188.85,189.67,-0.19
1987-06-12,189.67,191.26,189.67,190.36,0.37
1987-06-15,190.36,191.05,189.28,189.6,-0.4
1987-06-16,189.6,191.3,188.64,191.14,0.81
1987-06-17,191.14,192.15,190.75,191.32,0.09
1987-06-18,191.32,192.78,190.15,192.37,0.55
1987-06-19,192.37,193.2,191.3,192.05,-0.17
1987-06-22,192.05,193.05,192.0,192.9,0.44
1987-06-23,192.9,193.28,191.08,191.84,-0.55
1987-06-24,191.84,193.36,191.57,191.91,0.03
1987-06-25,191.91,192.87,191.23,191.35,-0.29
1987-06-26,191.35,191.45,189.32,191.06,-0.15
1987-06-29,191.06,191.3,190.38,190.7,-0.19
1987-06-30,190.7,191.1,188.35,189.24,-0.77
1987-07-01,189.24,190.17,188.88,189.48,0.12
1987-07-02,189.54,190.95,189.54,190.39,0.48
1987-07-06,190.39,191.17,188.73,189.03,-0.71
1987-07-07,189.03,189.03,187.41,187.76,-0.67
1987-07-08,187.76,188.38,186.57,187.39,-0.2
1987-07-09,187.39,189.4,187.35,187.98,0.31
1987-07-10,187.98,188.94,187.79,188.74,0.4
1987-07-13,188.74,190.42,188.06,190.42,0.89
1987-07-14,190.42,195.0,190.42,194.99,2.4
1987-07-15,194.99,196.04,193.7,194.87,-0.06
1987-07-16,194.87,196.36,194.83,196.04,0.6
1987-07-17,196.04,197.31,195.31,195.87,-0.09
1987-07-20,195.87,195.87,193.77,193.86,-1.02
1987-07-21,193.86,194.92,192.83,193.2,-0.34
1987-07-22,193.2,193.83,192.57,193.64,0.23
1987-07-23,193.64,193.88,190.46,191.51,-1.1
1987-07-24,191.51,193.12,191.49,193.03,0.79
1987-07-27,193.03,193.37,192.0,193.2,0.09
1987-07-28,193.2,194.24,193.2,193.76,0.29
1987-07-29,193.76,194.85,193.59,194.73,0.5
1987-07-30,194.73,196.75,194.61,196.57,0.94
1987-07-31,196.57,197.12,195.83,196.35,-0.11
1987-08-03,196.35,196.71,194.59,195.24,-0.57
1987-08-04,195.24,195.99,194.1,195.88,0.33
1987-08-05,195.88,198.63,195.88,198.25,1.21
1987-08-06,198.25,201.92,198.05,201.87,1.83
1987-08-07,201.87,204.71,201.87,203.73,0.92
1987-08-10,203.73,206.06,203.1,206.03,1.13
1987-08-11,206.03,208.47,206.03,208.39,1.15
1987-08-12,208.39,208.59,206.8,207.06,-0.64
1987-08-13,207.06,207.61,206.14,206.47,-0.28
1987-08-14,206.47,206.99,205.31,206.47,0.0
1987-08-17,206.47,207.14,205.63,206.83,0.18
1987-08-18,206.83,206.87,203.31,203.9,-1.42
1987-08-19,203.9,205.39,203.35,205.39,0.73
1987-08-20,205.39,208.98,205.37,208.93,1.72
1987-08-21,208.93,210.71,208.89,210.58,0.79
1987-08-24,210.58,210.58,208.78,209.48,-0.52
1987-08-25,209.48,211.56,209.48,210.72,0.59
1987-08-26,210.72,211.91,210.5,211.16,0.21
1987-08-27,211.16,212.17,210.25,210.64,-0.25
1987-08-28,210.64,211.03,208.85,208.85,-0.85
1987-08-31,208.85,209.75,207.66,209.58,0.35
1987-09-01,209.58,210.78,206.88,206.89,-1.28
1987-09-02,206.89,207.36,204.22,205.73,-0.56
1987-09-03,205.73,207.49,203.69,205.02,-0.35
1987-09-04,205.02,205.85,203.92,204.06,-0.47
1987-09-08,204.06,204.11,197.43,199.9,-2.04
1987-09-09,199.9,201.99,199.83,201.6,0.85
1987-09-10,201.6,205.35,201.6,205.17,1.77
1987-09-11,205.17,206.9,204.95,206.37,0.58
1987-09-14,206.37,207.07,204.34,205.16,-0.58
1987-09-15,205.16,205.16,201.68,202.26,-1.42
1987-09-16,202.26,203.44,201.24,201.3,-0.47
1987-09-17,201.3,202.25,200.71,202.06,0.38
1987-09-18,202.06,202.96,201.16,201.68,-0.19
1987-09-21,201.68,202.22,197.24,197.26,-2.19
1987-09-22,197.26,201.46,196.14,201.43,2.11
1987-09-23,201.43,204.14,201.43,204.08,1.31
1987-09-24,204.08,206.18,203.75,204.64,0.28
1987-09-25,204.64,205.66,204.06,205.12,0.23
1987-09-28,205.12,206.86,204.35,204.63,-0.24
1987-09-29,204.63,205.12,203.76,204.15,-0.23
1987-09-30,204.15,205.7,203.68,205.51,0.66
1987-10-01,205.51,209.73,205.51,209.71,2.04
1987-10-02,209.71,212.23,209.71,212.15,1.16
1987-10-05,212.15,213.83,211.41,213.81,0.78
1987-10-06,213.81,214.03,208.07,208.07,-2.68
1987-10-07,208.07,208.07,205.09,206.89,-0.57
1987-10-08,206.89,207.62,202.5,203.63,-1.58
1987-10-09,203.63,205.12,202.14,202.47,-0.57
1987-10-12,202.47,202.47,197.86,199.63,-1.4
1987-10-13,199.63,202.05,199.02,201.23,0.8
1987-10-14,201.23,201.24,196.39,197.5,-1.86
1987-10-15,197.5,197.5,192.85,193.07,-2.24
1987-10-16,193.07,193.55,182.97,183.29,-5.07
1987-10-19,183.29,183.3,155.63,155.65,-15.08
1987-10-20,155.65,156.76,142.38,143.96,-7.51
1987-10-21,143.96,160.28,143.96,158.78,10.29
1987-10-22,158.78,158.78,149.19,149.99,-5.54
1987-10-23,149.99,149.99,145.04,145.42,-3.04
1987-10-26,145.42,145.42,128.21,128.43,-11.69
1987-10-27,128.43,134.94,128.43,129.87,1.12
1987-10-28,129.87,131.95,126.25,131.21,1.04
1987-10-29,131.21,144.31,131.21,143.64,9.47
1987-10-30,143.64,152.11,143.64,150.07,4.48
1987-11-02,150.07,152.51,148.51,152.2,1.42
1987-11-03,152.2,152.2,143.78,147.14,-3.32
1987-11-04,147.14,149.34,143.86,147.95,0.55
1987-11-05,147.95,153.6,147.78,153.03,3.44
1987-11-06,153.03,154.12,150.57,150.68,-1.54
1987-11-09,150.68,150.68,145.35,146.49,-2.78
1987-11-10,146.49,146.49,143.13,143.45,-2.08
1987-11-11,143.45,147.26,143.45,145.48,1.42
1987-11-12,145.48,151.02,145.48,149.85,3.0
1987-11-13,149.85,150.95,147.94,147.95,-1.26
1987-11-16,147.95,150.63,146.73,147.46,-0.33
1987-11-17,147.46,147.46,142.78,143.57,-2.63
1987-11-18,143.57,145.54,142.15,144.84,0.88
1987-11-19,144.84,145.09,140.9,141.06,-2.61
1987-11-20,141.06,141.23,137.71,140.84,-0.16
1987-11-23,140.84,141.84,139.78,141.84,0.71
1987-11-24,141.84,145.86,141.84,144.66,1.99
1987-11-25,144.66,145.26,143.82,145.0,0.23
1987-11-27,145.0,145.0,143.23,143.35,-1.13
1987-11-30,143.35,143.35,133.14,137.13,-4.35
1987-12-01,137.13,139.37,136.54,137.16,0.03
1987-12-02,137.16,138.6,136.16,137.96,0.58
1987-12-03,137.96,138.88,132.87,132.95,-3.63
1987-12-04,132.95,132.95,129.47,130.44,-1.89
1987-12-07,130.44,133.43,130.44,133.15,2.08
1987-12-08,133.15,136.72,133.15,136.69,2.66
1987-12-09,136.69,140.41,136.0,139.76,2.25
1987-12-10,139.64,141.46,135.41,139.01,-0.53
1987-12-11,139.01,140.17,138.83,139.82,0.58
1987-12-14,139.82,146.35,139.82,146.08,4.48
1987-12-15,146.08,148.23,146.08,146.89,0.55
1987-12-16,146.89,151.29,146.22,151.06,2.84
1987-12-17,151.06,152.79,149.84,149.91,-0.76
1987-12-18,149.91,154.84,149.91,154.75,3.23
1987-12-21,154.75,156.18,154.31,156.02,0.82
1987-12-22,156.02,156.06,153.14,155.56,-0.3
1987-12-23,155.56,158.31,155.56,158.06,1.61
1987-12-24,158.06,158.42,157.38,158.19,0.08
1987-12-28,158.19,158.19,151.8,152.78,-3.42
1987-12-29,152.78,154.69,152.57,154.35,1.02
1987-12-30,154.35,157.59,154.35,157.29,1.9
1987-12-31,157.29,157.29,154.96,156.25,-0.66
1988-01-04,156.25,162.1,156.25,161.81,3.56
1988-01-05,161.81,166.37,161.81,164.28,1.53
1988-01-06,164.28,166.75,163.72,166.18,1.15
1988-01-07,166.18,168.71,163.93,168.7,1.52
1988-01-08,168.7,169.14,158.14,158.2,-6.23
1988-01-11,158.2,158.88,155.24,158.88,0.43
1988-01-12,158.88,159.49,152.15,155.73,-1.98
1988-01-13,155.73,157.0,152.81,155.54,-0.12
1988-01-14,155.54,157.43,155.51,156.04,0.32
1988-01-15,156.04,161.38,156.04,159.82,2.43
1988-01-18,159.82,159.88,157.93,159.03,-0.5
1988-01-19,159.03,159.38,156.92,158.01,-0.64
1988-01-20,158.01,158.02,151.79,152.47,-3.51
1988-01-21,152.47,153.8,151.57,152.95,0.32
1988-01-22,152.95,154.99,152.95,154.35,0.92
1988-01-25,154.35,157.85,154.35,157.06,1.75
1988-01-26,157.06,157.07,154.79,155.23,-1.16
1988-01-27,155.23,156.53,154.79,155.43,0.13
1988-01-28,155.43,158.01,155.43,157.66,1.43
1988-01-29,157.66,159.15,157.26,159.13,0.94
1988-02-01,159.13,160.41,158.45,158.62,-0.32
1988-02-02,158.62,159.04,157.51,158.98,0.23
1988-02-03,158.98,159.53,156.13,156.58,-1.51
1988-02-04,156.58,157.72,156.1,157.38,0.51
1988-02-05,157.38,159.26,157.38,158.01,0.4
1988-02-08,158.01,158.4,156.67,157.88,-0.09
1988-02-09,157.88,159.06,157.51,158.93,0.67
1988-02-10,158.93,162.5,158.88,162.24,2.08
1988-02-11,162.24,163.62,161.94,162.96,0.44
1988-02-12,162.96,164.86,162.96,163.94,0.6
1988-02-16,163.94,165.7,163.35,165.54,0.98
1988-02-17,165.54,167.78,165.54,165.81,0.16
1988-02-18,165.81,167.11,165.31,165.75,-0.03
1988-02-19,165.75,167.34,165.36,167.08,0.8
1988-02-22,167.08,170.29,167.08,170.2,1.87
1988-02-23,170.28,171.72,169.99,171.29,0.64
1988-02-24,171.29,173.07,171.09,172.48,0.69
1988-02-25,172.48,174.05,170.7,170.79,-0.98
1988-02-26,170.79,171.04,169.68,170.65,-0.08
1988-02-29,170.65,172.73,170.2,172.64,1.17
1988-03-01,172.64,173.37,171.72,172.64,0.0
1988-03-02,172.64,175.68,172.55,175.12,1.44
1988-03-03,175.12,177.28,175.07,176.5,0.79
1988-03-04,176.5,177.42,174.76,177.39,0.5
1988-03-07,177.39,178.66,176.78,178.47,0.61
1988-03-08,178.47,180.54,178.46,179.63,0.65
1988-03-09,179.63,182.03,179.63,181.24,0.9
1988-03-10,181.24,182.74,178.29,178.44,-1.55
1988-03-11,178.44,178.76,175.69,177.89,-0.31
1988-03-14,177.89,179.22,177.89,179.21,0.74
1988-03-15,179.21,179.32,177.49,178.32,-0.5
1988-03-16,178.32,180.45,177.37,180.42,1.18
1988-03-17,180.42,182.12,180.42,181.24,0.45
1988-03-18,181.24,182.58,180.36,181.04,-0.11
1988-03-21,181.04,181.07,177.72,178.9,-1.18
1988-03-22,178.9,180.26,178.64,180.02,0.62
1988-03-23,180.02,180.61,178.41,179.25,-0.43
1988-03-24,179.25,179.25,174.05,174.77,-2.5
1988-03-25,174.77,175.52,172.51,172.88,-1.08
1988-03-28,172.88,173.15,170.53,172.84,-0.02
1988-03-29,172.84,175.13,172.84,173.67,0.48
1988-03-30,173.67,174.42,171.44,172.13,-0.88
1988-03-31,172.13,173.35,171.09,173.26,0.66
1988-04-04,173.26,173.26,170.87,171.41,-1.07
1988-04-05,171.41,172.97,171.27,172.9,0.87
1988-04-06,172.9,176.6,172.83,176.6,2.14
1988-04-07,176.6,178.22,176.6,177.33,0.41
1988-04-08,177.3,179.56,176.91,178.93,0.9
1988-04-11,179.39,180.21,178.61,179.94,0.56
1988-04-12,180.12,180.65,179.0,180.1,0.09
1988-04-13,180.11,180.91,178.93,180.39,0.16
1988-04-14,180.22,180.22,173.2,173.27,-3.94
1988-04-15,173.17,173.79,170.14,173.14,-0.08
1988-04-18,173.17,173.95,172.06,173.55,0.24
1988-04-19,173.92,177.03,173.92,174.36,0.46
1988-04-20,174.27,174.27,172.61,172.94,-0.81
1988-04-21,173.23,174.66,171.58,172.07,-0.5
1988-04-22,171.89,173.64,171.89,173.32,0.73
1988-04-25,173.38,174.94,173.38,174.4,0.62
1988-04-26,174.48,176.86,174.48,176.75,1.34
1988-04-27,176.74,177.79,176.54,177.21,0.26
1988-04-28,177.28,177.62,176.5,176.73,-0.27
1988-04-29,176.74,176.74,174.77,175.92,-0.46
1988-05-02,175.94,177.04,175.43,176.75,0.47
1988-05-03,176.85,179.63,176.85,179.0,1.27
1988-05-04,179.12,180.11,178.43,178.63,-0.21
1988-05-05,178.53,178.66,177.15,177.68,-0.53
1988-05-06,177.7,178.62,176.95,177.18,-0.28
1988-05-09,177.11,177.11,174.43,174.93,-1.27
1988-05-10,174.81,175.58,173.41,174.32,-0.35
1988-05-11,174.01,174.01,169.83,170.8,-2.02
1988-05-12,170.82,172.03,170.82,171.71,0.53
1988-05-13,171.97,173.96,171.97,173.85,1.25
1988-05-16,174.05,175.2,173.37,174.99,0.66
1988-05-17,175.25,177.36,174.07,174.07,-0.52
1988-05-18,174.07,174.16,169.73,170.29,-2.17
1988-05-19,170.15,170.55,167.52,170.35,0.04
1988-05-20,170.45,171.55,169.65,169.89,-0.27
1988-05-23,169.74,169.8,166.77,167.65,-1.32
1988-05-24,167.8,169.33,167.27,169.21,0.93
1988-05-25,169.23,170.15,168.84,169.01,-0.12
1988-05-26,169.07,170.08,168.7,169.86,0.5
1988-05-27,169.7,169.96,168.96,169.59,-0.16
1988-05-31,169.52,173.45,169.41,173.35,2.22
1988-06-01,173.49,177.26,173.49,176.68,1.92
1988-06-02,176.54,178.1,175.78,176.45,-0.13
1988-06-03,176.67,178.68,176.51,178.01,0.88
1988-06-06,177.93,179.8,177.88,179.75,0.98
1988-06-07,179.59,181.08,179.16,179.77,0.01
1988-06-08,179.87,183.14,179.78,183.02,1.81
1988-06-09,183.02,183.57,181.9,182.78,-0.13
1988-06-10,182.83,185.18,182.33,184.29,0.83
1988-06-13,184.49,185.01,183.77,184.74,0.24
1988-06-14,185.09,187.16,185.09,185.78,0.56
1988-06-15,185.54,186.17,184.46,186.11,0.18
1988-06-16,185.78,185.78,183.83,184.51,-0.86
1988-06-17,184.69,184.97,183.37,183.94,-0.31
1988-06-20,184.0,184.0,182.76,183.2,-0.41
1988-06-21,183.39,184.79,182.78,184.79,0.87
1988-06-22,184.93,187.6,184.93,186.98,1.19
1988-06-23,186.98,187.49,186.33,187.07,0.05
1988-06-24,187.16,187.75,186.64,187.35,0.15
1988-06-27,187.1,187.16,185.05,185.12,-1.19
1988-06-28,185.09,188.31,184.73,188.19,1.66
1988-06-29,188.27,189.17,186.89,187.79,-0.22
1988-06-30,187.73,189.35,187.43,189.03,0.66
1988-07-01,189.23,190.18,188.92,189.96,0.49
1988-07-05,189.95,191.96,188.77,191.91,1.03
1988-07-06,191.83,192.77,190.1,190.43,-0.77
1988-07-07,190.34,190.34,188.05,189.39,-0.55
1988-07-08,189.22,189.3,187.81,188.15,-0.65
1988-07-11,188.42,188.95,187.44,187.69,-0.24
1988-07-12,188.31,188.55,186.2,187.24,-0.24
1988-07-13,187.24,188.56,186.56,188.12,0.47
1988-07-14,188.18,188.97,187.35,188.68,0.3
1988-07-15,188.57,189.33,188.0,188.51,-0.09
1988-07-18,188.59,189.37,187.67,188.8,0.15
1988-07-19,188.53,188.53,184.97,185.78,-1.6
1988-07-20,185.85,186.82,184.69,185.26,-0.28
1988-07-21,184.92,184.92,182.1,182.41,-1.54
1988-07-22,182.38,182.38,180.37,181.86,-0.3
1988-07-25,181.83,182.06,180.62,181.59,-0.15
1988-07-26,181.3,181.3,179.32,179.71,-1.04
1988-07-27,179.74,180.44,176.95,177.37,-1.3
1988-07-28,177.46,178.59,176.38,178.22,0.48
1988-07-29,178.51,181.32,178.51,181.16,1.65
1988-08-01,181.16,182.19,180.69,181.44,0.15
1988-08-02,181.44,182.09,179.65,180.54,-0.5
1988-08-03,180.69,181.32,180.02,181.07,0.3
1988-08-04,181.15,181.99,180.8,181.18,0.06
1988-08-05,181.17,181.17,179.77,179.9,-0.71
1988-08-08,180.04,180.77,179.7,179.82,-0.04
1988-08-09,179.95,180.05,176.18,177.27,-1.42
1988-08-10,177.08,177.11,172.68,172.68,-2.59
1988-08-11,172.97,174.69,172.97,174.64,1.13
1988-08-12,174.52,174.55,173.1,173.75,-0.51
1988-08-15,173.63,173.63,169.97,170.09,-2.11
1988-08-16,170.09,173.63,169.0,172.65,1.51
1988-08-17,172.55,173.93,171.76,172.91,0.15
1988-08-18,172.89,174.56,172.75,173.55,0.37
1988-08-19,173.69,174.29,172.33,172.82,-0.42
1988-08-22,172.73,172.99,169.72,169.9,-1.69
1988-08-23,169.92,170.39,168.85,169.61,-0.17
1988-08-24,169.72,172.16,169.21,171.96,1.39
1988-08-25,171.49,171.52,168.89,170.53,-0.83
1988-08-26,170.29,171.21,170.29,170.98,0.26
1988-08-29,171.14,173.22,171.14,172.77,1.04
1988-08-30,172.85,173.01,171.75,172.37,-0.23
1988-08-31,172.46,173.25,170.42,171.0,-0.79
1988-09-01,170.94,170.94,167.17,168.22,-1.62
1988-09-02,168.73,171.89,168.73,171.47,1.93
1988-09-06,171.61,172.37,170.91,171.94,0.27
1988-09-07,172.15,172.92,170.6,172.1,0.09
1988-09-08,172.07,173.25,170.94,172.97,0.51
1988-09-09,173.08,176.16,171.65,175.48,1.45
1988-09-12,175.64,176.83,175.34,175.6,0.07
1988-09-13,175.1,175.94,174.16,175.87,0.16
1988-09-14,176.55,177.91,176.01,176.98,0.63
1988-09-15,176.99,177.08,175.25,175.42,-0.88
1988-09-16,175.65,176.92,175.17,176.65,0.7
1988-09-19,176.63,176.75,174.71,176.11,-0.3
1988-09-20,175.74,177.07,175.72,176.81,0.39
1988-09-21,176.78,178.03,176.68,177.81,0.57
1988-09-22,177.89,178.67,177.1,178.28,0.26
1988-09-23,178.23,178.23,177.06,177.48,-0.45
1988-09-26,177.55,177.76,175.65,175.87,-0.9
1988-09-27,175.9,176.15,175.31,175.8,-0.04
1988-09-28,175.85,177.22,175.28,177.06,0.71
1988-09-29,177.08,179.13,177.08,178.83,1.0
1988-09-30,178.99,180.31,178.55,179.37,0.3
1988-10-03,179.29,179.29,175.78,176.79,-1.44
1988-10-04,176.74,177.56,175.85,176.29,-0.28
1988-10-05,176.23,176.92,174.95,175.86,-0.24
1988-10-06,175.9,176.88,175.33,176.24,0.21
1988-10-07,175.88,176.2,174.12,176.0,-0.13
1988-10-10,175.98,176.04,173.48,174.94,-0.61
1988-10-11,175.08,175.85,174.07,175.63,0.39
1988-10-12,175.28,175.28,172.81,173.29,-1.33
1988-10-13,173.16,175.22,172.89,174.84,0.89
1988-10-14,175.48,176.78,174.56,175.37,0.31
1988-10-17,175.49,176.09,175.15,175.79,0.24
1988-10-18,176.0,176.99,174.89,176.99,0.69
1988-10-19,177.17,179.24,176.49,176.99,0.0
1988-10-20,177.08,180.53,177.08,180.37,1.91
1988-10-21,180.07,180.41,179.12,179.74,-0.35
1988-10-24,179.8,180.22,178.2,178.41,-0.74
1988-10-25,178.5,178.56,176.85,177.4,-0.57
1988-10-26,177.31,177.45,175.46,176.35,-0.59
1988-10-27,176.03,176.03,172.96,174.28,-1.17
1988-10-28,174.28,175.18,174.0,174.89,0.35
1988-10-31,174.87,175.03,173.15,174.78,-0.06
1988-11-01,174.78,175.62,173.83,174.6,-0.11
1988-11-02,174.6,174.6,172.72,174.02,-0.33
1988-11-03,173.9,174.68,173.42,174.25,0.14
1988-11-04,173.79,174.78,172.74,173.56,-0.4
1988-11-07,173.46,173.46,171.06,171.34,-1.28
1988-11-08,171.62,174.4,171.62,173.75,1.41
1988-11-09,173.61,173.72,172.4,173.5,-0.15
1988-11-10,173.51,174.08,172.55,173.28,-0.13
1988-11-11,173.23,173.23,169.09,169.24,-2.33
1988-11-14,169.42,169.98,167.85,168.96,-0.17
1988-11-15,169.01,169.58,167.98,168.11,-0.5
1988-11-16,168.42,168.5,165.18,165.53,-1.53
1988-11-17,165.66,166.64,165.47,166.21,0.41
1988-11-18,166.15,166.76,165.46,166.53,0.19
1988-11-21,165.39,165.39,162.66,163.82,-1.63
1988-11-22,163.91,164.72,163.28,164.35,0.33
1988-11-23,164.47,167.49,164.47,167.19,1.73
1988-11-25,167.07,167.07,165.12,165.72,-0.88
1988-11-28,165.64,166.46,164.44,166.0,0.17
1988-11-29,166.14,167.3,165.6,167.17,0.71
1988-11-30,167.21,169.49,167.21,169.19,1.21
1988-12-01,169.14,171.82,168.74,171.33,1.27
1988-12-02,171.3,172.64,170.2,171.62,0.17
1988-12-05,172.86,173.96,172.86,172.86,0.72
1988-12-06,172.86,174.02,171.69,174.02,0.67
1988-12-07,174.02,174.25,172.76,172.84,-0.68
1988-12-08,172.84,172.91,171.26,171.89,-0.55
1988-12-09,171.89,172.26,171.22,171.8,-0.05
1988-12-12,171.8,172.62,170.86,171.11,-0.4
1988-12-13,171.09,171.09,169.79,170.26,-0.5
1988-12-14,170.26,171.55,170.06,170.87,0.36
1988-12-15,171.01,172.19,171.01,171.62,0.44
1988-12-16,171.62,174.25,171.55,174.02,1.4
1988-12-19,174.02,175.69,173.76,175.39,0.79
1988-12-20,175.39,176.82,174.94,175.08,-0.18
1988-12-21,175.08,175.53,173.92,174.66,-0.24
1988-12-22,174.66,175.12,173.87,174.76,0.06
1988-12-23,174.76,175.94,174.72,175.61,0.49
1988-12-27,175.61,176.43,174.92,175.22,-0.22
1988-12-28,175.22,175.24,174.13,175.13,-0.05
1988-12-29,175.13,176.99,175.01,176.68,0.89
1988-12-30,176.68,177.86,176.57,177.41,0.41
1989-01-03,177.4,177.4,172.95,174.63,-1.57
1989-01-04,174.93,177.85,174.93,177.56,1.68
1989-01-05,177.56,179.25,177.07,177.49,-0.04
1989-01-06,177.49,178.52,177.28,177.52,0.02
1989-01-09,177.52,178.57,176.9,177.65,0.07
1989-01-10,177.65,177.76,176.36,177.07,-0.33
1989-01-11,177.07,177.83,176.19,177.6,0.3
1989-01-12,177.82,179.45,177.82,179.0,0.79
1989-01-13,179.0,179.42,178.43,179.1,0.06
1989-01-16,179.1,179.84,178.58,179.2,0.06
1989-01-17,179.2,179.2,176.73,177.09,-1.18
1989-01-18,177.09,179.06,176.36,178.65,0.88
1989-01-19,178.65,181.62,178.65,180.57,1.08
1989-01-20,180.57,181.32,179.25,180.32,-0.14
1989-01-23,180.32,180.73,178.07,178.21,-1.17
1989-01-24,178.21,180.55,177.9,180.18,1.11
1989-01-25,180.18,181.88,180.18,181.56,0.77
1989-01-26,181.56,184.11,180.77,184.0,1.34
1989-01-27,184.0,184.59,182.26,183.55,-0.24
1989-01-30,183.55,185.01,183.55,184.79,0.68
1989-01-31,184.79,186.69,183.98,186.47,0.91
1989-02-01,186.47,188.64,186.47,188.37,1.02
1989-02-02,188.37,191.13,188.1,189.87,0.79
1989-02-03,189.87,190.64,188.94,189.98,0.06
1989-02-06,189.98,190.29,188.8,189.47,-0.27
1989-02-07,189.47,193.0,189.22,192.06,1.37
1989-02-08,192.06,192.64,189.88,190.05,-1.04
1989-02-09,190.05,190.48,188.07,188.69,-0.72
1989-02-10,188.69,188.69,185.45,185.71,-1.58
1989-02-13,185.71,186.18,184.61,185.41,-0.16
1989-02-14,185.41,186.94,185.22,185.63,0.12
1989-02-15,185.63,187.44,185.45,187.42,0.96
1989-02-16,187.42,188.35,187.26,187.83,0.22
1989-02-17,187.83,189.44,187.6,188.51,0.36
1989-02-21,188.51,188.86,187.33,188.17,-0.18
1989-02-22,188.17,188.17,184.68,185.76,-1.28
1989-02-23,185.76,186.77,184.33,186.47,0.38
1989-02-24,186.47,186.8,184.35,184.59,-1.01
1989-02-27,184.59,184.63,183.24,183.82,-0.42
1989-02-28,183.82,185.04,183.23,183.79,-0.01
1989-03-01,183.79,185.47,183.34,183.6,-0.1
1989-03-02,183.6,185.55,183.6,185.46,1.01
1989-03-03,185.46,186.16,184.94,185.82,0.19
1989-03-06,185.82,187.58,185.82,187.51,0.91
1989-03-07,187.51,187.53,185.64,186.7,-0.43
1989-03-08,186.7,187.69,185.93,186.26,-0.24
1989-03-09,186.26,186.42,185.11,185.35,-0.49
1989-03-10,185.35,185.66,184.18,185.0,-0.19
1989-03-13,185.0,186.39,184.58,185.88,0.48
1989-03-14,185.88,186.54,185.03,185.36,-0.28
1989-03-15,185.36,186.49,185.08,185.37,0.01
1989-03-16,185.37,187.42,185.14,187.14,0.95
1989-03-17,187.14,187.14,181.79,182.01,-2.74
1989-03-20,182.01,182.01,178.97,179.88,-1.17
1989-03-21,179.88,182.24,179.88,182.04,1.2
1989-03-22,182.04,182.04,180.2,180.59,-0.8
1989-03-23,180.59,181.65,180.03,181.04,0.25
1989-03-27,181.04,181.79,180.36,181.15,0.06
1989-03-28,181.15,182.57,181.15,182.02,0.48
1989-03-29,182.02,183.34,181.67,183.34,0.73
1989-03-30,183.34,184.46,182.32,184.37,0.56
1989-03-31,184.37,186.18,184.37,185.87,0.82
1989-04-03,185.87,186.79,185.66,185.83,-0.02
1989-04-04,185.83,185.91,184.45,185.54,-0.16
1989-04-05,185.54,186.25,184.99,186.09,0.3
1989-04-06,186.09,186.22,185.01,186.2,0.06
1989-04-07,186.2,188.6,186.13,188.4,1.18
1989-04-10,188.4,189.44,188.31,189.28,0.46
1989-04-11,189.28,191.52,189.28,190.91,0.86
1989-04-12,190.91,193.6,190.91,192.53,0.85
1989-04-13,192.53,193.45,191.15,191.83,-0.36
1989-04-14,191.83,194.72,191.83,194.63,1.46
1989-04-17,194.63,195.12,194.08,194.59,-0.02
1989-04-18,194.59,197.28,194.59,196.83,1.15
1989-04-19,196.83,198.72,196.73,198.07,0.63
1989-04-20,198.07,198.5,195.81,197.65,-0.21
1989-04-21,197.65,199.06,197.4,198.86,0.61
1989-04-24,198.86,198.86,197.85,198.32,-0.27
1989-04-25,198.32,199.3,196.82,197.24,-0.54
1989-04-26,197.24,197.76,196.68,197.25,0.01
1989-04-27,197.25,199.81,197.14,199.57,1.18
1989-04-28,199.57,200.5,198.81,200.47,0.45
1989-05-01,200.47,201.1,199.15,200.75,0.14
1989-05-02,200.75,201.63,200.16,200.75,0.0
1989-05-03,200.75,202.05,200.61,201.59,0.42
1989-05-04,201.59,202.99,201.41,202.1,0.25
1989-05-05,202.1,205.26,202.1,203.44,0.67
1989-05-08,203.44,203.96,201.85,203.04,-0.2
1989-05-09,203.04,204.06,201.81,202.69,-0.17
1989-05-10,202.69,203.55,202.38,203.02,0.16
1989-05-11,203.02,204.04,202.77,203.52,0.25
1989-05-12,203.52,207.19,203.52,207.16,1.79
1989-05-15,207.16,209.17,207.0,208.9,0.84
1989-05-16,208.9,209.13,207.44,208.26,-0.31
1989-05-17,208.26,211.3,208.26,210.73,1.19
1989-05-18,210.73,211.48,210.2,211.06,0.16
1989-05-19,211.06,213.13,211.06,212.61,0.73
1989-05-22,212.61,213.7,211.46,212.37,-0.11
1989-05-23,212.37,212.44,210.55,210.63,-0.82
1989-05-24,210.63,212.07,209.71,211.99,0.65
1989-05-25,211.99,213.77,211.88,212.84,0.4
1989-05-26,212.84,214.46,212.64,214.44,0.75
1989-05-30,214.44,215.19,212.39,213.59,-0.39
1989-05-31,213.59,215.07,213.04,214.55,0.45
1989-06-01,214.55,216.2,214.04,215.59,0.49
1989-06-02,215.59,218.11,215.28,217.79,1.02
1989-06-05,217.79,218.15,213.19,213.4,-2.02
1989-06-06,213.4,215.05,212.82,214.4,0.47
1989-06-07,214.4,220.19,214.4,219.88,2.56
1989-06-08,219.88,220.81,219.15,219.39,-0.22
1989-06-09,219.39,219.46,217.86,218.8,-0.27
1989-06-12,218.8,218.8,216.86,218.6,-0.09
1989-06-13,218.6,218.61,215.28,216.55,-0.94
1989-06-14,216.55,217.73,215.75,216.67,0.06
1989-06-15,216.67,216.7,212.65,213.09,-1.65
1989-06-16,213.09,213.09,211.06,212.82,-0.13
1989-06-19,212.82,213.15,210.53,212.29,-0.25
1989-06-20,212.29,213.11,210.98,211.04,-0.59
1989-06-21,211.04,212.51,210.39,210.91,-0.06
1989-06-22,210.91,212.45,210.66,212.22,0.62
1989-06-23,212.22,214.44,212.22,214.26,0.96
1989-06-26,214.26,215.53,213.58,213.62,-0.3
1989-06-27,213.62,215.09,213.62,213.94,0.15
1989-06-28,213.94,213.94,209.99,211.07,-1.34
1989-06-29,211.07,211.07,205.95,206.77,-2.04
1989-06-30,206.77,207.0,201.99,204.59,-1.06
1989-07-03,204.59,205.67,203.61,205.47,0.43
1989-07-05,205.47,206.8,204.61,206.37,0.44
1989-07-06,206.37,207.67,206.37,207.67,0.63
1989-07-07,207.67,210.22,207.47,209.58,0.92
1989-07-10,209.58,210.03,208.7,209.33,-0.12
1989-07-11,209.33,211.14,209.33,209.94,0.29
1989-07-12,209.94,211.18,209.36,210.87,0.44
1989-07-13,210.87,212.25,210.22,211.48,0.29
1989-07-14,211.48,212.9,210.54,212.87,0.65
1989-07-17,212.87,214.15,212.1,213.74,0.41
1989-07-18,213.74,213.74,211.0,211.39,-1.1
1989-07-19,211.39,213.62,211.39,213.61,1.05
1989-07-20,213.61,214.19,211.02,211.1,-1.18
1989-07-21,211.1,211.62,209.89,210.87,-0.11
1989-07-24,210.87,210.87,208.05,208.12,-1.3
1989-07-25,208.12,210.61,207.59,208.02,-0.05
1989-07-26,208.02,209.91,207.52,209.9,0.9
1989-07-27,209.9,213.02,209.9,212.76,1.36
1989-07-28,212.76,213.36,212.07,213.15,0.18
1989-07-31,213.15,214.34,212.08,214.28,0.53
1989-08-01,214.28,215.5,212.51,212.84,-0.67
1989-08-02,212.84,212.94,211.64,212.84,0.0
1989-08-03,212.84,214.95,212.84,214.56,0.81
1989-08-04,214.56,215.73,213.23,215.14,0.27
1989-08-07,215.14,219.02,215.14,218.76,1.68
1989-08-08,218.76,220.09,217.86,219.73,0.44
1989-08-09,219.73,220.42,217.74,217.85,-0.86
1989-08-10,217.85,218.17,216.03,217.42,-0.2
1989-08-11,217.42,219.42,215.69,216.31,-0.51
1989-08-14,216.31,216.31,214.56,214.81,-0.69
1989-08-15,214.81,215.88,214.58,215.87,0.49
1989-08-16,215.87,216.78,214.37,214.87,-0.46
1989-08-17,214.87,216.24,214.34,216.15,0.6
1989-08-18,216.15,217.19,215.96,216.72,0.26
1989-08-21,216.72,217.24,214.14,214.19,-1.17
1989-08-22,214.19,215.4,213.34,215.39,0.56
1989-08-23,215.39,217.83,215.38,217.49,0.98
1989-08-24,217.49,220.56,217.49,220.4,1.34
1989-08-25,220.4,221.42,220.08,220.82,0.19
1989-08-28,220.82,221.51,219.52,221.46,0.29
1989-08-29,221.46,222.1,219.73,220.3,-0.52
1989-08-30,220.3,221.92,220.3,221.4,0.5
1989-08-31,221.4,222.15,221.38,222.01,0.27
1989-09-01,222.01,223.95,222.01,223.52,0.68
1989-09-05,223.52,224.88,223.49,223.58,0.03
1989-09-06,223.58,223.58,220.33,221.67,-0.85
1989-09-07,221.67,223.07,221.08,221.2,-0.21
1989-09-08,221.2,222.92,219.8,222.66,0.66
1989-09-11,222.66,223.71,221.83,222.96,0.14
1989-09-12,222.96,224.93,222.96,224.33,0.61
1989-09-13,224.33,227.33,224.33,224.62,0.13
1989-09-14,224.62,224.79,222.39,222.41,-0.98
1989-09-15,222.41,223.92,221.39,221.96,-0.2
1989-09-18,221.96,222.01,220.62,221.75,-0.09
1989-09-19,221.75,222.69,221.47,221.94,0.08
1989-09-20,221.94,222.77,221.41,222.31,0.17
1989-09-21,222.31,224.44,222.18,222.66,0.16
1989-09-22,222.66,224.21,222.24,223.89,0.55
1989-09-25,223.89,224.98,223.13,223.89,0.0
1989-09-26,223.89,224.78,223.44,223.87,-0.01
1989-09-27,223.87,223.87,220.98,223.81,-0.03
1989-09-28,223.81,226.25,223.81,226.25,1.09
1989-09-29,226.25,227.64,225.81,226.39,0.06
1989-10-02,226.42,228.12,225.64,228.11,0.76
1989-10-03,228.11,229.04,227.85,228.74,0.27
1989-10-04,228.74,231.38,228.74,230.9,0.95
1989-10-05,230.9,232.85,229.78,231.74,0.36
1989-10-06,231.74,234.88,231.74,234.41,1.15
1989-10-09,234.41,236.98,233.22,236.79,1.02
1989-10-10,236.79,238.85,234.98,236.09,-0.3
1989-10-11,236.09,236.09,233.58,235.09,-0.42
1989-10-12,235.09,236.0,234.35,234.55,-0.23
1989-10-13,234.55,235.53,224.52,224.67,-4.21
1989-10-16,224.67,225.03,213.61,224.95,0.12
1989-10-17,224.95,225.87,220.43,224.25,-0.31
1989-10-18,224.25,226.57,222.5,226.53,1.02
1989-10-19,226.53,231.86,226.53,231.53,2.21
1989-10-20,231.53,231.65,229.22,231.05,-0.21
1989-10-23,231.05,231.65,228.22,228.76,-0.99
1989-10-24,228.76,228.76,223.27,226.18,-1.13
1989-10-25,226.18,228.11,225.93,226.12,-0.03
1989-10-26,226.12,226.12,221.99,222.06,-1.8
1989-10-27,222.06,222.69,217.22,218.84,-1.45
1989-10-30,218.84,220.53,217.76,219.08,0.11
1989-10-31,219.08,223.12,219.08,222.62,1.62
1989-11-01,222.62,224.1,222.02,223.31,0.31
1989-11-02,223.31,223.31,218.39,219.45,-1.73
1989-11-03,219.45,220.71,218.62,219.06,-0.18
1989-11-06,219.06,219.26,215.14,215.19,-1.77
1989-11-07,215.19,217.99,214.66,217.65,1.15
1989-11-08,217.65,221.73,217.65,220.37,1.25
1989-11-09,220.37,221.24,219.73,220.65,0.13
1989-11-10,220.65,223.2,220.65,222.53,0.85
1989-11-13,222.53,223.55,221.47,222.76,0.1
1989-11-14,222.76,223.08,220.25,221.37,-0.62
1989-11-15,221.37,222.56,219.63,222.35,0.44
1989-11-16,222.35,222.82,220.68,221.7,-0.29
1989-11-17,221.7,223.23,221.31,222.63,0.42
1989-11-20,222.63,223.92,221.07,223.42,0.35
1989-11-21,223.42,224.0,221.73,222.76,-0.29
1989-11-22,222.76,224.34,222.44,223.63,0.39
1989-11-24,223.63,225.04,223.63,224.84,0.54
1989-11-27,224.84,225.76,223.45,223.65,-0.53
1989-11-28,223.65,224.35,222.89,223.59,-0.03
1989-11-29,223.59,223.59,222.11,223.5,-0.04
1989-11-30,223.5,224.98,222.5,224.45,0.43
1989-12-01,224.45,226.4,224.45,225.32,0.39
1989-12-04,225.32,226.91,224.33,226.72,0.62
1989-12-05,226.72,227.86,226.46,227.31,0.26
1989-12-06,227.31,227.65,224.11,224.16,-1.39
1989-12-07,224.16,225.38,223.77,224.77,0.27
1989-12-08,224.77,225.6,223.58,224.03,-0.33
1989-12-11,224.03,224.03,219.15,220.27,-1.68
1989-12-12,220.27,220.48,217.31,217.81,-1.12
1989-12-13,217.81,219.13,217.33,217.91,0.05
1989-12-14,217.91,217.91,215.02,216.36,-0.71
1989-12-15,216.36,217.46,212.63,214.14,-1.02
1989-12-18,214.14,215.44,209.94,210.85,-1.54
1989-12-19,210.85,211.71,208.69,211.19,0.16
1989-12-20,211.19,213.24,210.93,213.24,0.97
1989-12-21,213.24,216.37,213.24,216.23,1.4
1989-12-22,216.23,219.21,216.23,217.63,0.65
1989-12-26,217.63,218.72,217.19,217.62,0.0
1989-12-27,217.62,221.58,217.62,221.58,1.82
1989-12-28,221.58,221.69,220.36,221.58,0.0
1989-12-29,221.58,223.86,221.55,223.84,1.02
1990-01-02,223.84,227.73,220.44,227.73,1.74
1990-01-03,227.73,228.94,226.1,226.1,-0.71
1990-01-04,226.1,226.18,222.71,224.72,-0.61
1990-01-05,224.72,224.8,222.89,223.14,-0.7
1990-01-08,223.14,223.58,221.64,223.54,0.18
1990-01-09,223.54,224.33,221.08,221.18,-1.06
1990-01-10,221.18,221.18,216.47,216.56,-2.09
1990-01-11,216.56,218.22,213.51,213.51,-1.41
1990-01-12,213.51,213.51,208.41,208.8,-2.21
1990-01-15,208.8,209.34,207.29,207.62,-0.57
1990-01-16,207.62,212.0,204.76,211.92,2.07
1990-01-17,211.92,213.9,210.45,210.61,-0.62
1990-01-18,210.61,210.63,208.31,210.57,-0.02
1990-01-19,210.57,214.89,210.57,213.91,1.59
1990-01-22,213.91,213.91,207.89,208.06,-2.73
1990-01-23,208.06,209.99,206.08,207.48,-0.28
1990-01-24,207.48,209.75,205.75,206.75,-0.35
1990-01-25,206.75,209.83,205.47,205.78,-0.47
1990-01-26,205.78,206.75,201.24,203.25,-1.23
1990-01-29,203.25,204.82,200.12,202.06,-0.59
1990-01-30,202.06,202.06,196.69,197.66,-2.18
1990-01-31,197.66,201.97,197.66,201.94,2.17
1990-02-01,201.94,203.05,200.53,203.05,0.55
1990-02-02,203.05,206.76,202.69,205.62,1.27
1990-02-05,205.62,206.84,205.07,206.49,0.43
1990-02-06,206.49,206.72,203.78,205.08,-0.69
1990-02-07,205.08,207.2,202.91,206.81,0.84
1990-02-08,206.81,209.58,206.81,207.25,0.21
1990-02-09,207.25,208.75,206.92,208.5,0.6
1990-02-12,208.5,208.52,205.95,206.88,-0.77
1990-02-13,206.88,208.0,205.35,207.2,0.15
1990-02-14,207.2,208.54,206.99,208.06,0.42
1990-02-15,208.06,210.11,206.87,209.93,0.9
1990-02-16,209.93,210.44,208.31,208.36,-0.75
1990-02-20,208.36,208.36,203.35,205.07,-1.58
1990-02-21,205.07,205.44,201.82,204.75,-0.15
1990-02-22,204.75,206.86,203.98,204.19,-0.27
1990-02-23,204.19,204.19,200.41,201.8,-1.17
1990-02-26,201.8,204.68,201.4,204.63,1.4
1990-02-27,204.65,206.71,204.65,205.79,0.57
1990-02-28,205.79,208.59,205.6,207.92,1.04
1990-03-01,207.92,210.02,206.53,209.11,0.57
1990-03-02,209.11,211.55,208.91,211.54,1.16
1990-03-05,211.54,212.08,209.35,210.39,-0.54
1990-03-06,210.39,212.51,207.67,210.96,0.27
1990-03-07,210.96,211.87,209.81,210.16,-0.38
1990-03-08,210.16,213.57,209.61,213.11,1.41
1990-03-09,213.11,214.13,212.48,213.82,0.33
1990-03-12,213.82,213.83,211.92,213.53,-0.14
1990-03-13,213.53,214.03,211.49,211.51,-0.94
1990-03-14,211.51,212.85,210.71,212.27,0.36
1990-03-15,212.31,214.13,212.1,213.48,0.57
1990-03-16,214.08,218.8,214.08,217.96,2.1
1990-03-19,217.96,220.14,215.96,219.87,0.88
1990-03-20,219.87,220.11,216.25,216.93,-1.34
1990-03-21,216.93,217.83,215.7,215.85,-0.5
1990-03-22,215.85,216.26,211.23,212.54,-1.53
1990-03-23,212.54,215.39,212.54,214.49,0.92
1990-03-26,214.49,217.28,214.49,216.44,0.91
1990-03-27,216.44,217.95,214.97,217.47,0.48
1990-03-28,217.47,217.47,213.22,214.23,-1.49
1990-03-29,214.23,214.61,212.37,213.11,-0.52
1990-03-30,213.11,214.27,211.71,213.15,0.02
1990-04-02,213.15,213.15,209.9,212.67,-0.22
1990-04-03,212.67,216.81,212.67,216.81,1.95
1990-04-04,216.81,217.73,214.58,215.48,-0.61
1990-04-05,215.48,216.06,213.87,214.06,-0.66
1990-04-06,214.06,214.7,212.02,212.48,-0.74
1990-04-09,212.48,213.15,211.28,212.12,-0.17
1990-04-10,212.12,214.05,211.95,213.23,0.52
1990-04-11,213.23,215.6,213.23,214.53,0.61
1990-04-12,214.53,217.19,214.53,216.05,0.71
1990-04-16,216.05,218.25,216.05,216.93,0.41
1990-04-17,216.88,216.88,214.4,216.5,-0.2
1990-04-18,216.5,217.1,212.81,213.15,-1.55
1990-04-19,213.15,213.15,210.71,210.87,-1.07
1990-04-20,210.87,212.07,207.94,208.62,-1.07
1990-04-23,208.58,208.58,203.77,205.63,-1.43
1990-04-24,205.63,207.85,204.23,204.76,-0.42
1990-04-25,204.76,205.94,204.46,205.58,0.4
1990-04-26,205.58,207.1,204.75,205.79,0.1
1990-04-27,205.79,206.52,203.02,203.67,-1.03
1990-04-30,203.67,206.05,202.97,205.82,1.05
1990-05-01,205.82,207.59,205.82,207.04,0.6
1990-05-02,207.04,208.69,207.04,208.5,0.71
1990-05-03,208.58,211.27,208.58,210.09,0.76
1990-05-04,210.09,212.73,209.9,212.71,1.24
1990-05-07,212.71,216.06,212.71,215.03,1.09
1990-05-08,215.03,215.63,214.19,215.17,0.07
1990-05-09,215.17,215.66,214.12,215.43,0.12
1990-05-10,215.43,217.08,214.87,216.81,0.64
1990-05-11,216.81,221.1,216.62,220.89,1.88
1990-05-14,220.92,225.68,220.92,223.86,1.34
1990-05-15,223.86,224.79,222.29,224.49,0.28
1990-05-16,224.49,225.22,222.51,225.13,0.28
1990-05-17,225.13,227.31,225.13,226.64,0.67
1990-05-18,226.64,228.98,225.85,228.51,0.83
1990-05-21,228.51,232.42,228.51,232.22,1.62
1990-05-22,232.22,234.73,230.95,232.85,0.27
1990-05-23,232.85,236.12,232.11,236.06,1.38
1990-05-24,236.06,237.83,235.81,237.04,0.41
1990-05-25,236.99,236.99,232.01,232.2,-2.04
1990-05-29,232.2,235.99,232.02,235.84,1.57
1990-05-30,235.84,237.93,235.24,236.36,0.22
1990-05-31,236.36,237.47,234.78,236.15,-0.09
1990-06-01,236.15,238.67,236.15,237.89,0.73
1990-06-04,237.89,240.26,235.94,240.11,0.94
1990-06-05,240.11,240.97,236.99,237.85,-0.94
1990-06-06,237.85,238.79,236.68,238.06,0.09
1990-06-07,238.06,239.59,235.94,237.39,-0.28
1990-06-08,237.39,237.39,233.16,234.73,-1.12
1990-06-11,234.73,236.97,232.76,236.95,0.95
1990-06-12,236.95,240.21,236.83,240.11,1.33
1990-06-13,240.11,242.85,240.08,242.06,0.81
1990-06-14,242.06,242.12,239.27,240.52,-0.64
1990-06-15,240.52,241.37,239.51,240.79,0.11
1990-06-18,240.79,240.79,236.29,236.71,-1.69
1990-06-19,236.71,237.27,234.94,236.78,0.03
1990-06-20,236.78,238.39,235.72,237.32,0.23
1990-06-21,237.32,238.26,236.09,238.15,0.35
1990-06-22,238.15,239.57,235.69,235.74,-1.01
1990-06-25,235.74,236.54,232.67,232.92,-1.2
1990-06-26,232.92,235.61,232.59,232.94,0.01
1990-06-27,232.94,235.48,231.76,234.95,0.86
1990-06-28,235.26,237.73,235.26,237.42,1.05
1990-06-29,237.49,238.93,237.49,238.46,0.44
1990-07-02,238.46,238.91,237.58,238.42,-0.02
1990-07-03,238.42,238.42,236.83,238.19,-0.1
1990-07-05,238.19,238.19,236.21,237.3,-0.37
1990-07-06,237.3,238.73,235.84,238.47,0.49
1990-07-09,238.47,240.19,238.25,239.6,0.48
1990-07-10,239.6,240.45,238.04,238.66,-0.39
1990-07-11,238.66,240.83,237.19,240.78,0.89
1990-07-12,240.78,243.59,239.93,243.43,1.1
1990-07-13,243.43,246.47,243.13,244.74,0.54
1990-07-16,244.74,246.82,244.25,246.18,0.59
1990-07-17,246.18,246.39,240.94,241.53,-1.89
1990-07-18,241.53,241.53,237.33,238.22,-1.37
1990-07-19,238.22,238.22,233.14,236.4,-0.76
1990-07-20,236.4,237.82,232.14,232.44,-1.68
1990-07-23,232.44,232.44,224.37,227.38,-2.18
1990-07-24,227.38,229.27,222.04,226.49,-0.39
1990-07-25,226.49,229.64,226.49,228.77,1.01
1990-07-26,228.77,229.08,226.11,227.2,-0.68
1990-07-27,227.2,227.2,224.98,225.64,-0.69
1990-07-30,225.64,225.64,221.36,223.92,-0.76
1990-07-31,223.92,224.86,221.93,223.39,-0.24
1990-08-01,223.39,224.63,221.66,223.12,-0.12
1990-08-02,223.1,223.1,217.18,218.97,-1.86
1990-08-03,218.97,218.97,204.62,212.61,-2.91
1990-08-06,212.61,212.61,200.87,201.46,-5.24
1990-08-07,201.46,206.55,201.46,202.66,0.6
1990-08-08,202.66,206.03,202.66,205.58,1.44
1990-08-09,205.58,209.88,205.58,209.13,1.72
1990-08-10,209.13,209.46,204.56,206.23,-1.38
1990-08-13,206.23,207.88,203.21,207.42,0.58
1990-08-14,207.42,209.34,206.83,208.3,0.42
1990-08-15,208.3,210.87,207.98,208.47,0.08
1990-08-16,208.47,208.47,202.18,202.19,-3.01
1990-08-17,202.19,202.19,194.03,196.85,-2.64
1990-08-20,196.85,197.93,192.7,193.1,-1.9
1990-08-21,193.1,193.1,184.11,188.26,-2.51
1990-08-22,188.26,191.34,185.0,185.02,-1.72
1990-08-23,185.02,185.02,177.06,178.3,-3.63
1990-08-24,178.3,185.06,178.3,184.97,3.74
1990-08-27,184.97,194.88,184.97,193.98,4.87
1990-08-28,193.98,195.99,193.04,194.91,0.48
1990-08-29,194.91,194.91,192.23,192.91,-1.03
1990-08-30,192.91,194.2,190.57,190.73,-1.13
1990-08-31,190.73,193.7,189.3,193.62,1.52
1990-09-04,193.62,194.87,191.32,194.75,0.58
1990-09-05,194.75,195.88,193.26,193.82,-0.48
1990-09-06,193.82,193.82,189.57,190.67,-1.62
1990-09-07,190.67,192.51,188.26,191.8,0.59
1990-09-10,191.8,195.87,191.8,192.65,0.44
1990-09-11,192.65,192.84,189.54,190.97,-0.87
1990-09-12,190.97,192.78,190.06,192.36,0.73
1990-09-13,192.36,193.73,189.17,189.72,-1.37
1990-09-14,189.72,189.8,187.52,189.52,-0.11
1990-09-17,189.52,190.42,187.96,189.61,0.04
1990-09-18,189.61,189.61,186.75,189.43,-0.09
1990-09-19,189.43,190.91,188.49,188.78,-0.35
1990-09-20,188.78,188.78,183.68,183.98,-2.54
1990-09-21,183.98,184.87,181.4,183.2,-0.42
1990-09-24,183.2,183.2,176.28,177.61,-3.05
1990-09-25,177.61,180.72,177.4,180.71,1.75
1990-09-26,180.71,180.94,177.59,179.46,-0.69
1990-09-27,179.46,181.64,173.06,174.19,-2.93
1990-09-28,174.19,177.09,169.33,177.06,1.64
1990-10-01,177.06,184.95,177.06,184.74,4.34
1990-10-02,184.75,189.06,184.75,184.92,0.1
1990-10-03,184.92,184.92,180.04,180.51,-2.39
1990-10-04,180.51,180.63,177.91,179.5,-0.56
1990-10-05,179.5,180.68,174.64,178.37,-0.63
1990-10-08,178.37,180.79,178.37,179.57,0.67
1990-10-09,179.57,179.57,173.05,173.63,-3.31
1990-10-10,173.63,173.63,169.2,169.47,-2.4
1990-10-11,169.47,170.31,163.6,165.2,-2.52
1990-10-12,165.2,167.64,162.55,166.72,0.92
1990-10-15,166.72,169.54,165.13,169.35,1.58
1990-10-16,169.35,169.74,164.97,165.49,-2.28
1990-10-17,165.49,168.48,164.22,167.27,1.08
1990-10-18,167.27,172.58,167.22,172.38,3.05
1990-10-19,172.38,176.2,172.38,174.62,1.3
1990-10-22,174.62,179.61,173.77,178.57,2.26
1990-10-23,178.57,180.13,177.35,178.4,-0.09
1990-10-24,178.4,178.61,176.13,178.47,0.04
1990-10-25,178.47,179.59,175.64,177.34,-0.63
1990-10-26,177.34,177.34,173.95,174.21,-1.76
1990-10-29,174.21,175.18,171.18,171.76,-1.41
1990-10-30,171.76,173.17,169.79,173.0,0.72
1990-10-31,173.0,174.56,171.95,172.56,-0.25
1990-11-01,172.56,173.23,170.88,172.89,0.19
1990-11-02,172.89,177.18,172.69,176.87,2.3
1990-11-05,176.87,180.7,176.87,180.46,2.03
1990-11-06,180.46,182.58,179.8,180.26,-0.11
1990-11-07,180.26,180.26,176.61,177.08,-1.76
1990-11-08,177.08,179.14,176.2,177.71,0.35
1990-11-09,177.71,182.24,177.71,182.24,2.55
1990-11-12,182.24,188.88,182.24,188.67,3.53
1990-11-13,188.67,190.85,187.8,189.88,0.64
1990-11-14,189.88,192.67,189.14,192.45,1.36
1990-11-15,192.45,192.45,188.63,189.55,-1.51
1990-11-16,189.55,189.55,183.16,184.96,-2.42
1990-11-19,184.96,187.5,184.96,187.04,1.12
1990-11-20,187.04,187.55,183.07,183.32,-1.99
1990-11-21,183.32,184.2,182.36,183.94,0.34
1990-11-23,183.94,185.26,183.87,184.28,0.19
1990-11-26,184.28,185.22,181.8,185.12,0.46
1990-11-27,185.12,189.35,185.12,189.18,2.19
1990-11-28,189.18,191.68,189.18,189.7,0.27
1990-11-29,189.7,191.17,188.3,191.11,0.75
1990-11-30,191.11,193.06,188.99,192.58,0.77
1990-12-03,192.66,195.46,192.66,194.53,1.01
1990-12-04,194.53,195.78,192.97,195.61,0.56
1990-12-05,195.61,199.33,194.9,199.03,1.75
1990-12-06,199.03,203.49,198.42,199.49,0.23
1990-12-07,199.49,199.72,197.08,199.35,-0.07
1990-12-10,199.35,199.71,197.75,199.44,0.05
1990-12-11,199.44,199.44,196.19,196.56,-1.45
1990-12-12,196.56,198.03,194.99,198.03,0.75
1990-12-13,198.03,198.59,197.02,198.03,0.0
1990-12-14,198.03,198.05,194.72,196.14,-0.96
1990-12-17,196.14,196.14,193.38,195.06,-0.55
1990-12-18,195.06,199.47,195.06,199.24,2.15
1990-12-19,199.27,200.79,198.93,200.42,0.59
1990-12-20,200.42,202.2,197.74,201.52,0.55
1990-12-21,201.52,203.02,200.89,202.76,0.62
1990-12-24,202.76,202.76,200.69,201.22,-0.76
1990-12-26,201.22,202.26,200.12,200.57,-0.32
1990-12-27,200.57,201.17,198.62,199.16,-0.7
1990-12-28,199.16,199.58,198.04,199.42,0.13
1990-12-31,199.42,200.53,198.39,200.53,0.56
1991-01-02,200.53,200.8,199.04,199.77,-0.38
1991-01-03,199.77,199.8,196.16,196.4,-1.69
1991-01-04,196.4,198.08,195.67,196.83,0.22
1991-01-07,196.83,196.83,192.22,192.35,-2.27
1991-01-08,192.35,193.16,190.9,192.09,-0.14
1991-01-09,192.09,197.44,191.17,191.69,-0.21
1991-01-10,191.69,196.35,191.69,196.08,2.29
1991-01-11,196.08,196.42,194.58,196.2,0.06
1991-01-14,196.2,196.2,191.55,193.77,-1.24
1991-01-15,193.77,195.58,192.71,195.34,0.81
1991-01-16,195.34,203.07,195.34,202.96,3.9
1991-01-17,202.96,213.72,202.96,209.26,3.11
1991-01-18,209.26,211.63,205.61,211.5,1.07
1991-01-21,211.5,214.82,208.98,214.37,1.36
1991-01-22,214.37,214.86,211.56,211.98,-1.11
1991-01-23,211.98,216.11,210.74,215.83,1.82
1991-01-24,215.83,220.64,215.83,219.79,1.83
1991-01-25,219.79,222.08,219.0,221.02,0.56
1991-01-28,221.02,223.5,220.04,222.24,0.55
1991-01-29,222.24,224.57,221.04,224.47,1.0
1991-01-30,224.47,229.29,223.68,229.28,2.14
1991-01-31,229.28,232.68,228.76,232.43,1.37
1991-02-01,232.43,236.02,231.28,234.45,0.87
1991-02-04,234.45,237.4,233.13,236.87,1.03
1991-02-05,236.87,241.73,236.29,241.57,1.98
1991-02-06,241.57,247.5,240.31,247.06,2.27
1991-02-07,247.06,249.3,241.59,243.43,-1.47
1991-02-08,243.43,245.12,241.54,244.48,0.43
1991-02-11,244.48,249.54,244.48,249.31,1.98
1991-02-12,249.31,250.46,247.5,248.2,-0.44
1991-02-13,248.2,250.38,246.58,250.34,0.86
1991-02-14,250.34,251.72,244.47,245.59,-1.9
1991-02-15,245.59,249.25,245.59,248.34,1.12
1991-02-19,248.34,251.07,247.54,250.82,1.0
1991-02-20,250.05,250.05,247.3,247.76,-1.22
1991-02-21,247.76,249.18,246.65,246.86,-0.37
1991-02-22,246.86,252.85,246.72,248.64,0.72
1991-02-25,248.64,252.54,248.41,250.04,0.57
1991-02-26,250.04,250.04,246.38,247.81,-0.89
1991-02-27,247.81,250.06,246.68,249.72,0.77
1991-02-28,249.72,251.35,248.12,250.12,0.16
1991-03-01,250.12,252.87,247.8,252.39,0.91
1991-03-04,252.39,253.93,251.22,253.38,0.39
1991-03-05,253.38,262.98,253.38,262.18,3.47
1991-03-06,262.19,267.39,262.19,263.15,0.37
1991-03-07,263.15,265.45,261.5,264.57,0.54
1991-03-08,264.57,267.46,262.81,262.86,-0.64
1991-03-11,262.86,262.86,254.75,255.18,-2.92
1991-03-12,255.18,255.18,250.32,250.67,-1.77
1991-03-13,250.67,257.34,250.67,257.07,2.55
1991-03-14,257.07,260.19,254.61,255.8,-0.5
1991-03-15,255.8,256.65,252.57,254.63,-0.46
1991-03-18,254.63,256.95,252.84,255.63,0.39
1991-03-19,255.63,255.63,249.7,253.85,-0.69
1991-03-20,253.85,256.35,252.98,256.09,0.88
1991-03-21,256.09,258.52,252.04,252.97,-1.22
1991-03-22,252.97,253.57,251.31,252.27,-0.28
1991-03-25,252.27,256.9,252.23,255.78,1.39
1991-03-26,255.78,264.83,255.78,264.67,3.48
1991-03-27,264.67,267.93,264.67,266.56,0.71
1991-03-28,266.56,267.54,264.85,264.9,-0.62
1991-04-01,264.9,265.1,262.73,264.6,-0.12
1991-04-02,264.6,273.89,264.6,273.85,3.5
1991-04-03,273.85,277.01,273.85,275.15,0.47
1991-04-04,275.15,279.64,274.28,277.29,0.78
1991-04-05,277.29,278.93,273.9,275.44,-0.67
1991-04-08,275.44,276.01,273.96,275.65,0.08
1991-04-09,275.65,277.46,272.42,272.94,-0.99
1991-04-10,272.94,274.63,269.51,271.07,-0.69
1991-04-11,271.07,278.83,271.07,278.45,2.72
1991-04-12,278.45,280.26,275.86,279.21,0.27
1991-04-15,279.21,279.21,274.64,278.29,-0.33
1991-04-16,278.29,282.23,277.57,282.03,1.34
1991-04-17,282.03,286.05,282.03,283.39,0.48
1991-04-18,283.39,283.43,277.74,277.78,-1.98
1991-04-19,277.78,277.78,273.36,274.01,-1.36
1991-04-22,274.01,274.01,268.9,271.33,-0.98
1991-04-23,271.33,274.62,270.55,272.15,0.3
1991-04-24,272.15,275.2,271.76,274.54,0.88
1991-04-25,274.54,275.05,271.77,271.96,-0.94
1991-04-26,271.96,271.96,268.63,271.3,-0.24
1991-04-29,271.3,272.74,266.04,266.15,-1.9
1991-04-30,266.15,266.21,259.35,263.65,-0.94
1991-05-01,263.65,264.25,259.69,264.22,0.21
1991-05-02,264.22,268.2,264.22,266.52,0.87
1991-05-03,266.52,267.26,265.0,267.11,0.22
1991-05-06,267.11,267.4,265.16,267.33,0.08
1991-05-07,267.33,269.74,265.99,266.25,-0.41
1991-05-08,266.25,268.05,265.02,267.17,0.35
1991-05-09,267.17,271.89,267.17,271.24,1.53
1991-05-10,271.24,273.6,268.11,268.71,-0.93
1991-05-13,268.71,270.64,267.15,268.99,0.1
1991-05-14,268.99,268.99,264.86,266.09,-1.08
1991-05-15,266.09,266.09,256.55,258.11,-3.0
1991-05-16,258.11,261.98,258.11,260.7,1.0
1991-05-17,260.7,260.9,258.15,260.46,-0.09
1991-05-20,260.46,261.26,257.83,258.62,-0.71
1991-05-21,258.62,262.47,258.62,261.26,1.02
1991-05-22,261.26,266.55,261.26,265.69,1.7
1991-05-23,265.69,267.94,265.69,267.18,0.56
1991-05-24,267.18,270.02,267.18,269.51,0.87
1991-05-28,269.51,273.44,269.51,273.38,1.44
1991-05-29,273.38,275.68,272.86,274.36,0.36
1991-05-30,274.36,278.12,273.61,277.24,1.05
1991-05-31,277.24,279.0,275.32,279.0,0.63
1991-06-03,279.0,281.42,277.04,280.94,0.69
1991-06-04,280.94,281.32,278.63,281.13,0.07
1991-06-05,281.13,281.13,276.86,277.37,-1.34
1991-06-06,277.37,277.88,273.87,274.21,-1.14
1991-06-07,274.21,274.21,268.81,270.57,-1.33
1991-06-10,270.57,271.63,268.12,268.38,-0.81
1991-06-11,268.38,271.01,268.19,269.26,0.33
1991-06-12,269.26,269.26,263.24,265.29,-1.47
1991-06-13,265.29,266.56,263.86,264.79,-0.19
1991-06-14,264.79,268.46,264.79,267.8,1.14
1991-06-17,267.8,269.8,267.18,267.57,-0.09
1991-06-18,267.57,268.46,264.77,265.48,-0.78
1991-06-19,265.48,265.48,260.02,260.27,-1.96
1991-06-20,260.27,261.2,257.9,260.56,0.11
1991-06-21,260.56,261.97,259.49,260.28,-0.11
1991-06-24,260.28,260.28,250.74,250.89,-3.61
1991-06-25,250.89,254.37,250.46,251.0,0.04
1991-06-26,251.0,253.15,249.79,252.45,0.58
1991-06-27,252.45,255.58,252.45,255.26,1.11
1991-06-28,255.26,256.01,251.11,254.2,-0.42
1991-07-01,254.2,259.93,254.2,259.12,1.94
1991-07-02,259.12,259.12,255.89,256.09,-1.17
1991-07-03,256.09,256.09,251.21,252.43,-1.43
1991-07-05,252.43,253.58,251.35,251.98,-0.18
1991-07-08,251.98,259.08,250.0,258.93,2.76
1991-07-09,258.93,262.88,258.93,260.68,0.68
1991-07-10,260.68,265.47,260.68,263.33,1.01
1991-07-11,263.33,264.15,262.08,263.84,0.2
1991-07-12,263.84,267.73,263.1,267.44,1.36
1991-07-15,267.44,269.27,266.85,268.9,0.55
1991-07-16,268.9,269.78,264.48,264.48,-1.65
1991-07-17,264.48,264.48,261.73,263.38,-0.41
1991-07-18,263.38,266.94,263.38,266.24,1.08
1991-07-19,266.24,268.05,265.79,266.93,0.26
1991-07-22,266.93,266.93,263.57,264.34,-0.97
1991-07-23,264.34,265.33,259.3,259.32,-1.9
1991-07-24,259.32,260.51,257.85,257.86,-0.56
1991-07-25,257.86,261.59,257.86,261.2,1.3
1991-07-26,261.2,264.77,261.2,264.22,1.16
1991-07-29,264.22,264.77,262.08,264.63,0.15
1991-07-30,264.63,269.36,264.63,269.32,1.77
1991-07-31,269.32,272.35,269.06,272.15,1.05
1991-08-01,272.15,274.77,271.62,274.24,0.77
1991-08-02,274.24,277.22,274.24,275.47,0.45
1991-08-05,275.47,275.47,272.12,272.16,-1.2
1991-08-06,272.16,275.0,271.52,274.74,0.95
1991-08-07,274.74,276.86,274.68,276.54,0.66
1991-08-08,276.54,279.77,276.54,278.76,0.8
1991-08-09,278.76,280.14,277.23,278.15,-0.22
1991-08-12,278.15,280.9,277.07,280.25,0.75
1991-08-13,280.25,283.73,280.25,282.47,0.79
1991-08-14,282.47,284.79,282.47,284.73,0.8
1991-08-15,284.73,285.23,281.56,281.81,-1.02
1991-08-16,281.81,282.48,277.71,279.51,-0.82
1991-08-19,279.51,279.51,263.55,271.96,-2.7
1991-08-20,271.96,275.94,271.96,274.2,0.82
1991-08-21,274.2,286.07,274.2,286.07,4.33
1991-08-22,286.07,286.68,283.46,284.56,-0.53
1991-08-23,284.56,287.71,282.61,286.77,0.78
1991-08-26,286.77,286.77,284.69,286.7,-0.03
1991-08-27,286.7,287.38,284.27,286.77,0.03
1991-08-28,286.77,290.36,286.34,289.88,1.08
1991-08-29,289.88,290.92,287.74,288.59,-0.44
1991-08-30,288.59,289.02,286.05,287.4,-0.41
1991-09-03,287.4,287.89,284.12,284.33,-1.07
1991-09-04,284.33,285.41,280.69,281.82,-0.88
1991-09-05,281.82,282.98,280.36,280.74,-0.38
1991-09-06,280.74,282.07,279.73,279.96,-0.27
1991-09-09,279.96,281.58,279.3,281.34,0.49
1991-09-10,281.34,282.13,276.35,276.39,-1.76
1991-09-11,276.39,280.33,276.33,279.65,1.18
1991-09-12,279.65,285.57,279.65,285.55,2.11
1991-09-13,285.55,285.9,278.77,279.5,-2.12
1991-09-16,279.5,279.9,276.71,278.58,-0.33
1991-09-17,278.58,279.12,276.46,278.09,-0.17
1991-09-18,278.09,281.64,276.39,281.04,1.06
1991-09-19,281.04,285.48,281.04,283.51,0.88
1991-09-20,283.51,288.09,283.51,286.64,1.1
1991-09-23,286.64,286.64,283.65,284.87,-0.62
1991-09-24,284.87,287.56,283.83,287.35,0.87
1991-09-25,287.35,289.65,286.87,288.99,0.57
1991-09-26,288.99,289.48,286.15,287.92,-0.37
1991-09-27,287.92,290.44,284.8,285.94,-0.69
1991-09-30,285.94,287.67,284.14,287.54,0.56
1991-10-01,287.54,289.15,286.46,288.37,0.29
1991-10-02,288.37,288.77,284.96,285.06,-1.15
1991-10-03,285.06,285.06,279.87,280.41,-1.63
1991-10-04,280.41,283.05,279.75,280.52,0.04
1991-10-07,280.52,280.52,278.11,278.9,-0.58
1991-10-08,278.9,280.05,277.35,280.02,0.41
1991-10-09,280.02,280.21,276.51,276.51,-1.26
1991-10-10,276.51,280.02,276.51,279.12,0.94
1991-10-11,279.12,282.06,279.12,281.5,0.85
1991-10-14,281.5,287.2,281.5,287.17,2.01
1991-10-15,287.17,293.31,287.17,293.31,2.14
1991-10-16,293.31,297.77,293.07,297.65,1.48
1991-10-17,297.65,297.65,291.45,292.46,-1.74
1991-10-18,292.46,294.64,292.46,293.11,0.22
1991-10-21,293.11,293.32,290.2,290.86,-0.77
1991-10-22,290.86,293.7,290.74,290.79,-0.03
1991-10-23,290.79,291.86,288.19,289.35,-0.5
1991-10-24,289.35,289.39,284.09,285.65,-1.28
1991-10-25,285.65,285.65,282.57,282.94,-0.95
1991-10-28,282.94,286.43,282.94,286.38,1.21
1991-10-29,286.38,290.08,285.98,290.08,1.3
1991-10-30,290.08,295.54,290.08,294.72,1.6
1991-10-31,294.72,295.05,291.36,292.51,-0.75
1991-11-01,292.51,293.02,288.65,290.01,-0.85
1991-11-04,290.01,290.01,286.4,286.94,-1.06
1991-11-05,286.94,290.4,286.42,289.05,0.74
1991-11-06,289.05,290.78,287.83,289.43,0.13
1991-11-07,289.43,293.25,289.43,292.88,1.19
1991-11-08,292.88,296.47,292.83,295.55,0.91
1991-11-11,295.55,298.54,295.55,297.85,0.78
1991-11-12,297.85,302.44,297.85,301.96,1.38
1991-11-13,301.96,303.11,298.52,302.83,0.29
1991-11-14,302.83,304.55,299.79,301.05,-0.59
1991-11-15,301.05,301.05,284.46,284.52,-5.49
1991-11-18,284.52,289.21,282.34,288.59,1.43
1991-11-19,288.59,288.59,277.9,284.39,-1.46
1991-11-20,284.39,287.62,283.89,285.21,0.29
1991-11-21,285.21,288.77,284.99,288.61,1.19
1991-11-22,288.61,289.37,283.61,286.32,-0.79
1991-11-25,286.32,286.9,282.99,283.02,-1.15
1991-11-26,283.02,285.33,279.22,284.13,0.39
1991-11-27,284.13,285.45,283.52,285.23,0.39
1991-11-29,285.23,285.9,283.53,284.79,-0.15
1991-12-02,284.79,293.94,281.1,293.93,3.21
1991-12-03,293.93,294.8,292.37,293.95,0.01
1991-12-04,293.95,295.92,292.89,295.11,0.4
1991-12-05,295.11,297.11,293.07,294.33,-0.26
1991-12-06,294.33,297.94,292.3,296.14,0.61
1991-12-09,296.14,299.31,295.23,295.77,-0.12
1991-12-10,295.77,296.99,293.37,296.33,0.19
1991-12-11,296.33,299.42,292.44,294.84,-0.5
1991-12-12,294.84,298.23,294.84,297.98,1.06
1991-12-13,297.98,302.14,297.98,301.33,1.13
1991-12-16,301.33,303.46,300.15,303.02,0.56
1991-12-17,303.02,303.09,298.81,298.89,-1.36
1991-12-18,298.89,300.11,297.1,299.61,0.24
1991-12-19,299.61,299.61,294.14,294.53,-1.7
1991-12-20,294.53,299.41,294.53,295.82,0.44
1991-12-23,295.82,303.44,295.4,303.3,2.53
1991-12-24,303.3,309.41,303.3,307.08,1.25
1991-12-26,307.08,314.58,307.08,313.68,2.15
1991-12-27,313.68,318.44,313.68,316.77,0.99
1991-12-30,316.77,326.74,316.77,326.74,3.14
1991-12-31,326.74,332.58,325.31,330.86,1.26
1992-01-02,330.86,333.37,322.56,333.37,0.76
1992-01-03,333.37,335.34,331.39,334.83,0.44
1992-01-06,334.83,337.87,334.22,336.9,0.62
1992-01-07,336.9,340.04,333.39,339.65,0.82
1992-01-08,339.65,345.99,336.6,344.29,1.37
1992-01-09,344.29,352.2,344.29,350.32,1.75
1992-01-10,350.32,350.32,342.61,347.11,-0.92
1992-01-13,347.11,348.66,344.02,348.27,0.33
1992-01-14,348.27,352.65,347.24,352.59,1.24
1992-01-15,352.59,356.29,350.7,355.6,0.85
1992-01-16,355.6,357.7,351.92,351.92,-1.03
1992-01-17,351.92,354.35,349.59,349.73,-0.62
1992-01-20,349.73,349.88,341.56,341.81,-2.26
1992-01-21,331.06,331.06,328.04,328.04,-4.03
1992-01-22,331.92,346.33,331.92,346.32,5.57
1992-01-23,346.32,350.66,343.72,346.08,-0.07
1992-01-24,346.08,347.81,343.45,345.46,-0.18
1992-01-27,345.46,345.71,340.48,340.48,-1.44
1992-01-28,340.48,342.83,337.95,340.85,0.11
1992-01-29,340.85,346.51,337.24,337.29,-1.04
1992-01-30,337.29,341.29,336.06,338.39,0.32
1992-01-31,341.2,341.45,337.83,338.32,-0.02
1992-02-03,338.32,342.14,336.92,341.38,0.91
1992-02-04,341.38,347.42,341.38,346.92,1.62
1992-02-05,346.92,351.9,346.92,350.86,1.14
1992-02-06,350.86,352.93,347.77,349.07,-0.51
1992-02-07,349.07,351.13,344.08,346.81,-0.65
1992-02-10,346.81,346.81,343.28,345.24,-0.45
1992-02-11,345.24,346.25,342.63,344.41,-0.24
1992-02-12,344.41,355.98,343.48,355.98,3.36
1992-02-13,355.98,356.28,349.33,349.81,-1.73
1992-02-14,349.81,349.81,346.2,346.7,-0.89
1992-02-18,346.7,347.18,338.55,338.55,-2.35
1992-02-19,338.55,338.6,333.77,338.06,-0.14
1992-02-20,338.06,346.03,338.06,345.34,2.15
1992-02-21,345.34,346.66,340.9,342.39,-0.85
1992-02-24,342.39,343.49,337.75,338.97,-1.0
1992-02-25,338.97,339.36,332.98,338.33,-0.19
1992-02-26,338.33,348.03,338.33,347.81,2.8
1992-02-27,347.81,350.89,347.28,347.39,-0.12
1992-02-28,347.39,349.31,343.73,345.88,-0.43
1992-03-02,345.88,347.48,343.86,346.64,0.22
1992-03-03,346.64,348.4,345.46,345.71,-0.27
1992-03-04,345.71,346.36,341.61,341.61,-1.18
1992-03-05,341.61,341.61,335.91,337.52,-1.2
1992-03-06,337.52,338.27,331.1,333.0,-1.34
1992-03-09,333.0,335.26,333.0,333.32,0.09
1992-03-10,333.32,340.79,333.32,340.32,2.1
1992-03-11,340.32,340.4,334.47,335.05,-1.55
1992-03-12,335.05,335.63,331.03,334.83,-0.06
1992-03-13,334.83,338.58,334.83,336.47,0.49
1992-03-16,336.47,338.58,334.63,338.28,0.54
1992-03-17,338.28,343.37,338.28,342.92,1.37
1992-03-18,342.92,345.0,342.48,342.63,-0.09
1992-03-19,342.63,344.79,342.37,342.55,-0.02
1992-03-20,342.55,343.07,340.07,340.87,-0.49
1992-03-23,340.87,341.17,338.97,339.04,-0.54
1992-03-24,339.04,341.26,335.24,336.94,-0.62
1992-03-25,336.94,338.59,334.96,337.66,0.21
1992-03-26,337.66,339.77,332.44,333.3,-1.29
1992-03-27,333.3,333.3,321.77,324.22,-2.72
1992-03-30,324.22,326.65,321.75,322.35,-0.58
1992-03-31,322.35,326.31,320.15,323.05,0.22
1992-04-01,323.05,324.3,318.79,323.92,0.27
1992-04-02,323.92,324.82,317.3,317.67,-1.93
1992-04-03,317.67,319.03,314.53,316.39,-0.4
1992-04-06,316.39,324.98,316.39,324.55,2.58
1992-04-07,324.55,326.23,312.76,312.96,-3.57
1992-04-08,312.96,312.96,304.71,310.85,-0.67
1992-04-09,310.85,319.79,310.85,319.54,2.79
1992-04-10,319.54,322.53,312.67,312.99,-2.05
1992-04-13,312.99,317.15,312.01,317.15,1.33
1992-04-14,317.15,324.95,317.15,320.55,1.07
1992-04-15,320.55,326.79,320.55,326.07,1.72
1992-04-16,326.07,326.1,318.9,319.24,-2.1
1992-04-20,319.24,319.24,305.05,307.88,-3.56
1992-04-21,307.88,309.38,304.24,305.63,-0.73
1992-04-22,305.63,310.6,304.93,309.54,1.28
1992-04-23,309.54,312.07,303.06,307.52,-0.65
1992-04-24,307.52,307.88,303.48,303.82,-1.2
1992-04-27,303.82,305.31,299.33,299.65,-1.37
1992-04-28,299.65,299.74,291.36,294.63,-1.68
1992-04-29,294.63,303.2,294.63,302.98,2.83
1992-04-30,302.98,307.9,302.97,307.86,1.61
1992-05-01,307.86,309.85,304.46,307.48,-0.13
1992-05-04,307.48,312.27,307.48,310.71,1.05
1992-05-05,310.71,315.88,310.45,314.77,1.31
1992-05-06,314.77,317.27,314.39,315.11,0.11
1992-05-07,315.11,315.5,311.77,312.73,-0.76
1992-05-08,312.73,314.17,310.46,311.27,-0.47
1992-05-11,311.27,313.56,311.19,311.9,0.2
1992-05-12,311.9,313.36,308.59,310.04,-0.6
1992-05-13,310.04,310.79,308.44,308.75,-0.42
1992-05-14,308.75,309.05,302.74,304.55,-1.36
1992-05-15,304.55,304.55,300.54,303.02,-0.5
1992-05-18,303.02,306.82,303.02,304.58,0.51
1992-05-19,304.58,306.53,303.33,306.41,0.6
1992-05-20,306.41,309.82,306.4,309.55,1.02
1992-05-21,309.55,309.57,306.47,307.94,-0.52
1992-05-22,307.94,309.86,307.46,308.38,0.14
1992-05-26,308.38,308.9,305.0,305.9,-0.81
1992-05-27,305.9,309.05,305.89,308.08,0.71
1992-05-28,308.08,312.2,306.66,311.98,1.27
1992-05-29,311.98,317.16,311.71,315.3,1.06
1992-06-01,315.3,319.01,312.6,318.98,1.17
1992-06-02,318.98,319.23,316.18,317.24,-0.55
1992-06-03,317.24,318.85,315.56,317.34,0.03
1992-06-04,317.34,317.75,315.77,315.94,-0.44
1992-06-05,315.94,317.02,312.82,313.25,-0.85
1992-06-08,313.25,313.38,309.45,310.23,-0.96
1992-06-09,310.23,310.96,303.22,304.86,-1.73
1992-06-10,304.86,306.1,302.5,302.6,-0.74
1992-06-11,302.6,305.4,301.62,302.58,-0.01
1992-06-12,302.58,306.36,302.58,304.11,0.51
1992-06-15,304.11,306.49,302.49,303.87,-0.08
1992-06-16,303.87,304.43,299.21,299.21,-1.53
1992-06-17,299.21,299.32,292.85,293.4,-1.94
1992-06-18,293.4,296.92,290.85,291.94,-0.5
1992-06-19,291.94,297.08,291.94,296.87,1.69
1992-06-22,296.87,296.87,290.46,295.25,-0.55
1992-06-23,295.25,300.1,295.25,297.45,0.75
1992-06-24,297.45,298.06,295.14,295.29,-0.72
1992-06-25,295.29,296.02,288.48,291.26,-1.37
1992-06-26,291.26,291.26,288.01,290.03,-0.42
1992-06-29,290.03,300.94,290.03,300.8,3.71
1992-06-30,300.8,302.35,299.64,301.23,0.14
1992-07-01,301.23,306.52,300.76,306.03,1.59
1992-07-02,306.03,307.71,299.87,300.88,-1.68
1992-07-06,300.88,302.4,297.46,302.4,0.51
1992-07-07,302.4,303.77,295.78,296.27,-2.03
1992-07-08,296.27,297.68,292.8,297.56,0.44
1992-07-09,297.56,303.4,297.56,302.19,1.56
1992-07-10,302.19,304.18,300.62,302.83,0.21
1992-07-13,302.83,306.06,302.22,304.98,0.71
1992-07-14,304.98,309.52,304.98,309.25,1.4
1992-07-15,309.25,311.64,308.75,309.39,0.05
1992-07-16,309.39,311.28,307.13,311.28,0.61
1992-07-17,311.28,311.28,303.3,305.54,-1.84
1992-07-20,305.54,305.54,297.59,300.45,-1.67
1992-07-21,300.45,306.02,300.45,305.1,1.55
1992-07-22,305.1,305.25,301.05,301.17,-1.29
1992-07-23,301.17,303.15,300.56,302.5,0.44
1992-07-24,302.5,304.52,299.93,303.43,0.31
1992-07-27,303.43,303.43,301.11,301.84,-0.52
1992-07-28,301.84,306.78,301.84,306.76,1.63
1992-07-29,306.76,310.81,306.76,310.11,1.09
1992-07-30,310.11,311.49,308.79,310.94,0.27
1992-07-31,310.94,311.76,308.9,310.9,-0.01
1992-08-03,310.9,313.34,309.57,312.75,0.6
1992-08-04,312.75,313.49,310.39,311.08,-0.54
1992-08-05,311.08,311.08,305.79,306.58,-1.44
1992-08-06,306.58,306.58,302.67,304.56,-0.66
1992-08-07,304.56,307.18,302.27,303.32,-0.41
1992-08-10,303.32,305.29,302.0,304.23,0.3
1992-08-11,304.23,305.65,301.28,302.51,-0.57
1992-08-12,302.51,303.63,300.96,300.96,-0.51
1992-08-13,300.96,302.65,300.82,301.27,0.11
1992-08-14,301.27,302.71,300.96,302.23,0.32
1992-08-17,302.23,302.5,299.9,300.39,-0.61
1992-08-18,300.39,301.29,298.87,300.44,0.02
1992-08-19,300.44,301.75,298.17,298.32,-0.71
1992-08-20,298.32,299.75,297.13,299.43,0.37
1992-08-21,299.43,301.29,293.96,295.69,-1.25
1992-08-24,295.69,295.69,290.39,290.71,-1.68
1992-08-25,290.71,292.92,287.64,292.08,0.47
1992-08-26,292.08,296.82,292.08,296.21,1.41
1992-08-27,296.21,300.85,296.21,299.46,1.1
1992-08-28,299.46,299.94,298.24,299.14,-0.11
1992-08-31,299.14,299.77,297.02,299.26,0.04
1992-09-01,299.26,302.07,298.11,301.97,0.91
1992-09-02,301.97,306.81,301.73,306.57,1.52
1992-09-03,306.57,309.96,306.57,308.17,0.52
1992-09-04,308.17,308.49,305.73,306.4,-0.58
1992-09-08,306.4,306.4,303.79,305.77,-0.2
1992-09-09,305.77,310.28,305.63,309.99,1.38
1992-09-10,309.99,315.0,309.95,314.82,1.56
1992-09-11,314.82,316.98,314.3,315.19,0.12
1992-09-14,315.19,324.69,315.19,324.63,3.0
1992-09-15,324.63,324.63,318.11,319.89,-1.46
1992-09-16,319.89,321.42,315.8,318.45,-0.45
1992-09-17,318.45,321.18,318.24,319.24,0.25
1992-09-18,319.24,320.1,317.18,319.91,0.21
1992-09-21,319.91,319.91,316.99,319.26,-0.2
1992-09-22,319.26,319.48,313.62,314.27,-1.56
1992-09-23,314.27,316.23,312.4,315.82,0.49
1992-09-24,315.82,318.32,315.82,317.54,0.54
1992-09-25,317.54,317.73,307.7,310.23,-2.3
1992-09-28,310.23,310.23,305.58,307.87,-0.76
1992-09-29,307.87,311.18,306.96,310.65,0.9
1992-09-30,310.65,313.46,310.23,313.19,0.82
1992-10-01,313.19,313.19,308.78,309.04,-1.33
1992-10-02,309.04,309.04,303.67,304.39,-1.5
1992-10-05,304.39,304.39,291.96,303.69,-0.23
1992-10-06,303.69,309.04,303.32,307.96,1.41
1992-10-07,307.96,310.69,305.01,305.38,-0.84
1992-10-08,305.38,310.02,305.38,308.35,0.97
1992-10-09,308.35,309.14,304.89,305.63,-0.88
1992-10-12,305.63,309.04,305.63,308.11,0.81
1992-10-13,308.11,311.65,307.83,310.13,0.66
1992-10-14,310.13,311.58,308.38,309.58,-0.18
1992-10-15,309.58,312.56,307.8,312.14,0.82
1992-10-16,312.14,316.96,310.88,316.39,1.36
1992-10-19,316.39,322.95,315.64,322.79,2.02
1992-10-20,322.79,326.69,322.04,323.38,0.18
1992-10-21,323.38,326.27,323.17,326.07,0.83
1992-10-22,326.07,327.46,323.47,326.1,0.01
1992-10-23,326.1,328.18,324.96,325.44,-0.2
1992-10-26,325.44,327.45,323.33,327.17,0.53
1992-10-27,327.17,328.61,321.74,323.93,-0.99
1992-10-28,323.93,327.05,322.2,326.68,0.85
1992-10-29,326.68,332.47,326.68,331.09,1.35
1992-10-30,331.09,331.44,327.08,329.16,-0.58
1992-11-02,329.16,330.57,327.21,330.33,0.36
1992-11-03,330.33,331.04,325.25,325.96,-1.32
1992-11-04,325.96,329.08,324.98,327.76,0.55
1992-11-05,327.76,337.01,327.24,336.49,2.66
1992-11-06,336.49,338.68,334.48,338.15,0.49
1992-11-09,338.15,341.79,336.14,340.59,0.72
1992-11-10,340.59,344.89,339.55,344.39,1.12
1992-11-11,344.39,349.78,344.38,347.86,1.01
1992-11-12,347.86,349.49,345.58,346.8,-0.3
1992-11-13,346.8,348.58,345.16,348.49,0.49
1992-11-16,348.49,348.61,344.29,344.63,-1.11
1992-11-17,344.63,344.63,337.35,338.23,-1.86
1992-11-18,338.23,344.82,337.67,344.31,1.8
1992-11-19,344.31,348.68,344.31,346.76,0.71
1992-11-20,346.76,349.89,346.23,348.81,0.59
1992-11-23,348.81,348.81,341.3,343.44,-1.54
1992-11-24,343.44,350.9,343.44,349.98,1.9
1992-11-25,349.98,350.87,348.6,349.66,-0.09
1992-11-27,349.66,351.05,348.49,349.32,-0.1
1992-11-30,349.32,351.29,348.02,350.96,0.47
1992-12-01,350.96,353.4,348.57,352.67,0.49
1992-12-02,352.67,353.49,350.24,351.57,-0.31
1992-12-03,351.57,355.64,350.12,354.79,0.92
1992-12-04,354.79,359.06,354.43,358.4,1.02
1992-12-07,358.4,361.9,357.47,361.84,0.96
1992-12-08,361.84,363.21,358.98,360.58,-0.35
1992-12-09,360.58,361.41,356.22,357.82,-0.77
1992-12-10,357.82,357.82,351.8,354.56,-0.91
1992-12-11,354.56,354.56,349.81,350.9,-1.03
1992-12-14,350.9,352.28,349.41,349.41,-0.42
1992-12-15,349.41,349.41,344.8,346.95,-0.7
1992-12-16,346.95,351.43,346.38,348.95,0.58
1992-12-17,348.95,357.03,348.95,356.85,2.26
1992-12-18,356.85,359.79,356.63,357.9,0.29
1992-12-21,357.9,359.7,355.99,359.34,0.4
1992-12-22,359.34,360.85,353.28,355.64,-1.03
1992-12-23,355.64,357.81,354.94,356.5,0.24
1992-12-24,356.5,358.05,355.26,357.56,0.3
1992-12-28,357.56,359.26,356.53,359.07,0.42
1992-12-29,359.07,362.78,359.07,359.81,0.21
1992-12-30,359.81,360.94,358.31,359.94,0.03
1992-12-31,359.94,362.21,359.87,360.19,0.07
1993-01-04,360.19,360.42,355.81,356.37,-1.06
1993-01-05,356.37,360.27,355.36,360.24,1.08
1993-01-06,360.24,367.26,360.24,366.97,1.87
1993-01-07,366.97,370.57,363.61,364.02,-0.81
1993-01-08,364.02,365.58,361.45,365.54,0.42
1993-01-11,365.54,371.15,364.53,370.81,1.44
1993-01-12,370.81,371.6,365.14,367.91,-0.78
1993-01-13,367.91,376.45,365.69,375.85,2.16
1993-01-14,375.85,382.46,375.85,381.34,1.46
1993-01-15,381.34,382.79,375.62,379.24,-0.55
1993-01-18,379.24,379.24,375.33,378.76,-0.13
1993-01-19,378.76,380.09,375.66,376.02,-0.72
1993-01-20,376.02,377.92,374.56,375.73,-0.08
1993-01-21,375.73,380.01,373.94,379.34,0.96
1993-01-22,379.34,381.7,377.39,377.82,-0.4
1993-01-25,377.82,383.43,377.57,381.06,0.86
1993-01-26,381.06,384.68,378.45,379.38,-0.44
1993-01-27,379.38,379.38,369.84,372.61,-1.78
1993-01-28,372.61,372.61,368.08,370.67,-0.52
1993-01-29,370.67,372.72,368.95,370.56,-0.03
1993-02-01,370.56,376.06,370.37,375.48,1.33
1993-02-02,375.48,377.59,374.25,377.44,0.52
1993-02-03,377.44,379.26,375.72,376.54,-0.24
1993-02-04,376.54,378.44,371.98,374.25,-0.61
1993-02-05,374.25,374.25,363.99,369.0,-1.4
1993-02-08,369.0,370.37,364.6,365.73,-0.89
1993-02-09,365.73,368.94,362.43,362.95,-0.76
1993-02-10,362.95,368.65,362.95,367.3,1.2
1993-02-11,367.3,369.74,365.77,366.33,-0.27
1993-02-12,366.33,366.6,361.03,361.19,-1.4
1993-02-16,361.19,361.19,343.9,346.89,-3.96
1993-02-17,346.89,348.45,341.49,345.91,-0.28
1993-02-18,345.91,353.41,342.82,348.28,0.69
1993-02-19,348.28,351.18,345.51,347.92,-0.1
1993-02-22,347.92,348.27,340.09,340.35,-2.17
1993-02-23,340.35,342.68,337.15,341.24,0.26
1993-02-24,341.24,350.76,338.64,350.13,2.6
1993-02-25,350.13,351.88,345.7,351.67,0.44
1993-02-26,351.67,353.17,349.25,351.14,-0.15
1993-03-01,351.14,352.97,348.28,349.1,-0.58
1993-03-02,349.1,356.79,348.08,356.21,2.04
1993-03-03,356.21,360.43,355.79,359.96,1.05
1993-03-04,359.96,359.96,352.85,355.53,-1.23
1993-03-05,355.53,358.09,352.71,355.57,0.01
1993-03-08,355.57,360.34,355.12,359.44,1.09
1993-03-09,359.44,361.41,358.58,359.4,-0.01
1993-03-10,359.4,361.68,358.26,361.26,0.52
1993-03-11,361.26,364.66,361.0,361.74,0.13
1993-03-12,361.74,363.09,356.45,362.65,0.25
1993-03-15,362.65,365.06,362.26,364.32,0.46
1993-03-16,364.32,366.54,363.11,363.61,-0.19
1993-03-17,363.61,363.61,354.87,355.66,-2.19
1993-03-18,355.66,358.63,355.33,355.5,-0.04
1993-03-19,355.5,357.92,351.46,351.56,-1.11
1993-03-22,351.55,351.55,346.2,349.42,-0.61
1993-03-23,349.42,353.0,347.81,348.14,-0.37
1993-03-24,348.14,350.04,345.43,348.51,0.11
1993-03-25,348.51,355.03,348.51,354.38,1.68
1993-03-26,354.38,356.41,351.39,352.65,-0.49
1993-03-29,352.65,355.08,351.02,351.41,-0.35
1993-03-30,351.41,357.72,351.41,357.72,1.8
1993-03-31,357.72,363.18,357.72,359.42,0.48
1993-04-01,359.42,360.75,353.48,354.34,-1.41
1993-04-02,354.34,354.34,341.15,341.18,-3.71
1993-04-05,341.18,345.18,339.18,344.71,1.03
1993-04-06,344.71,347.73,340.06,340.56,-1.2
1993-04-07,340.56,345.43,339.52,345.19,1.36
1993-04-08,345.19,345.24,340.45,341.56,-1.05
1993-04-12,341.56,349.73,341.56,349.01,2.18
1993-04-13,349.01,351.83,345.72,345.87,-0.9
1993-04-14,345.87,347.07,343.78,346.49,0.18
1993-04-15,346.49,346.49,343.08,343.9,-0.75
1993-04-16,343.9,345.24,340.39,340.65,-0.94
1993-04-19,340.65,341.39,332.69,337.46,-0.94
1993-04-20,337.46,339.58,334.62,339.06,0.48
1993-04-21,339.06,341.42,336.85,340.2,0.33
1993-04-22,340.2,343.77,337.84,338.48,-0.5
1993-04-23,338.48,338.94,332.81,333.66,-1.42
1993-04-26,333.66,334.45,326.56,327.28,-1.91
1993-04-27,327.28,334.83,327.28,334.6,2.24
1993-04-28,334.6,339.93,334.6,339.66,1.51
1993-04-29,339.66,339.66,334.94,338.98,-0.2
1993-04-30,338.98,344.39,338.98,339.95,0.28
1993-05-03,339.95,345.28,339.95,344.97,1.48
1993-05-04,344.97,353.73,344.97,353.28,2.41
1993-05-05,353.28,357.14,350.87,355.35,0.58
1993-05-06,355.35,356.76,351.01,351.72,-1.02
1993-05-07,351.72,354.26,350.95,353.23,0.43
1993-05-10,353.23,356.53,353.23,354.85,0.46
1993-05-11,354.85,354.85,351.52,353.01,-0.52
1993-05-12,353.01,353.11,350.34,350.96,-0.58
1993-05-13,350.96,350.97,345.69,347.71,-0.93
1993-05-14,347.71,350.05,346.83,349.8,0.6
1993-05-17,349.8,353.11,349.53,352.67,0.82
1993-05-18,352.67,356.12,352.67,356.0,0.94
1993-05-19,356.0,365.21,354.84,364.68,2.44
1993-05-20,364.68,370.89,364.68,370.46,1.58
1993-05-21,370.46,370.46,364.52,366.67,-1.02
1993-05-24,366.67,369.61,363.31,367.09,0.11
1993-05-25,367.09,367.09,363.88,366.22,-0.24
1993-05-26,366.22,374.4,365.31,374.35,2.22
1993-05-27,374.35,376.53,371.85,372.73,-0.43
1993-05-28,372.73,372.73,364.27,368.11,-1.24
1993-06-01,368.11,374.69,368.11,372.53,1.2
1993-06-02,372.53,374.92,370.38,372.69,0.04
1993-06-03,372.69,373.44,369.38,372.06,-0.17
1993-06-04,372.06,372.06,367.99,368.63,-0.92
1993-06-07,368.63,371.77,364.32,364.36,-1.16
1993-06-08,364.36,364.36,359.0,360.74,-0.99
1993-06-09,360.74,363.23,358.14,360.25,-0.14
1993-06-10,360.25,360.56,356.44,359.55,-0.19
1993-06-11,359.55,364.11,359.55,363.08,0.98
1993-06-14,363.08,367.93,363.08,367.15,1.12
1993-06-15,367.15,369.57,366.51,366.98,-0.05
1993-06-16,366.98,368.38,362.15,365.02,-0.53
1993-06-17,365.02,365.86,362.26,364.01,-0.28
1993-06-18,364.01,365.77,357.96,357.96,-1.66
1993-06-21,357.96,358.68,355.01,357.87,-0.03
1993-06-22,357.87,359.15,355.38,356.2,-0.47
1993-06-23,356.2,357.54,353.71,354.94,-0.36
1993-06-24,354.94,358.6,352.76,357.83,0.81
1993-06-25,357.83,363.63,357.82,362.23,1.23
1993-06-28,362.23,368.45,362.23,368.45,1.72
1993-06-29,368.45,369.83,364.79,365.96,-0.68
1993-06-30,365.96,369.78,365.39,366.13,0.05
1993-07-01,366.13,366.52,361.71,363.73,-0.65
1993-07-02,363.73,364.8,361.37,364.22,0.13
1993-07-06,364.22,365.23,359.7,360.8,-0.94
1993-07-07,360.8,360.8,355.78,357.87,-0.81
1993-07-08,357.87,361.3,356.93,360.7,0.79
1993-07-09,360.7,362.88,358.33,362.46,0.49
1993-07-12,362.46,365.16,360.76,362.87,0.11
1993-07-13,362.87,364.5,361.13,361.98,-0.25
1993-07-14,361.98,366.33,360.11,363.74,0.49
1993-07-15,363.74,363.74,359.98,360.47,-0.9
1993-07-16,360.47,360.47,350.11,351.07,-2.61
1993-07-19,351.07,351.4,346.52,349.06,-0.57
1993-07-20,349.06,356.33,349.06,355.76,1.92
1993-07-21,355.76,355.76,350.98,352.64,-0.88
1993-07-22,352.64,354.43,347.14,348.35,-1.22
1993-07-23,348.35,354.62,348.35,353.21,1.39
1993-07-26,353.21,357.98,353.07,356.41,0.91
1993-07-27,356.41,356.83,350.87,352.02,-1.23
1993-07-28,352.02,357.36,351.87,356.81,1.36
1993-07-29,356.81,359.65,356.5,357.33,0.15
1993-07-30,357.33,357.33,350.76,352.87,-1.25
1993-08-02,352.87,356.62,352.87,355.25,0.68
1993-08-03,355.25,357.41,354.99,356.23,0.28
1993-08-04,356.23,360.74,355.11,360.12,1.09
1993-08-05,360.12,362.57,360.12,362.41,0.64
1993-08-06,362.41,364.84,361.58,363.15,0.2
1993-08-09,363.15,365.37,361.06,362.3,-0.23
1993-08-10,362.3,363.1,358.38,358.65,-1.01
1993-08-11,358.65,360.68,358.64,359.74,0.3
1993-08-12,359.74,362.72,356.94,359.41,-0.09
1993-08-13,359.41,361.03,358.44,360.46,0.29
1993-08-16,360.46,370.73,360.46,370.6,2.81
1993-08-17,370.6,374.4,369.89,374.16,0.96
1993-08-18,374.16,379.64,374.16,375.82,0.44
1993-08-19,375.82,375.82,369.8,370.27,-1.48
1993-08-20,370.27,371.41,368.57,370.87,0.16
1993-08-23,370.87,372.17,368.74,370.49,-0.1
1993-08-24,370.49,372.17,369.08,371.0,0.14
1993-08-25,371.0,372.21,366.41,367.96,-0.82
1993-08-26,367.95,367.95,360.71,364.67,-0.89
1993-08-27,364.67,367.04,363.48,366.5,0.5
1993-08-30,366.5,370.89,366.5,369.31,0.77
1993-08-31,369.31,372.88,369.31,372.65,0.91
1993-09-01,372.65,375.3,371.5,374.16,0.41
1993-09-02,374.16,376.98,373.38,374.57,0.11
1993-09-03,374.57,374.63,371.9,373.71,-0.23
1993-09-07,373.71,373.8,365.45,366.68,-1.88
1993-09-08,366.68,366.68,358.03,364.85,-0.5
1993-09-09,364.85,369.83,364.85,368.3,0.95
1993-09-10,368.3,371.9,368.13,370.64,0.63
1993-09-13,370.64,371.76,367.38,367.59,-0.82
1993-09-14,367.59,367.59,360.14,364.2,-0.92
1993-09-15,364.2,367.42,362.4,367.32,0.86
1993-09-16,367.32,367.32,364.91,365.74,-0.43
1993-09-17,365.74,368.07,362.42,366.19,0.12
1993-09-20,366.19,371.08,366.19,367.46,0.35
1993-09-21,367.46,369.75,362.31,365.65,-0.49
1993-09-22,365.65,374.78,365.65,374.0,2.29
1993-09-23,374.0,378.14,373.86,377.07,0.82
1993-09-24,377.07,378.47,374.92,378.04,0.26
1993-09-27,378.04,382.59,378.04,382.51,1.18
1993-09-28,382.51,386.09,380.83,386.02,0.92
1993-09-29,386.02,388.33,382.7,386.89,0.23
1993-09-30,386.89,386.89,382.15,382.72,-1.08
1993-10-01,382.72,384.59,381.23,382.81,0.02
1993-10-04,382.81,384.83,381.35,384.3,0.39
1993-10-05,384.3,386.53,378.44,381.28,-0.79
1993-10-06,381.28,384.84,380.1,380.42,-0.22
1993-10-07,380.42,380.96,376.63,378.0,-0.64
1993-10-08,378.0,381.36,375.64,381.32,0.88
1993-10-11,381.32,383.83,379.12,380.66,-0.17
1993-10-12,380.66,385.21,380.66,382.57,0.5
1993-10-13,382.57,386.61,382.07,386.3,0.98
1993-10-14,386.3,392.97,386.29,391.99,1.47
1993-10-15,391.99,396.21,390.91,392.45,0.12
1993-10-18,392.45,394.22,389.11,389.85,-0.66
1993-10-19,389.85,390.36,380.77,382.73,-1.83
1993-10-20,382.73,385.87,382.03,383.93,0.31
1993-10-21,383.93,387.51,381.32,387.36,0.89
1993-10-22,387.36,392.68,386.52,388.19,0.22
1993-10-25,388.19,390.18,383.96,387.41,-0.2
1993-10-26,387.41,388.09,382.35,384.6,-0.72
1993-10-27,384.6,390.82,384.4,390.25,1.47
1993-10-28,390.25,392.71,388.05,389.25,-0.26
1993-10-29,389.25,392.08,388.81,390.99,0.45
1993-11-01,390.99,395.43,390.94,395.03,1.03
1993-11-02,395.03,396.1,391.1,395.32,0.07
1993-11-03,395.32,396.02,386.24,387.93,-1.87
1993-11-04,387.93,387.93,376.5,377.47,-2.7
1993-11-05,377.47,383.99,371.83,383.64,1.63
1993-11-08,383.64,387.82,380.54,384.85,0.32
1993-11-09,384.85,391.48,384.85,385.92,0.28
1993-11-10,385.92,393.2,385.92,392.99,1.83
1993-11-11,392.99,396.88,392.99,394.66,0.43
1993-11-12,394.66,396.53,393.71,395.18,0.13
1993-11-15,395.18,395.94,390.79,391.12,-1.03
1993-11-16,391.12,393.88,388.27,393.38,0.58
1993-11-17,393.38,394.78,385.0,385.8,-1.93
1993-11-18,385.8,386.58,380.47,381.74,-1.05
1993-11-19,381.74,383.28,378.0,380.57,-0.31
1993-11-22,380.57,380.57,372.33,373.37,-1.89
1993-11-23,373.37,381.43,373.37,381.22,2.1
1993-11-24,381.22,386.38,381.22,385.04,1.0
1993-11-26,385.04,386.8,385.04,386.32,0.33
1993-11-29,386.32,388.49,383.06,383.19,-0.81
1993-11-30,383.19,387.9,380.87,386.76,0.93
1993-12-01,386.76,394.84,386.76,392.95,1.6
1993-12-02,392.95,396.17,391.4,396.17,0.82
1993-12-03,396.17,401.81,396.17,401.78,1.42
1993-12-06,401.78,401.78,392.85,399.01,-0.69
1993-12-07,399.01,399.79,395.12,396.99,-0.51
1993-12-08,396.99,396.99,392.89,394.81,-0.55
1993-12-09,394.81,394.81,386.08,387.25,-1.91
1993-12-10,387.25,387.47,385.15,386.96,-0.07
1993-12-13,386.96,388.18,385.11,387.78,0.21
1993-12-14,387.78,388.36,381.84,382.83,-1.28
1993-12-15,382.83,385.19,381.97,384.95,0.55
1993-12-16,384.95,387.64,384.95,386.18,0.32
1993-12-17,386.18,389.9,386.18,389.04,0.74
1993-12-20,389.04,391.05,388.49,389.72,0.18
1993-12-21,389.72,389.72,386.63,388.51,-0.31
1993-12-22,388.51,389.26,384.83,388.41,-0.03
1993-12-23,388.41,392.1,388.41,390.32,0.49
1993-12-27,390.32,392.05,389.74,391.84,0.39
1993-12-28,391.84,395.03,391.46,394.74,0.74
1993-12-29,394.74,396.64,393.58,395.38,0.16
1993-12-30,395.38,398.25,395.11,397.73,0.59
1993-12-31,397.73,400.55,397.24,398.28,0.14
1994-01-03,398.26,398.26,392.05,395.53,-0.69
1994-01-04,395.53,399.02,394.26,398.19,0.67
1994-01-05,398.19,401.7,396.7,401.07,0.72
1994-01-06,401.07,404.56,401.07,404.21,0.78
1994-01-07,404.21,405.42,399.98,404.78,0.14
1994-01-10,404.78,409.93,404.55,408.91,1.02
1994-01-11,408.91,409.24,405.59,407.85,-0.26
1994-01-12,407.85,410.58,404.7,408.47,0.15
1994-01-13,408.47,408.47,404.44,408.0,-0.12
1994-01-14,408.0,412.36,408.0,411.75,0.92
1994-01-17,411.75,411.81,409.36,410.79,-0.23
1994-01-18,410.79,411.99,409.53,410.95,0.04
1994-01-19,410.95,410.95,403.67,406.38,-1.11
1994-01-20,406.38,411.6,406.38,411.53,1.27
1994-01-21,411.53,413.29,409.95,411.59,0.01
1994-01-24,411.59,411.97,407.78,409.23,-0.57
1994-01-25,409.23,409.23,403.44,406.48,-0.67
1994-01-26,406.48,408.17,404.65,407.19,0.17
1994-01-27,407.19,410.11,406.59,409.93,0.67
1994-01-28,409.93,412.65,409.73,412.52,0.63
1994-01-31,412.52,415.42,412.26,413.99,0.36
1994-02-01,413.99,413.99,408.96,410.22,-0.91
1994-02-02,410.22,412.44,408.68,411.78,0.38
1994-02-03,411.78,411.78,407.19,410.05,-0.42
1994-02-04,410.05,410.08,397.11,397.48,-3.07
1994-02-07,397.48,400.19,392.33,399.62,0.54
1994-02-08,399.62,402.24,396.91,401.46,0.46
1994-02-09,401.46,404.61,401.19,403.91,0.61
1994-02-10,403.91,405.95,400.73,401.31,-0.64
1994-02-11,401.31,402.77,398.01,401.83,0.13
1994-02-14,401.83,405.56,401.83,405.11,0.82
1994-02-15,405.11,409.17,404.91,408.28,0.78
1994-02-16,408.28,411.29,407.33,408.74,0.11
1994-02-17,408.74,412.43,405.35,407.39,-0.33
1994-02-18,407.39,408.23,403.03,407.94,0.14
1994-02-22,407.94,410.81,405.03,410.48,0.62
1994-02-23,410.48,412.37,408.21,408.91,-0.38
1994-02-24,408.91,408.91,400.41,402.79,-1.5
1994-02-25,402.79,406.63,402.06,406.45,0.91
1994-02-28,406.45,413.22,406.45,412.17,1.41
1994-03-01,412.17,414.03,406.36,409.69,-0.6
1994-03-02,409.69,409.69,398.3,408.18,-0.37
1994-03-03,408.18,411.19,407.39,408.17,0.0
1994-03-04,408.17,412.97,408.17,411.99,0.94
1994-03-07,411.99,416.29,411.99,415.3,0.8
1994-03-08,415.3,415.3,410.01,411.97,-0.8
1994-03-09,411.97,414.33,409.24,413.08,0.27
1994-03-10,413.08,414.73,407.32,409.77,-0.8
1994-03-11,409.77,410.59,406.95,409.43,-0.08
1994-03-14,409.43,413.6,409.43,412.93,0.85
1994-03-15,412.93,415.07,412.31,412.83,-0.02
1994-03-16,412.83,415.68,412.36,415.31,0.6
1994-03-17,415.31,418.99,415.31,418.45,0.76
1994-03-18,418.45,418.89,415.32,417.52,-0.22
1994-03-21,417.52,417.61,412.76,412.99,-1.08
1994-03-22,412.99,413.01,409.49,410.67,-0.56
1994-03-23,410.67,413.66,410.49,410.5,-0.04
1994-03-24,410.5,410.5,399.83,403.92,-1.6
1994-03-25,403.92,405.26,399.63,399.86,-1.01
1994-03-28,399.86,401.45,388.45,393.92,-1.49
1994-03-29,393.92,395.41,382.81,383.0,-2.77
1994-03-30,383.0,386.08,375.74,380.25,-0.72
1994-03-31,380.25,383.77,372.32,382.96,0.71
1994-04-04,382.96,382.96,368.71,375.42,-1.97
1994-04-05,375.42,389.68,375.42,389.31,3.7
1994-04-06,389.31,390.47,384.54,388.76,-0.14
1994-04-07,388.76,391.94,387.34,390.97,0.57
1994-04-08,390.97,391.32,382.64,384.9,-1.55
1994-04-11,384.9,385.01,381.75,383.85,-0.27
1994-04-12,383.85,383.85,373.62,375.46,-2.19
1994-04-13,375.46,377.46,363.7,367.25,-2.19
1994-04-14,367.25,370.26,361.85,365.65,-0.44
1994-04-15,365.65,368.29,364.4,366.29,0.18
1994-04-18,366.29,368.44,359.06,360.46,-1.59
1994-04-19,360.46,364.51,352.87,357.36,-0.86
1994-04-20,357.36,362.03,352.12,355.38,-0.55
1994-04-21,355.38,367.46,355.38,367.02,3.28
1994-04-22,367.02,371.89,367.02,369.08,0.56
1994-04-25,369.08,375.53,368.67,374.79,1.55
1994-04-26,374.79,377.37,373.99,375.46,0.18
1994-04-28,375.46,376.43,372.16,372.45,-0.8
1994-04-29,372.45,374.2,369.35,373.25,0.21
1994-05-02,373.25,380.62,371.88,379.82,1.76
1994-05-03,379.82,381.31,373.92,377.07,-0.72
1994-05-04,377.07,378.84,375.12,377.53,0.12
1994-05-05,377.53,380.17,377.24,378.23,0.19
1994-05-06,378.23,378.23,371.0,374.57,-0.97
1994-05-09,374.57,374.57,367.03,368.0,-1.75
1994-05-10,368.0,372.67,368.0,370.02,0.55
1994-05-11,370.02,370.31,364.19,365.18,-1.31
1994-05-12,365.18,369.27,365.18,366.64,0.4
1994-05-13,366.64,366.64,359.29,364.82,-0.5
1994-05-16,364.82,365.08,359.53,360.49,-1.19
1994-05-17,360.49,360.96,353.43,360.5,0.0
1994-05-18,360.5,370.11,360.49,368.59,2.24
1994-05-19,368.59,374.91,368.5,371.71,0.85
1994-05-20,371.71,371.71,369.17,370.37,-0.36
1994-05-23,370.37,372.14,367.94,369.89,-0.13
1994-05-24,369.89,377.64,369.89,377.0,1.92
1994-05-25,377.0,379.47,372.96,378.24,0.33
1994-05-26,378.24,381.25,374.31,375.8,-0.65
1994-05-27,375.8,377.71,373.18,376.81,0.27
1994-05-31,376.81,379.48,374.49,378.85,0.54
1994-06-01,378.85,380.1,374.08,379.23,0.1
1994-06-02,379.23,381.6,378.54,380.66,0.38
1994-06-03,380.66,385.16,364.17,382.78,0.56
1994-06-06,382.78,384.74,381.15,382.8,0.01
1994-06-07,382.8,382.8,378.65,379.99,-0.73
1994-06-08,379.99,381.23,369.06,371.0,-2.37
1994-06-09,371.0,372.04,368.37,370.3,-0.19
1994-06-10,370.3,375.78,370.3,374.64,1.17
1994-06-13,374.64,375.04,371.61,371.88,-0.74
1994-06-14,371.88,377.9,371.88,377.38,1.48
1994-06-15,377.38,379.8,376.72,377.78,0.11
1994-06-16,377.78,378.1,375.63,377.8,0.01
1994-06-17,377.8,377.8,371.51,371.94,-1.55
1994-06-20,371.94,371.94,366.61,367.83,-1.11
1994-06-21,367.83,367.83,358.07,360.98,-1.86
1994-06-22,360.98,366.68,360.98,363.23,0.62
1994-06-23,363.23,364.57,352.89,353.49,-2.68
1994-06-24,353.49,356.59,350.03,351.76,-0.49
1994-06-27,351.76,361.56,350.24,361.16,2.67
1994-06-28,361.16,365.94,358.16,362.05,0.25
1994-06-29,362.05,367.23,361.43,362.73,0.19
1994-06-30,362.73,365.51,359.19,360.3,-0.67
1994-07-01,360.3,361.73,357.65,360.03,-0.07
1994-07-05,360.03,361.02,356.46,356.91,-0.87
1994-07-06,356.91,356.91,352.74,353.62,-0.92
1994-07-07,353.62,359.34,352.98,359.23,1.59
1994-07-08,359.23,362.73,356.55,359.31,0.02
1994-07-11,359.31,361.14,355.21,358.79,-0.14
1994-07-12,358.79,361.67,354.91,361.31,0.7
1994-07-13,361.31,369.62,361.31,369.14,2.17
1994-07-14,369.14,373.43,366.71,367.52,-0.44
1994-07-15,367.65,367.84,366.05,367.24,-0.08
1994-07-18,368.35,368.73,365.78,368.18,0.26
1994-07-19,368.18,368.36,364.48,364.72,-0.94
1994-07-20,364.72,364.72,358.16,359.53,-1.42
1994-07-21,359.53,362.32,357.93,362.21,0.75
1994-07-22,362.85,365.34,361.19,365.06,0.79
1994-07-25,365.06,366.11,363.61,366.11,0.29
1994-07-26,366.11,366.19,363.01,364.01,-0.57
1994-07-27,364.01,364.95,361.59,361.81,-0.6
1994-07-28,361.81,364.18,361.34,362.14,0.09
1994-07-29,362.14,370.65,362.14,370.16,2.21
1994-08-01,370.16,373.87,369.9,373.58,0.92
1994-08-02,373.57,376.64,371.76,372.78,-0.21
1994-08-03,372.78,373.56,370.48,370.48,-0.62
1994-08-04,370.48,372.62,367.17,367.55,-0.79
1994-08-05,367.55,367.71,363.81,367.15,-0.11
1994-08-08,367.14,369.23,365.52,368.89,0.47
1994-08-09,368.87,370.95,367.78,370.66,0.48
1994-08-10,370.66,374.99,370.45,373.93,0.88
1994-08-11,373.93,378.54,371.13,374.49,0.15
1994-08-12,374.49,377.52,374.31,376.96,0.66
1994-08-15,376.96,379.13,375.38,377.08,0.03
1994-08-16,377.08,381.14,375.43,380.53,0.91
1994-08-17,380.53,387.19,380.53,386.9,1.67
1994-08-18,386.9,388.49,383.59,385.63,-0.33
1994-08-19,385.63,387.75,382.1,384.12,-0.39
1994-08-22,384.12,384.12,381.6,382.81,-0.34
1994-08-23,382.81,389.23,382.81,386.74,1.03
1994-08-24,386.74,388.76,386.02,388.44,0.44
1994-08-25,388.44,393.47,387.74,391.49,0.79
1994-08-26,391.49,401.3,391.49,399.26,1.98
1994-08-29,399.26,402.03,398.21,398.44,-0.21
1994-08-30,398.44,402.29,396.21,401.74,0.83
1994-08-31,401.74,402.87,397.34,397.9,-0.96
1994-09-01,397.9,397.9,390.67,391.61,-1.58
1994-09-02,391.61,394.19,390.38,391.41,-0.05
1994-09-06,391.41,393.8,390.8,393.69,0.58
1994-09-07,393.69,398.71,393.41,397.05,0.85
1994-09-08,397.05,401.43,397.05,400.75,0.93
1994-09-09,400.75,400.75,393.53,394.84,-1.47
1994-09-12,394.84,395.36,390.5,391.67,-0.8
1994-09-13,391.67,397.53,391.67,396.69,1.28
1994-09-14,396.69,398.22,394.5,397.79,0.28
1994-09-15,397.79,407.1,397.43,407.1,2.34
1994-09-16,407.1,407.1,401.79,404.47,-0.65
1994-09-19,404.47,406.79,403.88,403.88,-0.15
1994-09-20,403.96,403.96,396.84,396.85,-1.74
1994-09-21,396.85,397.64,388.95,393.71,-0.79
1994-09-22,393.71,396.26,391.53,393.55,-0.04
1994-09-23,393.55,395.22,389.67,390.2,-0.85
1994-09-26,390.18,390.27,386.11,388.9,-0.33
1994-09-27,388.9,389.92,387.12,389.33,0.11
1994-09-28,389.33,393.83,389.33,391.97,0.68
1994-09-29,391.97,392.22,388.43,391.22,-0.19
1994-09-30,391.22,396.48,391.22,393.85,0.67
1994-10-03,393.85,394.94,391.12,392.72,-0.29
1994-10-04,392.72,393.45,382.53,382.71,-2.55
1994-10-05,382.71,387.38,376.8,386.99,1.12
1994-10-06,386.99,389.37,382.17,382.85,-1.07
1994-10-07,382.85,387.75,382.85,387.36,1.18
1994-10-10,387.36,393.52,387.36,392.85,1.42
1994-10-11,392.85,401.83,392.85,400.29,1.89
1994-10-12,400.29,401.57,398.72,399.85,-0.11
1994-10-13,399.85,406.85,399.34,399.86,0.0
1994-10-14,399.86,400.18,396.13,398.8,-0.27
1994-10-17,398.8,400.09,396.27,396.85,-0.49
1994-10-18,396.85,399.27,396.58,398.0,0.29
1994-10-19,398.0,404.34,397.16,403.73,1.44
1994-10-20,403.73,405.6,399.98,402.99,-0.18
1994-10-21,402.99,402.99,398.49,400.52,-0.61
1994-10-24,400.52,402.34,397.67,398.79,-0.43
1994-10-25,398.79,398.79,394.06,398.48,-0.08
1994-10-26,398.48,403.92,398.48,403.83,1.34
1994-10-27,403.83,405.81,403.79,405.62,0.44
1994-10-28,405.62,411.84,404.43,411.84,1.53
1994-10-31,411.84,416.09,410.53,413.05,0.29
1994-11-01,413.05,413.05,408.2,410.06,-0.72
1994-11-02,410.06,415.23,408.54,408.91,-0.28
1994-11-03,408.91,410.54,407.2,408.17,-0.18
1994-11-04,408.17,409.77,401.38,401.46,-1.64
1994-11-07,401.46,401.68,398.75,400.19,-0.32
1994-11-08,400.19,407.59,400.19,407.44,1.81
1994-11-09,407.44,413.4,404.9,408.32,0.22
1994-11-10,408.32,410.15,405.2,406.12,-0.54
1994-11-11,406.12,407.74,403.58,404.78,-0.33
1994-11-14,404.78,412.32,404.78,412.17,1.83
1994-11-15,412.17,415.75,410.12,411.78,-0.09
1994-11-16,411.83,413.74,411.13,412.72,0.23
1994-11-17,412.72,414.56,409.1,410.98,-0.42
1994-11-18,410.98,414.51,410.76,412.43,0.35
1994-11-21,412.43,417.55,409.02,409.28,-0.76
1994-11-22,409.28,409.28,397.92,397.93,-2.77
1994-11-23,397.93,397.93,390.89,397.17,-0.19
1994-11-25,397.17,401.34,397.13,401.17,1.01
1994-11-28,401.17,404.92,400.73,403.82,0.66
1994-11-29,403.82,409.45,403.82,409.1,1.31
1994-11-30,409.1,412.0,404.04,404.82,-1.05
1994-12-01,404.82,404.88,397.44,397.66,-1.77
1994-12-02,399.06,402.18,395.7,402.04,1.1
1994-12-05,402.04,404.84,401.11,402.71,0.17
1994-12-06,402.71,405.14,399.88,399.98,-0.68
1994-12-07,399.98,400.82,395.49,395.75,-1.06
1994-12-08,395.75,398.25,385.57,386.3,-2.39
1994-12-09,386.3,389.24,379.96,388.63,0.6
1994-12-12,388.63,391.0,381.47,388.88,0.06
1994-12-13,388.88,390.31,387.24,387.53,-0.35
1994-12-14,387.53,393.22,386.51,391.65,1.06
1994-12-15,391.65,395.95,391.65,393.7,0.52
1994-12-16,393.7,394.92,391.77,392.01,-0.43
1994-12-19,392.01,392.62,389.77,390.42,-0.41
1994-12-20,390.42,393.96,388.05,390.61,0.05
1994-12-21,390.61,397.94,390.61,397.8,1.84
1994-12-22,397.8,400.37,397.8,399.8,0.5
1994-12-23,399.8,403.09,399.32,401.15,0.34
1994-12-27,401.15,404.94,401.15,404.03,0.72
1994-12-28,404.03,404.54,398.79,400.26,-0.93
1994-12-29,400.26,406.53,400.26,406.31,1.51
1994-12-30,406.31,406.5,402.29,404.27,-0.5
1995-01-03,404.27,404.27,397.56,398.0,-1.55
1995-01-04,398.0,400.41,394.59,399.65,0.41
1995-01-05,399.65,402.04,397.84,398.02,-0.41
1995-01-06,398.02,403.03,398.02,401.59,0.9
1995-01-09,401.59,403.99,400.91,403.53,0.48
1995-01-10,403.53,410.56,403.53,407.57,1.0
1995-01-11,407.57,410.45,402.71,407.1,-0.12
1995-01-12,407.1,408.32,405.85,407.32,0.05
1995-01-13,407.32,411.16,407.32,410.48,0.78
1995-01-16,410.48,415.5,409.87,413.65,0.77
1995-01-17,413.65,418.66,413.65,416.89,0.78
1995-01-18,416.89,419.98,416.01,419.26,0.57
1995-01-19,419.26,419.26,416.55,417.83,-0.34
1995-01-20,417.83,417.95,408.73,410.13,-1.84
1995-01-23,410.13,412.07,404.57,411.89,0.43
1995-01-24,411.89,414.04,410.81,413.6,0.42
1995-01-25,413.6,414.02,407.73,410.87,-0.66
1995-01-26,410.87,411.73,406.19,406.5,-1.06
1995-01-27,406.5,409.14,405.38,407.22,0.18
1995-01-30,407.22,408.39,401.32,401.71,-1.35
1995-01-31,401.71,406.06,401.08,405.33,0.9
1995-02-01,405.33,411.38,405.33,407.06,0.43
1995-02-02,407.06,411.28,406.34,411.15,1.0
1995-02-03,411.15,419.01,411.15,416.14,1.21
1995-02-06,416.14,421.29,416.14,420.93,1.15
1995-02-07,420.93,422.18,418.49,420.57,-0.09
1995-02-08,420.79,426.2,420.79,425.66,1.21
1995-02-09,425.66,429.79,425.66,426.43,0.18
1995-02-10,426.43,431.3,426.43,430.77,1.02
1995-02-13,430.77,432.37,428.53,428.77,-0.46
1995-02-14,428.77,431.06,428.24,429.81,0.24
1995-02-15,429.86,433.44,428.0,432.49,0.62
1995-02-16,432.49,433.16,428.61,430.86,-0.38
1995-02-17,430.86,430.86,425.33,425.66,-1.21
1995-02-21,425.66,427.03,423.93,424.82,-0.2
1995-02-22,424.82,429.93,423.12,429.21,1.03
1995-02-23,429.2,435.2,429.2,431.03,0.42
1995-02-24,431.03,431.03,426.57,428.42,-0.61
1995-02-27,428.42,430.67,424.04,424.75,-0.86
1995-02-28,424.75,432.91,424.71,432.5,1.82
1995-03-01,432.5,435.22,429.8,429.8,-0.62
1995-03-02,429.8,431.72,429.05,431.68,0.44
1995-03-03,431.68,436.89,429.34,436.68,1.16
1995-03-06,436.68,437.25,430.41,437.24,0.13
1995-03-07,437.24,437.82,431.13,432.12,-1.17
1995-03-08,432.12,437.01,432.12,437.01,1.13
1995-03-09,437.01,438.49,433.12,437.02,0.0
1995-03-10,437.02,441.76,436.01,441.76,1.08
1995-03-13,441.75,443.94,440.29,440.82,-0.21
1995-03-14,440.81,447.51,440.81,446.27,1.24
1995-03-15,446.27,446.56,442.31,443.57,-0.61
1995-03-16,443.57,445.81,442.95,444.68,0.25
1995-03-17,444.68,447.75,442.71,443.94,-0.17
1995-03-20,443.94,447.67,442.83,446.61,0.6
1995-03-21,446.61,451.16,445.99,447.13,0.12
1995-03-22,447.13,447.43,444.19,447.13,0.0
1995-03-23,447.13,452.04,446.74,448.82,0.38
1995-03-24,448.82,455.45,448.82,455.43,1.47
1995-03-27,455.43,457.98,453.32,457.12,0.37
1995-03-28,457.12,460.63,456.33,460.54,0.75
1995-03-29,460.54,462.99,449.43,451.87,-1.88
1995-03-30,451.87,454.68,442.69,448.42,-0.76
1995-03-31,448.36,448.55,439.22,447.15,-0.28
1995-04-03,447.15,448.81,442.3,448.49,0.3
1995-04-04,448.49,450.9,441.53,441.86,-1.48
1995-04-05,441.86,444.66,438.38,444.66,0.63
1995-04-06,444.66,445.88,439.91,439.92,-1.07
1995-04-07,440.33,444.06,438.85,444.01,0.93
1995-04-10,444.01,449.64,442.58,449.36,1.2
1995-04-11,449.36,454.41,449.36,453.33,0.88
1995-04-12,453.33,457.02,452.01,456.98,0.81
1995-04-13,456.98,459.61,456.23,458.93,0.43
1995-04-17,458.93,466.79,456.74,457.06,-0.41
1995-04-18,457.06,461.4,452.79,453.43,-0.79
1995-04-19,453.48,453.48,442.71,447.06,-1.4
1995-04-20,447.17,449.81,444.21,449.01,0.44
1995-04-21,449.01,451.91,449.01,451.34,0.52
1995-04-24,451.34,457.19,448.93,456.41,1.12
1995-04-25,456.43,461.02,456.43,459.1,0.59
1995-04-26,459.1,463.03,456.16,463.03,0.86
1995-04-27,463.03,468.89,462.59,465.34,0.5
1995-04-28,465.34,470.49,463.69,469.56,0.91
1995-05-01,469.56,472.47,466.05,466.05,-0.75
1995-05-02,466.05,467.54,463.38,465.38,-0.14
1995-05-03,465.38,474.93,465.38,474.93,2.05
1995-05-04,474.93,484.13,473.47,474.1,-0.17
1995-05-05,474.1,478.27,470.3,470.3,-0.8
1995-05-08,470.3,478.19,469.71,476.78,1.38
1995-05-09,476.78,479.49,471.83,476.0,-0.16
1995-05-10,476.0,479.13,471.63,472.88,-0.66
1995-05-11,472.87,479.57,470.72,479.57,1.41
1995-05-12,479.57,486.23,477.93,483.19,0.75
1995-05-15,483.19,486.97,481.22,486.34,0.65
1995-05-16,486.34,492.47,485.51,491.04,0.97
1995-05-17,491.04,497.78,491.04,494.69,0.74
1995-05-18,494.69,498.93,488.02,488.02,-1.35
1995-05-19,488.02,490.33,484.68,489.87,0.38
1995-05-22,489.77,495.85,489.56,495.09,1.07
1995-05-23,495.09,503.12,495.09,503.12,1.62
1995-05-24,503.12,509.24,498.0,500.5,-0.52
1995-05-25,500.5,502.16,495.15,501.66,0.23
1995-05-26,501.66,501.66,494.43,496.06,-1.12
1995-05-30,496.06,498.15,481.21,482.08,-2.82
1995-05-31,482.08,488.1,474.17,488.1,1.25
1995-06-01,488.1,493.61,487.2,490.96,0.59
1995-06-02,490.96,496.23,486.07,492.65,0.34
1995-06-05,492.65,502.92,492.65,500.81,1.66
1995-06-06,500.81,504.06,495.12,495.12,-1.14
1995-06-07,495.12,499.25,493.58,497.15,0.41
1995-06-08,497.15,501.22,497.15,500.86,0.75
1995-06-09,500.86,502.08,495.57,500.41,-0.09
1995-06-12,500.41,503.88,499.41,501.69,0.26
1995-06-13,501.69,506.31,501.69,505.32,0.72
1995-06-14,505.32,507.01,500.76,506.09,0.15
1995-06-15,506.09,513.24,506.09,511.99,1.17
1995-06-16,511.99,518.42,511.99,517.57,1.09
1995-06-19,517.55,530.89,517.55,530.53,2.5
1995-06-20,530.53,539.55,530.53,539.55,1.7
1995-06-21,539.55,542.96,533.33,535.52,-0.75
1995-06-22,535.52,546.12,535.52,546.06,1.97
1995-06-23,546.06,546.57,541.84,544.66,-0.26
1995-06-26,544.66,546.36,535.89,536.49,-1.5
1995-06-27,536.49,540.48,526.88,527.84,-1.61
1995-06-28,527.84,533.52,522.09,530.65,0.53
1995-06-29,530.65,537.97,529.85,536.21,1.05
1995-06-30,536.21,541.67,536.11,538.03,0.34
1995-07-03,538.03,540.33,536.73,538.97,0.17
1995-07-05,538.97,546.38,538.97,543.39,0.82
1995-07-06,543.39,554.09,543.39,553.87,1.93
1995-07-07,553.86,567.56,553.28,567.56,2.47
1995-07-10,567.56,575.97,567.5,573.56,1.06
1995-07-11,573.56,573.56,563.93,563.98,-1.67
1995-07-12,563.98,580.0,563.98,579.71,2.79
1995-07-13,579.71,591.51,577.44,583.25,0.61
1995-07-14,583.27,589.98,574.34,589.85,1.13
1995-07-17,589.85,600.01,589.85,596.91,1.2
1995-07-18,595.19,597.12,578.09,578.46,-3.09
1995-07-19,578.46,578.46,530.4,547.12,-5.42
1995-07-20,549.85,554.52,545.5,550.33,0.59
1995-07-21,550.33,555.74,547.32,547.78,-0.46
1995-07-24,547.78,563.06,547.78,562.64,2.71
1995-07-25,562.64,575.12,562.64,572.71,1.79
1995-07-26,572.71,581.43,572.71,576.84,0.72
1995-07-27,576.84,586.95,576.84,584.25,1.28
1995-07-28,584.25,584.25,573.33,574.18,-1.72
1995-07-31,574.18,576.57,564.33,568.88,-0.92
1995-08-01,568.88,569.27,554.25,559.21,-1.7
1995-08-02,559.36,569.03,550.7,551.56,-1.37
1995-08-03,551.56,553.55,541.64,553.06,0.27
1995-08-04,553.06,561.09,553.06,560.58,1.36
1995-08-07,560.58,566.7,560.58,563.65,0.55
1995-08-08,563.65,568.67,563.65,565.71,0.37
1995-08-09,565.71,577.23,565.71,575.49,1.73
1995-08-10,575.49,577.48,567.82,569.75,-1.0
1995-08-11,569.75,575.69,568.23,575.64,1.03
1995-08-14,575.67,584.76,573.46,584.73,1.58
1995-08-15,584.73,588.26,579.63,584.05,-0.12
1995-08-16,584.04,596.45,584.04,596.43,2.12
1995-08-17,596.43,600.15,593.13,596.28,-0.03
1995-08-18,596.28,601.65,594.02,595.52,-0.13
1995-08-21,595.52,598.73,578.89,578.89,-2.79
1995-08-22,578.89,589.55,576.9,589.25,1.79
1995-08-23,589.25,593.32,587.05,591.32,0.35
1995-08-24,591.32,591.64,580.23,583.16,-1.38
1995-08-25,583.16,584.79,579.97,580.1,-0.52
1995-08-28,580.1,581.62,565.85,566.05,-2.42
1995-08-29,566.05,566.82,549.12,566.82,0.14
1995-08-30,566.82,574.49,566.66,572.83,1.06
1995-08-31,572.85,580.03,572.85,576.77,0.69
1995-09-01,576.77,576.86,572.16,573.21,-0.62
1995-09-05,573.21,595.36,573.21,595.36,3.86
1995-09-06,595.36,601.15,593.86,594.12,-0.21
1995-09-07,597.16,604.39,597.05,599.14,0.84
1995-09-08,599.14,604.27,593.9,604.27,0.86
1995-09-11,604.27,612.56,604.27,609.75,0.91
1995-09-12,610.08,613.78,605.9,605.99,-0.62
1995-09-13,605.99,611.05,603.17,607.7,0.28
1995-09-14,607.7,610.0,603.74,604.12,-0.59
1995-09-15,604.12,604.12,586.27,589.01,-2.5
1995-09-18,589.01,591.75,581.79,591.13,0.36
1995-09-19,591.13,601.88,589.57,601.02,1.67
1995-09-20,601.02,608.21,601.02,603.19,0.36
1995-09-21,603.19,603.19,593.14,594.85,-1.38
1995-09-22,594.85,594.85,586.84,592.64,-0.37
1995-09-25,592.64,593.92,583.6,587.93,-0.79
1995-09-26,587.93,595.83,580.53,580.77,-1.22
1995-09-27,580.7,580.7,557.26,576.22,-0.78
1995-09-28,576.22,595.48,576.22,595.44,3.34
1995-09-29,595.44,599.31,584.93,585.08,-1.74
1995-10-02,585.08,587.9,573.17,573.87,-1.92
1995-10-03,573.87,575.81,563.95,573.16,-0.12
1995-10-04,573.16,573.16,557.43,558.99,-2.47
1995-10-05,558.99,572.76,556.61,572.75,2.46
1995-10-06,572.75,581.74,566.98,567.42,-0.93
1995-10-09,567.41,567.41,543.04,546.93,-3.61
1995-10-10,546.93,551.68,527.89,550.76,0.7
1995-10-11,550.76,564.65,550.76,564.33,2.46
1995-10-12,564.33,573.49,564.33,573.1,1.55
1995-10-13,573.1,579.68,569.35,570.0,-0.54
1995-10-16,570.01,573.92,567.01,568.46,-0.27
1995-10-17,568.46,589.43,568.46,589.43,3.69
1995-10-18,589.43,605.18,589.43,597.97,1.45
1995-10-19,597.97,602.6,591.0,601.26,0.55
1995-10-20,601.26,601.98,590.13,591.88,-1.56
1995-10-23,587.84,594.73,586.01,593.27,0.23
1995-10-24,593.2,597.56,593.02,594.23,0.16
1995-10-25,594.23,595.2,584.33,584.33,-1.67
1995-10-26,584.33,588.13,572.49,582.47,-0.32
1995-10-27,582.47,593.53,580.25,593.53,1.9
1995-10-30,593.53,609.38,593.53,607.1,2.29
1995-10-31,607.1,613.0,598.77,598.78,-1.37
1995-11-01,598.78,603.0,595.39,600.91,0.36
1995-11-02,600.91,614.79,600.65,614.69,2.29
1995-11-03,614.69,621.71,612.09,621.71,1.14
1995-11-06,621.71,623.53,615.66,615.72,-0.96
1995-11-07,615.72,615.72,591.2,596.23,-3.17
1995-11-08,596.2,606.4,594.75,598.72,0.42
1995-11-09,598.72,617.02,598.72,616.95,3.04
1995-11-10,616.95,621.0,611.64,613.61,-0.54
1995-11-13,613.61,616.16,607.15,608.32,-0.86
1995-11-14,608.32,608.5,591.6,591.68,-2.74
1995-11-15,591.68,597.07,582.41,593.48,0.3
1995-11-16,593.48,597.73,586.94,591.7,-0.3
1995-11-17,591.7,594.25,587.4,588.81,-0.49
1995-11-20,588.81,593.73,571.67,571.67,-2.91
1995-11-21,571.67,576.22,562.5,574.22,0.45
1995-11-22,574.22,580.0,568.99,569.04,-0.9
1995-11-24,569.04,578.35,569.04,578.32,1.63
1995-11-27,578.32,585.88,573.91,573.91,-0.76
1995-11-28,573.91,598.07,573.91,598.0,4.2
1995-11-29,598.0,604.79,593.18,599.58,0.26
1995-11-30,599.58,602.29,593.52,593.72,-0.98
1995-12-01,593.72,595.77,586.18,587.02,-1.13
1995-12-04,586.93,604.13,586.93,598.0,1.87
1995-12-05,598.0,600.35,588.91,591.23,-1.13
1995-12-06,591.23,595.58,582.33,589.98,-0.21
1995-12-07,589.98,592.63,579.76,587.13,-0.48
1995-12-08,587.13,599.58,586.75,599.38,2.09
1995-12-11,599.38,602.39,596.1,596.11,-0.55
1995-12-12,596.11,597.35,584.53,585.04,-1.86
1995-12-13,585.04,590.69,583.91,587.54,0.43
1995-12-14,587.54,590.14,566.27,566.29,-3.62
1995-12-15,566.29,571.06,560.35,563.28,-0.53
1995-12-18,563.28,563.28,540.97,548.04,-2.71
1995-12-19,548.04,575.02,548.04,575.01,4.92
1995-12-20,575.01,581.07,565.08,565.15,-1.71
1995-12-21,565.15,580.76,565.15,580.76,2.76
1995-12-22,580.76,585.44,580.74,585.18,0.76
1995-12-26,585.18,586.58,582.59,585.09,-0.02
1995-12-27,585.09,587.81,580.01,580.37,-0.81
1995-12-28,580.37,580.37,571.05,571.96,-1.45
1995-12-29,571.96,577.08,569.45,576.23,0.75
1996-01-02,576.23,586.29,573.89,585.94,1.69
1996-01-03,585.94,586.32,571.42,572.29,-2.33
1996-01-04,572.29,575.6,552.69,563.48,-1.54
1996-01-05,563.48,568.85,552.18,565.14,0.29
1996-01-08,565.14,568.23,562.22,563.15,-0.35
1996-01-09,562.42,562.48,533.51,534.42,-5.1
1996-01-10,534.42,545.19,527.22,535.29,0.16
1996-01-11,535.29,555.22,535.29,555.2,3.72
1996-01-12,555.2,558.96,546.71,552.71,-0.45
1996-01-15,552.75,554.36,533.65,534.44,-3.31
1996-01-16,534.44,546.47,526.8,546.05,2.17
1996-01-17,546.05,555.7,534.87,545.51,-0.1
1996-01-18,545.51,555.24,545.51,554.32,1.62
1996-01-19,554.32,566.12,554.28,564.64,1.86
1996-01-22,564.64,572.01,563.68,571.25,1.17
1996-01-23,571.25,572.92,566.92,567.35,-0.68
1996-01-24,567.35,582.29,567.35,582.14,2.61
1996-01-25,582.14,584.56,571.52,572.26,-1.7
1996-01-26,572.26,577.05,568.33,577.05,0.84
1996-01-29,577.05,580.48,574.45,576.23,-0.14
1996-01-30,576.23,585.26,576.23,583.99,1.35
1996-01-31,583.99,591.84,580.43,591.82,1.34
1996-02-01,591.82,601.88,589.01,601.88,1.7
1996-02-02,601.88,606.6,599.36,601.42,-0.08
1996-02-05,601.5,615.47,600.67,615.47,2.34
1996-02-06,615.47,621.65,614.87,619.2,0.61
1996-02-07,619.17,619.33,610.35,615.07,-0.67
1996-02-08,615.07,625.23,610.1,623.8,1.42
1996-02-09,623.8,629.4,620.08,623.01,-0.13
1996-02-12,623.01,629.01,623.01,625.29,0.37
1996-02-13,625.3,626.51,612.04,618.54,-1.08
1996-02-14,618.54,623.63,613.25,617.59,-0.15
1996-02-15,617.59,621.77,615.55,620.23,0.43
1996-02-16,620.23,623.29,614.91,619.04,-0.19
1996-02-20,619.04,621.9,611.73,616.83,-0.36
1996-02-21,616.83,627.56,616.83,627.28,1.69
1996-02-22,627.28,644.21,627.28,643.41,2.57
1996-02-23,643.41,647.34,634.6,642.59,-0.13
1996-02-26,642.59,645.24,636.56,637.92,-0.73
1996-02-27,637.92,640.57,628.45,631.1,-1.07
1996-02-28,631.1,638.79,629.9,631.44,0.05
1996-02-29,631.44,631.44,620.88,622.83,-1.36
1996-03-01,622.83,622.83,601.04,604.76,-2.9
1996-03-04,604.76,609.84,600.08,601.5,-0.54
1996-03-05,601.5,616.06,600.46,615.88,2.39
1996-03-06,615.88,617.22,607.8,607.84,-1.31
1996-03-07,607.84,612.52,606.29,609.55,0.28
1996-03-08,609.55,609.55,585.33,591.71,-2.93
1996-03-11,591.71,605.62,591.71,605.48,2.33
1996-03-12,605.48,605.48,592.6,599.02,-1.07
1996-03-13,599.02,615.89,599.02,614.75,2.63
1996-03-14,614.75,619.03,610.55,610.56,-0.68
1996-03-15,610.56,622.68,610.56,621.71,1.83
1996-03-18,621.71,633.44,621.71,633.26,1.86
1996-03-19,633.26,637.92,626.83,629.39,-0.61
1996-03-20,629.39,629.39,613.44,615.26,-2.25
1996-03-21,615.26,617.55,610.48,611.51,-0.61
1996-03-22,611.51,615.37,605.87,612.88,0.22
1996-03-25,612.88,617.75,597.82,597.82,-2.46
1996-03-26,597.82,604.75,591.35,602.08,0.71
1996-03-27,602.08,612.61,602.08,608.06,0.99
1996-03-28,608.06,611.74,602.89,608.08,0.0
1996-03-29,608.08,614.77,608.08,609.69,0.26
1996-04-01,609.69,615.18,609.69,612.99,0.54
1996-04-02,612.99,616.02,612.43,615.81,0.46
1996-04-03,615.81,618.77,609.96,618.57,0.45
1996-04-04,618.57,620.59,615.26,618.0,-0.09
1996-04-08,618.0,618.0,601.47,610.61,-1.2
1996-04-09,610.61,618.84,609.84,611.06,0.07
1996-04-10,611.06,619.95,608.16,609.11,-0.32
1996-04-11,609.11,612.16,597.42,604.07,-0.83
1996-04-12,604.07,607.16,602.03,605.05,0.16
1996-04-15,605.05,611.55,605.05,611.08,1.0
1996-04-16,611.08,625.99,611.08,625.94,2.43
1996-04-17,625.93,627.38,618.39,620.71,-0.84
1996-04-18,620.71,648.15,620.71,633.44,2.05
1996-04-19,633.44,638.72,632.15,633.01,-0.07
1996-04-22,633.01,644.4,633.01,644.29,1.78
1996-04-23,644.29,654.63,643.02,654.49,1.58
1996-04-24,654.49,664.01,654.49,664.01,1.45
1996-04-25,664.01,666.84,657.99,666.68,0.4
1996-04-26,666.68,669.74,664.48,666.65,0.0
1996-04-29,666.65,668.31,663.96,667.0,0.05
1996-04-30,667.0,667.04,662.79,666.73,-0.04
1996-05-01,666.73,673.88,665.34,673.36,0.99
1996-05-02,673.36,673.55,656.62,656.73,-2.47
1996-05-03,656.73,670.24,656.73,661.07,0.66
1996-05-06,661.07,665.07,655.95,662.93,0.28
1996-05-07,662.93,665.6,658.61,660.82,-0.32
1996-05-08,660.82,663.53,646.02,663.53,0.41
1996-05-09,663.43,666.69,660.55,662.54,-0.15
1996-05-10,662.54,672.59,662.54,672.54,1.51
1996-05-13,672.54,688.76,672.54,688.52,2.38
1996-05-14,688.52,697.49,688.52,695.43,1.0
1996-05-15,695.43,700.65,690.14,690.16,-0.76
1996-05-16,690.15,695.27,683.95,695.25,0.74
1996-05-17,695.25,699.55,690.81,690.81,-0.64
1996-05-20,690.81,696.83,690.81,693.27,0.36
1996-05-21,693.27,696.51,687.86,687.86,-0.78
1996-05-22,687.86,691.08,684.16,688.43,0.08
1996-05-23,688.43,695.36,687.45,692.09,0.53
1996-05-24,692.09,693.85,688.74,688.91,-0.46
1996-05-28,688.91,692.43,683.85,685.07,-0.56
1996-05-29,685.07,686.73,674.65,677.09,-1.16
1996-05-30,677.09,685.51,675.03,684.04,1.03
1996-05-31,684.04,694.27,684.04,692.39,1.22
1996-06-03,692.39,693.96,687.04,689.25,-0.45
1996-06-04,689.25,693.74,687.72,692.59,0.48
1996-06-05,692.59,700.3,689.67,699.35,0.98
1996-06-06,699.35,704.09,687.01,687.01,-1.76
1996-06-07,687.01,691.54,673.32,691.46,0.65
1996-06-10,691.46,693.35,687.77,688.84,-0.38
1996-06-11,688.84,696.57,688.84,690.94,0.3
1996-06-12,690.94,702.14,690.94,697.16,0.9
1996-06-13,697.16,698.32,686.51,691.84,-0.76
1996-06-14,691.84,691.84,681.07,681.13,-1.55
1996-06-17,681.14,684.26,676.84,678.44,-0.39
1996-06-18,678.44,680.16,665.28,666.07,-1.82
1996-06-19,666.07,673.75,665.26,667.72,0.25
1996-06-20,667.71,671.75,648.93,664.45,-0.49
1996-06-21,664.5,673.39,664.5,672.53,1.22
1996-06-24,672.53,680.62,671.18,677.17,0.69
1996-06-25,677.17,678.55,667.68,668.04,-1.35
1996-06-26,668.04,669.06,651.72,659.69,-1.25
1996-06-27,659.69,671.48,654.59,671.15,1.74
1996-06-28,671.15,681.69,671.15,677.3,0.92
1996-07-01,677.4,687.95,677.33,687.07,1.44
1996-07-02,687.07,687.07,680.14,680.17,-1.0
1996-07-03,680.17,680.71,673.3,673.84,-0.93
1996-07-05,673.84,673.84,657.68,657.68,-2.4
1996-07-08,657.68,665.12,655.52,656.0,-0.26
1996-07-09,656.0,664.2,656.0,660.76,0.73
1996-07-10,660.76,660.76,649.33,657.45,-0.5
1996-07-11,657.45,657.45,625.44,635.78,-3.3
1996-07-12,635.78,642.86,625.09,635.06,-0.11
1996-07-15,635.06,635.06,606.07,606.89,-4.44
1996-07-16,606.89,615.82,572.79,614.25,1.21
1996-07-17,614.25,634.42,614.25,631.3,2.78
1996-07-18,631.3,644.11,628.17,643.74,1.97
1996-07-19,643.75,643.75,627.94,633.05,-1.66
1996-07-22,633.05,633.05,618.92,624.03,-1.42
1996-07-23,624.03,627.6,595.8,598.34,-4.12
1996-07-24,598.33,609.86,577.81,605.05,1.12
1996-07-25,605.05,620.55,605.05,620.39,2.54
1996-07-26,620.39,633.68,620.39,633.39,2.1
1996-07-29,633.39,637.05,620.42,620.51,-2.03
1996-07-30,620.51,630.4,617.68,630.32,1.58
1996-07-31,630.32,640.2,628.3,636.01,0.9
1996-08-01,636.01,651.9,635.36,651.07,2.37
1996-08-02,651.07,670.59,651.07,667.84,2.58
1996-08-05,667.84,670.98,660.0,661.02,-1.02
1996-08-06,661.02,671.74,655.27,671.69,1.61
1996-08-07,671.69,682.48,668.63,682.37,1.59
1996-08-08,682.33,682.33,676.34,677.52,-0.71
1996-08-09,677.52,682.27,671.44,678.31,0.12
1996-08-12,678.31,681.92,670.39,679.39,0.16
1996-08-13,679.39,679.39,666.57,669.1,-1.51
1996-08-14,669.1,678.37,669.1,677.17,1.21
1996-08-15,677.17,680.65,673.99,677.09,-0.01
1996-08-16,677.09,680.74,671.92,672.28,-0.71
1996-08-19,672.28,673.0,660.04,670.25,-0.3
1996-08-20,670.25,671.48,662.73,662.87,-1.1
1996-08-21,662.87,670.41,658.47,667.42,0.69
1996-08-22,667.42,681.63,667.42,681.63,2.13
1996-08-23,681.63,685.15,677.19,677.57,-0.6
1996-08-26,677.57,678.48,671.69,672.92,-0.69
1996-08-27,672.86,679.08,672.86,679.05,0.91
1996-08-28,679.05,681.41,676.8,679.67,0.09
1996-08-29,679.67,679.67,670.34,671.1,-1.26
1996-08-30,671.1,672.86,663.17,663.57,-1.12
1996-09-03,663.57,669.41,650.48,669.29,0.86
1996-09-04,669.29,672.34,666.25,669.2,-0.01
1996-09-05,669.2,669.2,652.29,652.32,-2.52
1996-09-06,652.32,666.88,652.32,664.22,1.82
1996-09-09,664.22,672.09,663.53,671.98,1.17
1996-09-10,671.98,674.45,666.05,671.65,-0.05
1996-09-11,671.65,676.5,666.03,675.12,0.52
1996-09-12,675.12,687.4,674.73,685.65,1.56
1996-09-13,685.65,707.91,685.65,707.86,3.24
1996-09-16,707.86,715.85,706.65,709.22,0.19
1996-09-17,709.22,724.2,709.22,722.5,1.87
1996-09-18,722.5,735.68,716.72,727.63,0.71
1996-09-19,727.63,738.44,725.22,736.76,1.25
1996-09-20,736.76,745.6,733.16,743.42,0.9
1996-09-23,743.42,743.42,731.3,733.41,-1.35
1996-09-24,733.41,741.35,731.59,736.61,0.44
1996-09-25,736.59,746.09,736.59,745.69,1.23
1996-09-26,745.73,757.83,741.57,744.61,-0.14
1996-09-27,744.61,747.43,740.94,744.73,0.02
1996-09-30,744.73,748.87,737.14,737.57,-0.96
1996-10-01,737.58,739.96,727.14,734.5,-0.42
1996-10-02,734.5,749.94,734.5,747.55,1.78
1996-10-03,747.55,752.06,743.28,743.28,-0.57
1996-10-04,743.28,759.13,743.28,759.12,2.13
1996-10-07,759.12,765.58,757.81,764.82,0.75
1996-10-08,764.96,770.74,752.95,753.24,-1.51
1996-10-09,753.24,763.84,750.15,753.97,0.1
1996-10-10,753.97,760.06,749.1,751.44,-0.34
1996-10-11,751.44,765.7,751.44,765.64,1.89
1996-10-14,765.64,772.85,765.32,771.99,0.83
1996-10-15,771.99,794.08,770.31,775.08,0.4
1996-10-16,775.08,775.08,762.37,767.64,-0.96
1996-10-17,767.64,772.96,755.8,755.8,-1.54
1996-10-18,755.77,758.49,751.6,756.83,0.14
1996-10-21,756.83,764.64,743.15,746.28,-1.39
1996-10-22,746.28,746.66,730.55,736.64,-1.29
1996-10-23,736.64,750.59,732.63,749.7,1.77
1996-10-24,749.7,760.05,747.26,748.41,-0.17
1996-10-25,748.41,754.1,743.35,743.55,-0.65
1996-10-28,743.55,753.19,741.33,741.64,-0.26
1996-10-29,741.64,749.04,730.45,731.21,-1.41
1996-10-30,731.21,742.26,731.21,736.36,0.7
1996-10-31,736.36,752.63,736.36,751.99,2.12
1996-11-01,751.99,760.13,748.97,755.51,0.47
1996-11-04,755.51,758.5,751.45,756.23,0.1
1996-11-05,756.23,774.03,756.23,769.91,1.81
1996-11-06,769.9,786.94,767.08,786.9,2.21
1996-11-07,786.9,800.87,785.08,795.42,1.08
1996-11-08,795.42,798.85,787.82,798.66,0.41
1996-11-11,798.66,804.98,795.67,804.72,0.76
1996-11-12,804.72,810.78,793.03,794.09,-1.32
1996-11-13,794.09,801.22,790.11,798.7,0.58
1996-11-14,798.7,810.25,795.62,809.75,1.38
1996-11-15,809.75,814.31,794.1,799.44,-1.27
1996-11-18,799.43,801.05,787.71,793.29,-0.77
1996-11-19,793.29,806.22,791.25,805.78,1.57
1996-11-20,805.78,819.05,805.08,808.39,0.32
1996-11-21,808.39,812.59,798.14,800.47,-0.98
1996-11-22,800.47,818.66,800.47,818.37,2.24
1996-11-25,818.51,822.23,813.86,821.24,0.35
1996-11-26,821.24,827.92,811.67,825.51,0.52
1996-11-27,825.51,833.15,823.68,832.37,0.83
1996-11-29,832.37,836.15,832.37,834.01,0.2
1996-12-02,834.01,844.63,827.31,844.63,1.27
1996-12-03,844.63,855.79,836.38,837.91,-0.8
1996-12-04,837.91,842.58,826.26,834.65,-0.39
1996-12-05,834.65,840.9,832.24,835.8,0.14
1996-12-06,835.8,836.66,805.07,827.21,-1.03
1996-12-09,827.21,856.66,827.21,856.64,3.56
1996-12-10,856.64,869.71,848.96,848.96,-0.9
1996-12-11,848.96,858.2,836.1,856.38,0.87
1996-12-12,856.38,873.0,843.35,843.37,-1.52
1996-12-13,843.37,843.37,825.49,828.45,-1.77
1996-12-16,828.45,836.44,802.91,804.78,-2.86
1996-12-17,804.62,816.28,798.13,815.79,1.37
1996-12-18,815.92,836.82,815.92,836.54,2.54
1996-12-19,836.54,846.52,836.54,843.73,0.86
1996-12-20,843.72,853.19,832.85,834.05,-1.15
1996-12-23,834.05,837.25,821.43,824.79,-1.11
1996-12-24,824.72,835.4,822.0,835.4,1.29
1996-12-26,835.4,843.59,835.4,842.98,0.91
1996-12-27,842.98,845.05,835.03,835.46,-0.89
1996-12-30,835.19,841.32,826.49,826.49,-1.07
1996-12-31,826.49,831.05,820.39,821.36,-0.62
1997-01-02,821.36,825.87,806.17,815.6,-0.7
1997-01-03,815.6,848.18,815.6,848.17,3.99
1997-01-06,848.52,858.18,844.43,853.25,0.6
1997-01-07,853.24,864.55,847.48,864.55,1.32
1997-01-08,864.55,867.37,852.68,853.09,-1.33
1997-01-09,853.09,860.19,852.23,856.95,0.45
1997-01-10,856.95,865.58,846.49,865.58,1.01
1997-01-13,865.59,870.62,861.55,864.38,-0.14
1997-01-14,864.37,886.38,864.37,881.38,1.97
1997-01-15,881.38,883.42,864.14,864.29,-1.94
1997-01-16,864.37,880.52,864.37,873.63,1.08
1997-01-17,873.63,885.73,872.76,883.44,1.12
1997-01-20,883.44,903.85,882.18,899.78,1.85
1997-01-21,899.75,915.31,895.72,913.73,1.55
1997-01-22,913.73,925.52,878.22,925.52,1.29
1997-01-23,925.52,938.11,912.74,912.74,-1.38
1997-01-24,912.74,915.47,896.06,898.37,-1.57
1997-01-27,898.37,921.45,888.74,889.82,-0.95
1997-01-28,889.82,908.34,884.17,890.79,0.11
1997-01-29,890.79,898.01,884.43,892.46,0.19
1997-01-30,892.46,911.73,892.46,911.71,2.16
1997-01-31,911.71,926.01,911.71,921.55,1.08
1997-02-03,921.55,928.31,915.17,918.01,-0.38
1997-02-04,918.01,918.43,902.06,916.3,-0.19
1997-02-05,916.3,916.53,875.98,887.39,-3.16
1997-02-06,887.38,890.84,877.96,885.52,-0.21
1997-02-07,885.52,901.64,885.29,899.84,1.62
1997-02-10,899.84,902.89,871.1,872.06,-3.09
1997-02-11,872.06,881.44,856.04,871.71,-0.04
1997-02-12,871.71,900.5,871.71,900.5,3.3
1997-02-13,900.5,912.28,900.5,907.54,0.78
1997-02-14,907.52,909.13,897.22,899.91,-0.84
1997-02-18,899.91,901.82,888.48,897.53,-0.26
1997-02-19,897.53,903.6,892.73,897.65,0.01
1997-02-20,897.72,897.72,878.27,880.28,-1.94
1997-02-21,880.25,880.25,862.08,864.28,-1.82
1997-02-24,864.3,880.67,853.27,880.26,1.85
1997-02-25,880.26,892.25,874.88,882.04,0.2
1997-02-26,882.04,886.83,871.64,880.74,-0.15
1997-02-27,880.74,880.74,848.16,848.58,-3.65
1997-02-28,848.49,858.5,835.87,850.46,0.22
1997-03-03,850.46,857.0,844.1,856.08,0.66
1997-03-04,856.08,869.07,856.08,862.04,0.7
1997-03-05,862.04,872.31,861.92,872.07,1.16
1997-03-06,872.07,874.28,850.99,851.51,-2.36
1997-03-07,851.51,857.53,837.01,841.03,-1.23
1997-03-10,841.03,854.84,829.42,854.84,1.64
1997-03-11,854.84,858.5,848.5,848.5,-0.74
1997-03-12,848.5,850.64,835.17,839.32,-1.08
1997-03-13,839.32,847.29,834.46,840.5,0.14
1997-03-14,840.5,850.17,838.03,838.98,-0.18
1997-03-17,838.97,838.97,816.7,832.24,-0.8
1997-03-18,832.24,850.87,821.35,827.57,-0.56
1997-03-19,827.57,827.57,798.25,811.8,-1.91
1997-03-20,811.8,827.02,804.26,821.73,1.22
1997-03-21,821.73,829.42,811.27,812.73,-1.1
1997-03-24,812.73,812.73,784.54,802.37,-1.27
1997-03-25,802.37,815.26,799.33,807.19,0.6
1997-03-26,807.19,834.57,807.19,834.38,3.37
1997-03-27,834.38,843.35,809.75,818.74,-1.87
1997-03-31,818.74,818.74,796.47,797.06,-2.65
1997-04-01,797.06,820.83,782.28,796.79,-0.03
1997-04-02,796.79,797.51,779.36,783.92,-1.62
1997-04-03,783.92,804.67,779.17,804.67,2.65
1997-04-04,804.67,823.9,796.81,822.4,2.2
1997-04-07,822.4,839.74,822.4,832.31,1.21
1997-04-08,832.31,840.41,826.24,840.36,0.97
1997-04-09,840.36,849.79,828.35,828.73,-1.38
1997-04-10,828.73,828.73,813.19,813.43,-1.85
1997-04-11,813.45,813.45,789.8,789.97,-2.88
1997-04-14,789.97,806.8,785.08,806.79,2.13
1997-04-15,806.79,816.58,789.64,798.0,-1.09
1997-04-16,797.99,803.07,787.63,798.68,0.09
1997-04-17,798.65,816.08,798.65,808.22,1.19
1997-04-18,808.22,828.37,808.22,816.43,1.02
1997-04-21,816.35,819.71,799.43,802.5,-1.71
1997-04-22,802.5,818.08,793.13,818.08,1.94
1997-04-23,818.08,839.11,817.97,837.97,2.43
1997-04-24,837.97,853.69,835.14,837.75,-0.03
1997-04-25,837.75,837.75,818.57,818.57,-2.29
1997-04-28,818.57,833.48,812.25,829.39,1.32
1997-04-29,829.39,856.29,829.39,856.26,3.24
1997-04-30,856.26,877.95,850.95,874.74,2.16
1997-05-01,874.74,886.48,852.1,882.12,0.84
1997-05-02,882.12,909.56,882.12,909.49,3.1
1997-05-05,909.49,932.89,906.41,932.89,2.57
1997-05-06,932.77,932.77,910.33,914.9,-1.93
1997-05-07,914.9,923.65,903.93,909.29,-0.61
1997-05-08,909.29,926.06,903.41,919.31,1.1
1997-05-09,919.15,930.92,910.31,919.08,-0.03
1997-05-12,919.14,927.97,918.05,924.64,0.6
1997-05-13,924.64,926.25,909.26,910.57,-1.52
1997-05-14,910.57,915.37,900.24,909.92,-0.07
1997-05-15,909.92,932.4,909.73,931.83,2.41
1997-05-16,931.79,931.79,915.12,915.29,-1.78
1997-05-19,915.29,928.23,908.72,913.57,-0.19
1997-05-20,913.57,942.14,912.82,942.11,3.12
1997-05-21,942.11,961.48,942.11,950.53,0.89
1997-05-22,950.17,954.42,941.65,946.1,-0.47
1997-05-23,946.11,959.1,945.95,959.08,1.37
1997-05-27,959.08,984.95,956.11,984.61,2.66
1997-05-28,984.61,988.4,976.12,982.6,-0.2
1997-05-29,982.6,987.04,969.66,970.54,-1.23
1997-05-30,970.54,970.54,948.46,958.85,-1.2
1997-06-02,958.85,967.9,950.95,958.69,-0.02
1997-06-03,958.69,958.69,929.48,929.81,-3.01
1997-06-04,929.81,941.99,915.96,921.96,-0.84
1997-06-05,921.96,935.75,921.96,930.61,0.94
1997-06-06,930.61,946.27,926.98,944.99,1.55
1997-06-09,945.01,959.65,945.01,954.76,1.03
1997-06-10,954.56,957.89,937.89,941.18,-1.42
1997-06-11,941.13,949.5,931.43,949.0,0.83
1997-06-12,949.0,955.7,936.0,950.0,0.11
1997-06-13,949.97,971.18,949.29,964.4,1.52
1997-06-16,964.4,975.99,962.54,975.99,1.2
1997-06-17,975.68,991.85,970.25,989.37,1.37
1997-06-18,989.37,989.37,970.83,971.55,-1.8
1997-06-19,971.55,986.97,945.82,981.95,1.07
1997-06-20,981.95,989.25,979.14,981.41,-0.05
1997-06-23,981.41,987.22,968.52,969.06,-1.26
1997-06-24,969.05,986.86,969.05,986.42,1.79
1997-06-25,986.42,993.16,970.58,979.22,-0.73
1997-06-26,979.22,981.39,965.95,967.34,-1.21
1997-06-27,967.34,976.58,961.67,963.01,-0.45
1997-06-30,963.07,970.48,955.43,957.3,-0.59
1997-07-01,957.3,961.77,947.78,953.44,-0.4
1997-07-02,953.44,976.05,953.44,975.93,2.36
1997-07-03,975.93,990.53,975.93,986.52,1.09
1997-07-07,986.52,999.32,986.52,991.04,0.46
1997-07-08,991.04,1005.88,989.97,1005.81,1.49
1997-07-09,1005.81,1019.18,1005.68,1010.1,0.43
1997-07-10,1010.14,1013.37,995.87,1010.04,-0.01
1997-07-11,1010.07,1017.85,1002.93,1015.62,0.55
1997-07-14,1015.62,1041.88,1015.62,1041.88,2.59
1997-07-15,1041.88,1063.04,1041.88,1059.02,1.65
1997-07-16,1059.0,1106.0,1059.0,1103.43,4.19
1997-07-17,1103.43,1108.12,1086.93,1094.85,-0.78
1997-07-18,1094.95,1094.95,1057.1,1070.99,-2.18
1997-07-21,1070.99,1072.94,1051.03,1058.45,-1.17
1997-07-22,1058.45,1091.15,1058.45,1090.94,3.07
1997-07-23,1090.94,1106.7,1087.15,1092.06,0.1
1997-07-24,1092.06,1092.69,1071.52,1088.18,-0.36
1997-07-25,1087.91,1097.24,1078.74,1085.39,-0.26
1997-07-28,1085.39,1089.88,1071.29,1075.18,-0.94
1997-07-29,1075.18,1087.92,1069.25,1087.92,1.18
1997-07-30,1087.95,1104.47,1083.76,1100.98,1.2
1997-07-31,1100.99,1110.27,1096.83,1107.03,0.55
1997-08-01,1107.03,1113.99,1094.32,1108.94,0.17
1997-08-04,1108.95,1125.08,1106.05,1124.08,1.37
1997-08-05,1130.86,1139.2,1091.43,1136.41,1.1
1997-08-06,1136.41,1149.94,1129.08,1141.82,0.48
1997-08-07,1141.82,1151.82,1135.51,1135.61,-0.54
1997-08-08,1135.61,1135.61,1104.48,1115.02,-1.81
1997-08-11,1115.02,1116.4,1083.9,1101.18,-1.24
1997-08-12,1101.18,1116.97,1090.63,1090.78,-0.94
1997-08-13,1090.78,1111.84,1085.05,1099.1,0.76
1997-08-14,1099.1,1106.52,1092.25,1103.51,0.4
1997-08-15,1103.54,1103.54,1076.64,1076.67,-2.43
1997-08-18,1076.65,1089.63,1060.88,1089.55,1.2
1997-08-19,1089.55,1121.18,1089.55,1121.18,2.9
1997-08-20,1121.18,1145.27,1116.8,1145.07,2.13
1997-08-21,1145.07,1145.07,1116.54,1118.72,-2.3
1997-08-22,1118.72,1118.72,1079.3,1110.91,-0.7
1997-08-25,1110.91,1121.81,1101.69,1107.75,-0.28
1997-08-26,1107.8,1107.8,1092.96,1093.21,-1.31
1997-08-27,1093.21,1098.69,1078.85,1091.89,-0.12
1997-08-28,1091.89,1091.89,1064.57,1070.57,-1.95
1997-08-29,1070.62,1080.71,1068.38,1074.05,0.33
1997-09-02,1074.17,1103.23,1074.17,1102.75,2.67
1997-09-03,1102.74,1114.51,1099.31,1100.44,-0.21
1997-09-04,1100.44,1110.05,1098.73,1105.82,0.49
1997-09-05,1105.82,1119.85,1104.78,1111.15,0.48
1997-09-08,1111.15,1124.33,1111.15,1117.82,0.6
1997-09-09,1117.82,1128.99,1117.1,1126.73,0.8
1997-09-10,1126.73,1126.81,1102.83,1102.95,-2.11
1997-09-11,1102.95,1107.6,1082.52,1105.06,0.19
1997-09-12,1105.06,1108.6,1093.61,1106.07,0.09
1997-09-15,1106.07,1108.98,1080.23,1080.29,-2.33
1997-09-16,1080.29,1117.89,1080.29,1116.52,3.35
1997-09-17,1116.52,1122.4,1108.38,1108.63,-0.71
1997-09-18,1108.63,1122.07,1106.67,1109.29,0.06
1997-09-19,1109.29,1118.68,1108.13,1118.68,0.85
1997-09-22,1118.68,1135.21,1118.68,1123.65,0.44
1997-09-23,1123.65,1135.56,1122.84,1135.04,1.01
1997-09-24,1135.04,1139.7,1113.6,1115.88,-1.69
1997-09-25,1115.88,1119.38,1105.77,1106.48,-0.84
1997-09-26,1106.48,1116.1,1102.11,1106.82,0.03
1997-09-29,1106.82,1119.08,1103.76,1118.77,1.08
1997-09-30,1118.77,1118.77,1096.85,1097.16,-1.93
1997-10-01,1097.17,1110.0,1089.36,1102.06,0.45
1997-10-02,1102.05,1113.51,1102.05,1112.84,0.98
1997-10-03,1112.89,1135.19,1112.89,1124.44,1.04
1997-10-06,1124.44,1131.78,1121.24,1125.93,0.13
1997-10-07,1125.93,1144.15,1125.93,1140.74,1.32
1997-10-08,1140.75,1145.87,1132.21,1145.34,0.4
1997-10-09,1145.37,1153.89,1137.64,1148.21,0.25
1997-10-10,1148.21,1148.21,1137.45,1137.77,-0.91
1997-10-13,1137.77,1146.12,1137.13,1140.48,0.24
1997-10-14,1140.48,1143.87,1120.3,1131.43,-0.79
1997-10-15,1131.43,1131.43,1109.41,1119.07,-1.09
1997-10-16,1119.07,1127.35,1089.99,1099.38,-1.76
1997-10-17,1099.38,1099.38,1058.76,1075.12,-2.21
1997-10-20,1075.12,1092.6,1074.21,1088.25,1.22
1997-10-21,1088.25,1110.95,1088.25,1110.55,2.05
1997-10-22,1110.55,1114.46,1098.11,1098.71,-1.07
1997-10-23,1098.71,1098.71,1065.17,1074.65,-2.19
1997-10-24,1074.65,1090.18,1046.77,1057.34,-1.61
1997-10-27,1057.34,1057.34,975.83,978.13,-7.49
1997-10-28,978.84,1050.07,925.92,1046.87,7.03
1997-10-29,1046.87,1057.35,1025.44,1029.76,-1.63
1997-10-30,1029.76,1029.76,1000.7,1000.7,-2.82
1997-10-31,1000.7,1027.34,1000.7,1019.62,1.89
1997-11-03,1019.62,1050.99,1019.62,1050.72,3.05
1997-11-04,1050.72,1056.09,1042.22,1047.62,-0.3
1997-11-05,1047.62,1057.9,1046.25,1046.92,-0.07
1997-11-06,1046.92,1048.34,1032.32,1034.17,-1.22
1997-11-07,1034.17,1034.79,1010.32,1028.32,-0.57
1997-11-10,1028.32,1040.05,1011.14,1011.54,-1.63
1997-11-11,1011.52,1019.62,1006.83,1010.96,-0.06
1997-11-12,1010.96,1010.96,978.73,980.12,-3.05
1997-11-13,980.14,1005.25,971.61,1005.25,2.56
1997-11-14,1002.92,1030.32,1002.92,1027.85,2.25
1997-11-17,1027.85,1055.49,1027.85,1049.7,2.13
1997-11-18,1049.7,1051.67,1036.23,1036.31,-1.28
1997-11-19,1036.31,1042.02,1030.84,1039.12,0.27
1997-11-20,1039.12,1063.52,1039.12,1062.49,2.25
1997-11-21,1062.49,1073.97,1049.43,1056.59,-0.56
1997-11-24,1056.59,1056.59,1028.62,1030.22,-2.5
1997-11-25,1030.22,1041.18,1026.17,1038.06,0.76
1997-11-26,1038.06,1047.25,1038.06,1044.24,0.6
1997-11-28,1044.24,1054.57,1042.72,1050.51,0.6
1997-12-01,1050.51,1079.39,1050.51,1079.23,2.73
1997-12-02,1079.23,1079.23,1050.93,1052.07,-2.52
1997-12-03,1052.07,1062.93,1036.73,1061.62,0.91
1997-12-04,1061.62,1068.34,1050.39,1052.76,-0.83
1997-12-05,1052.76,1070.63,1050.04,1070.27,1.66
1997-12-08,1070.27,1085.35,1070.27,1082.92,1.18
1997-12-09,1082.92,1082.92,1049.02,1050.67,-2.98
1997-12-10,1050.67,1050.67,1020.54,1033.21,-1.66
1997-12-11,1033.22,1033.22,995.59,1001.88,-3.03
1997-12-12,1002.18,1006.82,974.15,978.49,-2.33
1997-12-15,978.49,991.29,960.2,984.38,0.6
1997-12-16,984.38,1007.58,984.38,997.31,1.31
1997-12-17,997.3,1011.96,983.13,983.63,-1.37
1997-12-18,983.63,984.77,956.98,966.77,-1.71
1997-12-19,966.77,972.93,937.69,969.9,0.32
1997-12-22,969.89,990.81,969.49,975.67,0.59
1997-12-23,975.59,979.12,949.21,949.57,-2.68
1997-12-24,949.57,959.89,937.22,938.99,-1.11
1997-12-26,938.99,954.22,938.99,954.07,1.61
1997-12-29,954.07,978.67,954.07,978.53,2.56
1997-12-30,978.53,999.73,978.53,998.46,2.04
1997-12-31,998.46,1005.0,990.29,990.83,-0.76
1998-01-02,990.8,1008.23,987.72,1008.23,1.76
1998-01-05,1008.23,1028.62,1007.25,1017.42,0.91
1998-01-06,1017.42,1018.22,1001.94,1006.29,-1.09
1998-01-07,1006.29,1006.29,978.7,991.19,-1.5
1998-01-08,990.97,1003.71,982.27,994.55,0.34
1998-01-09,994.54,995.51,950.14,956.19,-3.86
1998-01-12,956.19,971.32,933.01,971.17,1.57
1998-01-13,971.17,995.05,971.17,995.05,2.46
1998-01-14,995.05,1001.94,983.9,996.37,0.13
1998-01-15,996.37,1004.36,986.98,995.58,-0.08
1998-01-16,995.58,1008.62,995.58,1005.87,1.03
1998-01-20,1005.87,1026.88,1005.87,1026.88,2.09
1998-01-21,1026.88,1029.79,1017.37,1026.52,-0.04
1998-01-22,1026.74,1029.24,1014.47,1020.63,-0.57
1998-01-23,1020.63,1028.66,1015.45,1024.47,0.38
1998-01-26,1024.47,1026.9,1009.68,1016.4,-0.79
1998-01-27,1016.4,1038.78,1014.36,1035.76,1.9
1998-01-28,1035.76,1064.9,1035.76,1063.2,2.65
1998-01-29,1063.22,1082.08,1059.6,1069.0,0.55
1998-01-30,1069.0,1080.26,1066.7,1071.13,0.2
1998-02-02,1071.13,1103.62,1071.13,1100.99,2.79
1998-02-03,1100.99,1113.54,1096.42,1111.26,0.93
1998-02-04,1111.25,1127.77,1107.46,1124.44,1.19
1998-02-05,1124.44,1143.49,1113.08,1114.86,-0.85
1998-02-06,1114.86,1134.39,1110.46,1134.32,1.75
1998-02-09,1134.32,1138.98,1119.44,1122.72,-1.02
1998-02-10,1122.68,1144.98,1121.97,1139.79,1.52
1998-02-11,1139.79,1145.48,1132.5,1138.81,-0.09
1998-02-12,1138.81,1146.28,1122.48,1144.8,0.53
1998-02-13,1144.8,1144.8,1136.51,1136.69,-0.71
1998-02-17,1136.64,1147.7,1125.77,1128.63,-0.71
1998-02-18,1128.62,1140.74,1125.82,1140.74,1.07
1998-02-19,1140.76,1161.29,1140.76,1156.75,1.4
1998-02-20,1156.76,1163.84,1144.23,1159.73,0.26
1998-02-23,1159.73,1185.78,1159.73,1185.53,2.22
1998-02-24,1185.53,1194.99,1172.34,1172.4,-1.11
1998-02-25,1172.4,1200.65,1172.4,1200.39,2.39
1998-02-26,1200.39,1207.84,1196.47,1206.97,0.55
1998-02-27,1206.92,1213.09,1194.09,1194.13,-1.06
1998-03-02,1194.13,1204.12,1176.76,1177.59,-1.39
1998-03-03,1177.59,1177.59,1160.93,1175.72,-0.16
1998-03-04,1175.72,1181.22,1166.81,1179.87,0.35
1998-03-05,1179.87,1179.87,1123.86,1126.83,-4.5
1998-03-06,1126.75,1163.11,1126.75,1163.11,3.22
1998-03-09,1163.11,1163.11,1128.37,1128.37,-2.99
1998-03-10,1128.37,1148.8,1128.37,1148.61,1.79
1998-03-11,1148.61,1163.85,1146.78,1153.87,0.46
1998-03-12,1153.87,1166.43,1147.52,1163.27,0.81
1998-03-13,1163.27,1180.96,1163.27,1169.29,0.52
1998-03-16,1169.37,1181.41,1169.37,1180.17,0.93
1998-03-17,1180.17,1180.17,1158.86,1167.89,-1.04
1998-03-18,1167.89,1177.62,1157.34,1177.01,0.78
1998-03-19,1177.01,1186.22,1176.62,1186.16,0.78
1998-03-20,1186.16,1190.88,1168.39,1169.43,-1.41
1998-03-23,1169.43,1184.89,1162.93,1179.18,0.83
1998-03-24,1179.18,1199.84,1179.18,1197.81,1.58
1998-03-25,1197.81,1230.92,1197.81,1214.82,1.42
1998-03-26,1214.83,1223.34,1206.33,1217.94,0.26
1998-03-27,1217.94,1226.72,1206.6,1211.64,-0.52
1998-03-30,1211.64,1215.17,1201.17,1206.64,-0.41
1998-03-31,1206.28,1227.04,1206.28,1220.66,1.16
1998-04-01,1220.66,1230.42,1207.96,1228.41,0.63
1998-04-02,1228.58,1236.51,1224.05,1230.18,0.14
1998-04-03,1230.18,1240.28,1226.13,1233.66,0.28
1998-04-06,1233.66,1234.42,1204.65,1205.37,-2.29
1998-04-07,1205.37,1205.37,1172.87,1182.13,-1.93
1998-04-08,1182.13,1197.47,1180.84,1191.06,0.76
1998-04-09,1191.06,1204.04,1191.06,1196.9,0.49
1998-04-13,1196.99,1205.48,1184.1,1202.97,0.51
1998-04-14,1202.97,1216.67,1197.19,1213.12,0.84
1998-04-15,1213.12,1237.9,1213.12,1231.36,1.5
1998-04-16,1231.36,1231.36,1217.73,1227.53,-0.31
1998-04-17,1227.53,1231.59,1217.22,1231.25,0.3
1998-04-20,1231.25,1254.01,1230.9,1253.11,1.78
1998-04-21,1253.11,1270.22,1241.02,1269.7,1.32
1998-04-22,1269.7,1310.1,1269.7,1290.9,1.67
1998-04-23,1290.9,1290.9,1257.69,1258.58,-2.5
1998-04-24,1258.58,1269.27,1243.09,1250.14,-0.67
1998-04-27,1250.14,1250.14,1204.86,1220.05,-2.41
1998-04-28,1220.05,1242.58,1210.31,1222.5,0.2
1998-04-29,1222.5,1241.76,1222.5,1239.56,1.4
1998-04-30,1239.56,1256.14,1239.56,1248.12,0.69
1998-05-01,1248.12,1254.07,1241.1,1251.53,0.27
1998-05-04,1251.53,1268.03,1251.53,1255.82,0.34
1998-05-05,1255.67,1257.69,1245.27,1247.27,-0.68
1998-05-06,1247.27,1255.55,1237.58,1242.25,-0.4
1998-05-07,1242.26,1244.13,1222.36,1222.68,-1.58
1998-05-08,1222.68,1255.08,1217.03,1254.03,2.56
1998-05-11,1254.03,1267.29,1237.52,1237.66,-1.31
1998-05-12,1237.67,1256.41,1230.58,1256.41,1.51
1998-05-13,1256.41,1270.37,1256.41,1263.08,0.53
1998-05-14,1263.08,1280.28,1249.81,1266.15,0.24
1998-05-15,1266.1,1270.51,1245.96,1249.49,-1.32
1998-05-18,1249.49,1255.39,1232.3,1242.5,-0.56
1998-05-19,1242.5,1259.22,1242.5,1255.59,1.05
1998-05-20,1255.59,1259.57,1233.79,1237.75,-1.42
1998-05-21,1237.75,1242.35,1221.45,1223.7,-1.14
1998-05-22,1223.7,1243.63,1210.51,1214.13,-0.78
1998-05-26,1214.13,1226.79,1198.29,1200.12,-1.15
1998-05-27,1200.12,1209.93,1180.23,1209.46,0.78
1998-05-28,1209.46,1218.16,1200.24,1214.83,0.44
1998-05-29,1214.83,1220.65,1191.75,1192.07,-1.87
1998-06-01,1192.07,1192.07,1160.13,1165.55,-2.22
1998-06-02,1165.55,1190.5,1165.55,1187.15,1.85
1998-06-03,1187.15,1198.88,1163.55,1163.98,-1.95
1998-06-04,1163.98,1195.23,1163.98,1195.19,2.68
1998-06-05,1195.19,1207.73,1187.63,1206.7,0.96
1998-06-08,1206.7,1212.75,1199.92,1207.02,0.03
1998-06-09,1207.01,1224.4,1203.99,1223.48,1.36
1998-06-10,1223.48,1224.13,1199.26,1199.31,-1.98
1998-06-11,1199.3,1206.96,1184.04,1185.11,-1.18
1998-06-12,1185.11,1187.33,1157.88,1186.99,0.16
1998-06-15,1186.99,1194.31,1169.14,1173.57,-1.13
1998-06-16,1173.57,1211.28,1173.57,1210.9,3.18
1998-06-17,1210.9,1236.38,1210.9,1224.08,1.09
1998-06-18,1224.09,1230.73,1216.0,1227.33,0.27
1998-06-19,1227.33,1242.54,1227.33,1239.71,1.01
1998-06-22,1239.71,1265.96,1234.18,1263.93,1.95
1998-06-23,1264.64,1302.69,1264.64,1302.39,3.04
1998-06-24,1302.39,1331.84,1285.19,1331.16,2.21
1998-06-25,1331.16,1347.44,1308.07,1311.4,-1.48
1998-06-26,1311.4,1324.48,1311.4,1320.94,0.73
1998-06-29,1320.94,1342.82,1320.94,1339.71,1.42
1998-06-30,1339.72,1345.19,1323.12,1337.34,-0.18
1998-07-01,1337.34,1356.16,1336.11,1356.14,1.41
1998-07-02,1356.14,1356.14,1331.84,1332.53,-1.74
1998-07-06,1332.53,1344.52,1326.07,1342.58,0.75
1998-07-07,1342.58,1347.15,1329.74,1346.32,0.28
1998-07-08,1346.32,1378.61,1346.31,1377.84,2.34
1998-07-09,1377.84,1397.26,1373.78,1383.22,0.39
1998-07-10,1383.22,1392.57,1369.06,1391.11,0.57
1998-07-13,1391.11,1420.91,1391.11,1420.58,2.12
1998-07-14,1420.59,1433.48,1414.96,1418.13,-0.17
1998-07-15,1418.13,1452.07,1418.13,1449.58,2.22
1998-07-16,1449.58,1458.61,1437.48,1452.62,0.21
1998-07-17,1452.62,1466.13,1444.77,1463.97,0.78
1998-07-20,1463.97,1478.44,1458.6,1465.89,0.13
1998-07-21,1465.89,1485.97,1430.76,1431.89,-2.32
1998-07-22,1431.89,1439.0,1405.25,1430.58,-0.09
1998-07-23,1430.58,1445.97,1405.76,1405.8,-1.73
1998-07-24,1405.8,1425.76,1385.86,1408.6,0.2
1998-07-27,1408.6,1426.47,1370.97,1426.37,1.26
1998-07-28,1426.37,1433.71,1392.33,1393.28,-2.32
1998-07-29,1393.28,1412.7,1377.44,1380.08,-0.95
1998-07-30,1380.08,1422.14,1380.08,1422.05,3.04
1998-07-31,1422.06,1422.06,1376.61,1377.26,-3.15
1998-08-03,1377.26,1383.93,1360.39,1368.44,-0.64
1998-08-04,1368.44,1386.09,1316.37,1317.24,-3.74
1998-08-05,1317.24,1343.12,1289.91,1329.9,0.96
1998-08-06,1329.9,1365.87,1317.16,1365.87,2.7
1998-08-07,1365.87,1388.56,1359.23,1364.07,-0.13
1998-08-10,1364.08,1375.41,1352.66,1362.88,-0.09
1998-08-11,1362.88,1362.88,1316.48,1330.13,-2.4
1998-08-12,1330.13,1357.59,1330.13,1354.66,1.84
1998-08-13,1354.66,1363.62,1338.24,1338.39,-1.2
1998-08-14,1338.39,1352.84,1320.01,1330.04,-0.62
1998-08-17,1330.04,1367.95,1322.19,1367.79,2.84
1998-08-18,1367.79,1405.88,1367.79,1401.24,2.45
1998-08-19,1401.24,1421.4,1396.36,1398.26,-0.21
1998-08-20,1398.26,1404.79,1385.51,1398.2,0.0
1998-08-21,1398.2,1398.2,1343.45,1374.77,-1.68
1998-08-24,1374.77,1392.38,1366.52,1370.92,-0.28
1998-08-25,1370.92,1398.77,1370.92,1388.35,1.27
1998-08-26,1388.35,1388.35,1360.82,1374.05,-1.03
1998-08-27,1374.05,1374.05,1301.58,1311.53,-4.55
1998-08-28,1312.28,1320.26,1249.49,1265.04,-3.54
1998-08-31,1265.04,1278.82,1140.03,1140.34,-9.86
1998-09-01,1140.34,1220.04,1118.12,1215.06,6.55
1998-09-02,1215.06,1257.08,1214.54,1221.44,0.53
1998-09-03,1221.44,1230.14,1186.38,1208.96,-1.02
1998-09-04,1208.96,1231.41,1181.52,1205.41,-0.29
1998-09-08,1205.41,1286.69,1205.41,1286.47,6.72
1998-09-09,1286.47,1320.3,1261.76,1261.77,-1.92
1998-09-10,1261.77,1261.77,1215.36,1235.37,-2.09
1998-09-11,1235.37,1290.35,1235.37,1290.2,4.44
1998-09-14,1290.2,1319.97,1290.2,1308.23,1.4
1998-09-15,1308.23,1324.37,1295.48,1324.19,1.22
1998-09-16,1324.17,1336.52,1314.55,1331.45,0.55
1998-09-17,1331.45,1331.45,1283.08,1291.79,-2.98
1998-09-18,1291.79,1302.83,1285.58,1300.7,0.69
1998-09-21,1300.7,1327.7,1259.3,1327.7,2.08
1998-09-22,1327.7,1345.43,1325.75,1336.19,0.64
1998-09-23,1336.19,1394.65,1336.19,1394.65,4.38
1998-09-24,1394.65,1402.75,1347.9,1356.46,-2.74
1998-09-25,1356.46,1390.31,1339.07,1390.09,2.48
1998-09-28,1390.09,1413.16,1367.74,1383.25,-0.49
1998-09-29,1383.3,1400.39,1369.04,1384.89,0.12
1998-09-30,1384.44,1384.44,1343.6,1345.48,-2.85
1998-10-01,1345.48,1345.48,1266.38,1273.74,-5.33
1998-10-02,1273.74,1285.69,1228.7,1276.44,0.21
1998-10-05,1267.49,1267.49,1174.94,1207.68,-5.39
1998-10-06,1207.68,1250.4,1174.4,1184.84,-1.89
1998-10-07,1184.1,1204.87,1139.34,1151.09,-2.85
1998-10-08,1144.69,1144.69,1063.27,1128.88,-1.93
1998-10-09,1128.88,1199.13,1128.88,1197.87,6.11
1998-10-12,1198.42,1258.87,1198.42,1243.4,3.8
1998-10-13,1243.4,1243.4,1199.3,1206.9,-2.94
1998-10-14,1206.5,1253.43,1173.45,1235.67,2.38
1998-10-15,1235.67,1300.51,1231.73,1299.66,5.18
1998-10-16,1299.66,1318.33,1288.86,1293.91,-0.44
1998-10-19,1293.91,1310.86,1283.54,1310.17,1.26
1998-10-20,1310.17,1334.55,1282.83,1283.23,-2.06
1998-10-21,1283.23,1332.05,1283.23,1332.05,3.8
1998-10-22,1332.05,1355.69,1318.08,1355.19,1.74
1998-10-23,1355.19,1360.81,1339.16,1340.6,-1.08
1998-10-26,1340.6,1369.47,1339.39,1368.93,2.11
1998-10-27,1368.93,1413.9,1353.34,1353.34,-1.14
1998-10-28,1353.34,1380.68,1348.01,1379.96,1.97
1998-10-29,1379.96,1397.99,1370.61,1396.3,1.18
1998-10-30,1396.3,1414.6,1395.06,1400.52,0.3
1998-11-02,1400.52,1419.35,1400.52,1418.79,1.3
1998-11-03,1418.79,1418.79,1395.53,1401.73,-1.2
1998-11-04,1401.73,1437.58,1401.73,1434.0,2.3
1998-11-05,1434.0,1445.85,1422.89,1442.04,0.56
1998-11-06,1442.03,1460.12,1438.93,1458.34,1.13
1998-11-09,1458.34,1470.6,1446.99,1467.63,0.64
1998-11-10,1467.63,1488.01,1457.67,1477.48,0.67
1998-11-11,1477.48,1504.51,1477.48,1480.71,0.22
1998-11-12,1478.22,1480.05,1460.56,1466.54,-0.96
1998-11-13,1466.54,1477.7,1454.51,1465.22,-0.09
1998-11-16,1465.22,1488.96,1457.47,1475.6,0.71
1998-11-17,1475.6,1508.19,1463.25,1498.55,1.56
1998-11-18,1498.55,1519.51,1495.44,1514.89,1.09
1998-11-19,1514.89,1549.93,1514.89,1537.45,1.49
1998-11-20,1537.45,1554.96,1531.25,1544.22,0.44
1998-11-23,1544.22,1593.69,1544.22,1589.06,2.9
1998-11-24,1589.06,1605.96,1579.67,1580.83,-0.52
1998-11-25,1580.83,1598.49,1567.9,1598.48,1.12
1998-11-27,1598.48,1628.86,1598.48,1628.35,1.87
1998-11-30,1628.38,1634.4,1557.47,1557.96,-4.32
1998-12-01,1557.96,1632.72,1535.18,1632.53,4.79
1998-12-02,1632.53,1634.21,1595.23,1619.09,-0.82
1998-12-03,1619.14,1641.28,1573.78,1573.78,-2.8
1998-12-04,1574.83,1630.01,1574.83,1630.01,3.57
1998-12-07,1630.01,1677.47,1630.01,1676.89,2.88
1998-12-08,1676.89,1699.04,1650.64,1668.16,-0.52
1998-12-09,1668.16,1686.57,1661.88,1685.38,1.03
1998-12-10,1685.38,1697.03,1652.45,1652.76,-1.94
1998-12-11,1652.78,1680.75,1644.4,1675.01,1.35
1998-12-14,1674.68,1674.68,1607.53,1614.09,-3.64
1998-12-15,1614.08,1663.95,1614.08,1663.78,3.08
1998-12-16,1663.78,1676.82,1641.51,1656.28,-0.45
1998-12-17,1656.28,1689.64,1656.28,1689.63,2.01
1998-12-18,1689.63,1735.62,1689.63,1735.0,2.69
1998-12-21,1735.6,1790.48,1735.6,1787.3,3.01
1998-12-22,1787.3,1793.62,1751.68,1767.82,-1.09
1998-12-23,1767.82,1818.96,1767.82,1818.96,2.89
1998-12-24,1818.96,1818.96,1805.67,1806.04,-0.71
1998-12-28,1806.04,1832.07,1805.25,1823.99,0.99
1998-12-29,1823.99,1827.98,1802.86,1823.31,-0.04
1998-12-30,1823.31,1842.91,1806.25,1810.97,-0.68
1998-12-31,1812.07,1848.36,1809.91,1836.01,1.38
1999-01-04,1836.01,1874.61,1833.43,1854.39,1.0
1999-01-05,1854.39,1903.0,1848.78,1903.0,2.62
1999-01-06,1903.0,1963.95,1903.0,1963.95,3.2
1999-01-07,1963.95,1975.67,1927.12,1966.35,0.12
1999-01-08,1966.35,2008.26,1940.91,1973.66,0.37
1999-01-11,1973.66,2000.7,1968.37,2000.18,1.34
1999-01-12,2000.18,2007.1,1937.53,1939.08,-3.05
1999-01-13,1939.08,1985.79,1838.65,1948.71,0.5
1999-01-14,1965.1,1965.1,1905.47,1906.12,-2.19
1999-01-15,1906.12,1982.38,1906.12,1981.62,3.96
1999-01-19,1981.62,2034.09,1981.62,2033.71,2.63
1999-01-20,2033.71,2096.27,2032.81,2033.71,0.0
1999-01-21,2033.71,2033.71,1957.32,1961.76,-3.54
1999-01-22,1961.76,1990.8,1926.7,1964.21,0.12
1999-01-25,1964.21,1998.17,1951.29,1997.16,1.68
1999-01-26,2004.14,2063.52,2004.14,2062.2,3.26
1999-01-27,2062.21,2091.51,2030.08,2030.36,-1.54
1999-01-28,2030.36,2105.66,2030.36,2104.59,3.66
1999-01-29,2104.59,2128.19,2074.01,2127.19,1.07
1999-02-01,2127.19,2150.83,2114.53,2130.93,0.18
1999-02-02,2130.93,2133.4,2065.74,2078.69,-2.45
1999-02-03,2078.77,2120.1,2064.34,2119.94,1.98
1999-02-04,2119.95,2121.62,2027.56,2027.66,-4.35
1999-02-05,2027.66,2039.79,1963.8,1988.55,-1.93
1999-02-08,1988.55,2034.21,1986.25,2034.21,2.3
1999-02-09,2034.21,2036.21,1935.24,1935.33,-4.86
1999-02-10,1935.33,1973.9,1924.53,1944.18,0.46
1999-02-11,1946.41,2045.08,1946.41,2044.68,5.17
1999-02-12,2044.68,2044.68,1957.93,1958.6,-4.21
1999-02-16,1958.6,2004.64,1940.74,1954.49,-0.21
1999-02-17,1954.48,1954.48,1885.77,1891.37,-3.23
1999-02-18,1891.37,1915.25,1864.9,1906.09,0.78
1999-02-19,1906.09,1938.65,1906.09,1931.59,1.34
1999-02-22,1931.65,1996.38,1918.71,1996.02,3.34
1999-02-23,1996.02,2035.37,1991.6,2028.23,1.61
1999-02-24,2028.23,2055.82,1988.33,1989.14,-1.93
1999-02-25,1989.14,1989.14,1936.4,1974.39,-0.74
1999-02-26,1974.39,1974.39,1914.7,1925.28,-2.49
1999-03-01,1925.97,1945.37,1902.29,1937.7,0.65
1999-03-02,1937.7,1953.83,1886.36,1888.66,-2.53
1999-03-03,1891.7,1913.18,1870.37,1899.81,0.59
1999-03-04,1899.81,1954.31,1880.85,1933.03,1.75
1999-03-05,1933.06,1985.54,1933.06,1969.87,1.91
1999-03-08,1969.87,2034.69,1969.87,2034.05,3.26
1999-03-09,2034.05,2070.24,2021.21,2028.57,-0.27
1999-03-10,2028.57,2042.87,2012.03,2038.51,0.49
1999-03-11,2038.51,2067.49,2020.23,2043.76,0.26
1999-03-12,2043.76,2043.76,1989.84,2008.96,-1.7
1999-03-15,2009.36,2060.34,1999.23,2060.34,2.56
1999-03-16,2060.34,2083.32,2048.29,2073.31,0.63
1999-03-17,2073.14,2080.24,2057.13,2064.5,-0.42
1999-03-18,2064.5,2102.97,2060.53,2102.77,1.85
1999-03-19,2102.91,2121.56,2053.17,2053.69,-2.33
1999-03-22,2053.69,2065.11,2025.7,2027.14,-1.29
1999-03-23,2026.84,2026.84,1960.31,1961.31,-3.25
1999-03-24,1961.31,2013.7,1943.92,2013.55,2.66
1999-03-25,2013.55,2083.46,2013.55,2083.35,3.47
1999-03-26,2083.35,2096.22,2058.87,2067.3,-0.77
1999-03-29,2067.3,2144.66,2067.3,2144.66,3.74
1999-03-30,2144.66,2158.94,2123.98,2125.69,-0.88
1999-03-31,2125.69,2168.69,2104.19,2106.39,-0.91
1999-04-01,2106.39,2147.63,2106.39,2146.13,1.89
1999-04-05,2146.13,2219.97,2146.13,2219.64,3.43
1999-04-06,2219.64,2244.25,2200.56,2218.83,-0.04
1999-04-07,2218.83,2251.29,2158.63,2192.29,-1.2
1999-04-08,2192.29,2224.81,2156.65,2224.75,1.48
1999-04-09,2224.75,2238.59,2208.39,2232.47,0.35
1999-04-12,2232.47,2232.47,2167.71,2219.21,-0.59
1999-04-13,2219.21,2240.3,2173.23,2175.18,-1.98
1999-04-14,2175.18,2214.68,2103.63,2103.63,-3.29
1999-04-15,2103.63,2136.27,2053.72,2135.81,1.53
1999-04-16,2135.81,2144.61,2082.0,2086.46,-2.31
1999-04-19,2086.46,2104.55,1962.56,1967.58,-5.7
1999-04-20,1967.57,2030.34,1952.36,2030.28,3.19
1999-04-21,2031.6,2106.23,2022.0,2105.82,3.72
1999-04-22,2105.82,2185.23,2105.82,2183.49,3.69
1999-04-23,2183.49,2224.4,2151.06,2210.44,1.23
1999-04-26,2210.45,2276.68,2210.45,2260.66,2.27
1999-04-27,2263.01,2283.55,2204.44,2207.03,-2.37
1999-04-28,2207.03,2217.17,2147.54,2150.44,-2.56
1999-04-29,2150.44,2152.72,2094.57,2119.29,-1.45
1999-04-30,2119.47,2172.14,2081.67,2136.39,0.81
1999-05-03,2136.39,2145.45,2097.39,2137.95,0.07
1999-05-04,2137.95,2170.52,2096.08,2097.55,-1.89
1999-05-05,2097.55,2155.8,2047.77,2155.77,2.78
1999-05-06,2155.77,2163.79,2075.96,2078.63,-3.58
1999-05-07,2079.42,2119.86,2064.56,2117.73,1.88
1999-05-10,2117.73,2151.87,2109.9,2134.75,0.8
1999-05-11,2134.75,2182.46,2134.75,2175.85,1.93
1999-05-12,2175.85,2223.53,2152.77,2217.68,1.92
1999-05-13,2217.68,2239.86,2178.37,2179.08,-1.74
1999-05-14,2179.08,2179.08,2120.72,2125.15,-2.47
1999-05-17,2125.15,2175.74,2099.73,2175.74,2.38
1999-05-18,2175.74,2180.67,2146.81,2159.26,-0.76
1999-05-19,2159.36,2186.51,2119.55,2186.2,1.25
1999-05-20,2186.31,2193.45,2139.95,2139.95,-2.12
1999-05-21,2139.95,2152.56,2105.01,2114.4,-1.19
1999-05-24,2114.4,2123.47,2050.83,2060.59,-2.54
1999-05-25,2060.59,2086.48,1997.82,1999.04,-2.99
1999-05-26,1999.04,2053.04,1960.55,2053.04,2.7
1999-05-27,2053.04,2069.11,2021.18,2050.09,-0.14
1999-05-28,2050.09,2090.16,2038.74,2089.7,1.93
1999-06-01,2089.7,2089.7,2025.66,2025.79,-3.06
1999-06-02,2025.79,2076.65,1987.4,2074.54,2.41
1999-06-03,2074.54,2083.0,2029.22,2030.4,-2.13
1999-06-04,2031.97,2109.47,2031.97,2109.41,3.89
1999-06-07,2109.41,2155.39,2109.41,2152.69,2.05
1999-06-08,2152.69,2158.8,2083.81,2086.75,-3.06
1999-06-09,2089.14,2136.52,2089.14,2135.48,2.34
1999-06-10,2135.48,2135.48,2081.67,2097.79,-1.76
1999-06-11,2097.79,2120.54,2057.19,2062.29,-1.69
1999-06-14,2062.29,2074.28,2027.9,2028.92,-1.62
1999-06-15,2028.56,2072.35,2020.38,2058.17,1.44
1999-06-16,2058.17,2167.82,2058.17,2167.49,5.31
1999-06-17,2159.1,2198.29,2139.8,2190.83,1.08
1999-06-18,2190.83,2206.2,2155.19,2205.46,0.67
1999-06-21,2205.46,2268.66,2205.46,2268.66,2.87
1999-06-22,2268.67,2280.31,2209.85,2209.89,-2.59
1999-06-23,2209.89,2239.59,2177.48,2239.33,1.33
1999-06-24,2239.33,2239.33,2181.48,2184.87,-2.43
1999-06-25,2184.87,2221.31,2174.11,2185.76,0.04
1999-06-28,2185.76,2243.94,2185.76,2243.94,2.66
1999-06-29,2243.73,2280.41,2192.95,2280.06,1.61
1999-06-30,2280.07,2320.43,2250.95,2296.77,0.73
1999-07-01,2296.77,2329.06,2272.17,2322.32,1.11
1999-07-02,2322.32,2348.22,2322.32,2347.88,1.1
1999-07-06,2347.88,2383.02,2325.32,2330.73,-0.73
1999-07-07,2331.12,2347.28,2317.38,2340.67,0.43
1999-07-08,2340.67,2377.86,2329.1,2374.58,1.45
1999-07-09,2374.58,2393.36,2363.41,2393.02,0.78
1999-07-12,2393.02,2410.62,2370.09,2384.24,-0.37
1999-07-13,2384.21,2384.21,2352.52,2373.66,-0.44
1999-07-14,2373.61,2417.06,2360.83,2417.05,1.83
1999-07-15,2417.05,2430.44,2407.4,2429.27,0.51
1999-07-16,2429.27,2466.8,2429.27,2459.48,1.24
1999-07-19,2459.5,2468.42,2422.63,2424.62,-1.42
1999-07-20,2424.62,2424.62,2327.73,2329.32,-3.93
1999-07-21,2329.32,2368.37,2325.11,2363.63,1.47
1999-07-22,2363.63,2363.63,2281.31,2281.92,-3.46
1999-07-23,2281.92,2313.82,2270.0,2302.02,0.88
1999-07-26,2302.02,2302.02,2233.15,2233.51,-2.98
1999-07-27,2233.51,2312.68,2233.51,2308.78,3.37
1999-07-28,2308.39,2338.01,2282.77,2333.78,1.08
1999-07-29,2333.78,2333.78,2256.18,2263.06,-3.03
1999-07-30,2263.06,2309.18,2263.06,2270.93,0.35
1999-08-02,2270.93,2307.55,2255.79,2264.81,-0.27
1999-08-03,2264.81,2292.29,2211.44,2239.18,-1.13
1999-08-04,2239.18,2258.83,2202.49,2204.33,-1.56
1999-08-05,2204.33,2232.23,2148.23,2232.23,1.27
1999-08-06,2232.23,2260.01,2201.9,2212.15,-0.9
1999-08-09,2212.15,2226.67,2183.85,2187.61,-1.11
1999-08-10,2187.61,2192.77,2120.26,2163.77,-1.09
1999-08-11,2164.55,2241.82,2164.55,2241.8,3.61
1999-08-12,2241.8,2260.84,2212.99,2214.33,-1.23
1999-08-13,2216.15,2307.13,2216.15,2307.06,4.19
1999-08-16,2307.06,2332.97,2294.37,2313.08,0.26
1999-08-17,2313.08,2346.55,2295.11,2337.37,1.05
1999-08-18,2337.37,2351.0,2317.39,2317.39,-0.85
1999-08-19,2317.39,2317.39,2270.96,2278.79,-1.67
1999-08-20,2278.79,2315.49,2276.2,2315.07,1.59
1999-08-23,2315.07,2386.01,2315.07,2385.87,3.06
1999-08-24,2385.84,2432.39,2371.14,2404.82,0.79
1999-08-25,2404.82,2465.74,2400.21,2460.92,2.33
1999-08-26,2460.92,2467.46,2416.31,2417.3,-1.77
1999-08-27,2417.3,2438.88,2396.07,2402.57,-0.61
1999-08-30,2402.57,2415.6,2358.79,2366.88,-1.49
1999-08-31,2366.88,2400.65,2326.99,2396.87,1.27
1999-09-01,2396.87,2433.45,2390.02,2404.94,0.34
1999-09-02,2404.94,2407.49,2356.4,2392.6,-0.51
1999-09-03,2393.75,2506.75,2393.75,2506.69,4.77
1999-09-07,2506.69,2525.03,2491.82,2491.82,-0.59
1999-09-08,2491.82,2504.55,2453.64,2454.67,-1.49
1999-09-09,2454.67,2506.01,2453.44,2505.5,2.07
1999-09-10,2505.5,2548.55,2502.61,2534.61,1.16
1999-09-13,2533.36,2533.36,2483.1,2483.1,-2.03
1999-09-14,2483.3,2525.42,2482.14,2522.46,1.59
1999-09-15,2518.84,2539.26,2461.93,2463.09,-2.35
1999-09-16,2459.79,2478.88,2413.02,2466.88,0.15
1999-09-17,2468.88,2537.31,2468.88,2536.91,2.84
1999-09-20,2541.16,2551.66,2523.04,2545.41,0.34
1999-09-21,2536.66,2536.66,2472.94,2473.74,-2.82
1999-09-22,2474.57,2515.62,2455.85,2513.94,1.63
1999-09-23,2524.71,2539.66,2392.01,2403.07,-4.41
1999-09-24,2398.92,2410.58,2345.22,2399.58,-0.15
1999-09-27,2401.27,2453.94,2401.27,2426.51,1.12
1999-09-28,2425.7,2437.99,2359.48,2428.11,0.07
1999-09-29,2428.32,2449.27,2397.5,2398.78,-1.21
1999-09-30,2401.49,2433.36,2379.42,2407.9,0.38
1999-10-01,2407.7,2408.05,2358.22,2404.45,-0.14
1999-10-04,2406.45,2467.96,2406.45,2467.92,2.64
1999-10-05,2468.44,2507.9,2436.23,2471.5,0.15
1999-10-06,2479.06,2532.4,2479.06,2532.4,2.46
1999-10-07,2535.69,2558.1,2512.29,2532.0,-0.02
1999-10-08,2534.1,2555.36,2484.18,2555.36,0.92
1999-10-11,2556.86,2585.03,2555.18,2578.88,0.92
1999-10-12,2585.53,2586.33,2508.02,2526.82,-2.02
1999-10-13,2515.8,2527.15,2444.62,2454.49,-2.86
1999-10-14,2463.26,2484.24,2426.18,2470.99,0.67
1999-10-15,2467.2,2468.34,2382.24,2403.81,-2.72
1999-10-18,2401.2,2404.92,2299.95,2362.11,-1.73
1999-10-19,2369.55,2401.92,2346.27,2362.25,0.01
1999-10-20,2384.52,2466.29,2384.52,2466.29,4.4
1999-10-21,2450.44,2482.03,2396.58,2477.14,0.44
1999-10-22,2479.74,2523.61,2472.4,2485.9,0.35
1999-10-25,2488.16,2507.63,2462.7,2484.19,-0.07
1999-10-26,2484.85,2522.8,2466.09,2466.4,-0.72
1999-10-27,2466.45,2467.89,2423.29,2457.46,-0.36
1999-10-28,2471.91,2540.17,2471.91,2539.93,3.36
1999-10-29,2539.93,2651.12,2539.93,2637.44,3.84
1999-11-01,2637.04,2661.08,2616.27,2616.36,-0.8
1999-11-02,2617.07,2662.51,2612.39,2626.99,0.41
1999-11-03,2630.73,2686.7,2630.73,2672.72,1.74
1999-11-04,2682.55,2716.41,2677.13,2703.11,1.14
1999-11-05,2704.88,2765.56,2704.88,2755.7,1.95
1999-11-08,2732.53,2792.27,2725.2,2786.27,1.11
1999-11-09,2791.56,2813.52,2741.17,2763.58,-0.81
1999-11-10,2770.76,2824.68,2757.98,2797.61,1.23
1999-11-11,2798.07,2851.52,2798.07,2849.81,1.87
1999-11-12,2851.36,2889.7,2775.96,2888.91,1.37
1999-11-15,2891.58,2901.16,2869.45,2875.87,-0.45
1999-11-16,2875.87,2940.61,2875.87,2940.25,2.24
1999-11-17,2952.91,2967.79,2908.03,2911.69,-0.97
1999-11-18,2914.25,3003.49,2914.25,3003.49,3.15
1999-11-19,3001.28,3034.78,2983.64,3028.84,0.84
1999-11-22,3028.51,3057.06,3010.92,3049.61,0.69
1999-11-23,3049.4,3066.44,2975.71,2999.78,-1.63
1999-11-24,3003.02,3108.96,2982.02,3108.52,3.62
1999-11-26,3109.35,3151.77,3108.49,3116.62,0.26
1999-11-29,3114.88,3127.05,3063.23,3063.23,-1.71
1999-11-30,3061.68,3067.09,2964.11,2966.71,-3.15
1999-12-01,2970.04,3019.21,2956.79,2997.28,1.03
1999-12-02,3002.9,3108.47,3002.9,3108.47,3.71
1999-12-03,3120.12,3209.93,3120.12,3172.37,2.06
1999-12-06,3172.31,3223.63,3152.93,3191.09,0.59
1999-12-07,3190.57,3211.99,3158.73,3205.08,0.44
1999-12-08,3197.51,3223.56,3158.87,3164.08,-1.28
1999-12-09,3184.5,3219.22,3093.98,3167.52,0.11
1999-12-10,3172.38,3208.93,3129.95,3203.28,1.13
1999-12-13,3198.35,3252.92,3173.27,3242.37,1.22
1999-12-14,3243.6,3251.79,3166.66,3167.29,-2.32
1999-12-15,3165.68,3239.65,3121.32,3239.18,2.27
1999-12-16,3253.98,3332.56,3253.98,3332.31,2.88
1999-12-17,3362.69,3434.22,3341.71,3359.86,0.83
1999-12-20,3361.97,3406.22,3351.53,3390.01,0.9
1999-12-21,3397.26,3528.88,3393.07,3528.53,4.09
1999-12-22,3536.92,3568.48,3501.34,3562.29,0.96
1999-12-23,3566.4,3625.58,3566.4,3590.28,0.79
1999-12-27,3588.43,3620.13,3521.85,3598.51,0.23
1999-12-28,3601.14,3623.03,3550.87,3579.95,-0.52
1999-12-29,3582.93,3689.82,3582.93,3689.68,3.07
1999-12-30,3692.57,3750.41,3680.75,3683.67,-0.16
1999-12-31,3700.0,3732.1,3689.75,3707.83,0.66
2000-01-03,3755.74,3836.86,3643.25,3790.55,2.23
2000-01-04,3766.57,3766.57,3542.73,3546.2,-6.45
2000-01-05,3543.13,3576.17,3371.75,3507.31,-1.1
2000-01-06,3488.31,3513.55,3334.02,3340.81,-4.75
2000-01-07,3337.26,3529.75,3314.75,3529.6,5.65
2000-01-10,3558.21,3756.17,3558.21,3717.41,5.32
2000-01-11,3715.22,3717.17,3517.79,3544.35,-4.66
2000-01-12,3548.77,3572.62,3447.9,3478.14,-1.87
2000-01-13,3495.83,3612.43,3494.39,3612.08,3.85
2000-01-14,3653.3,3744.89,3653.3,3704.74,2.57
2000-01-18,3704.74,3779.56,3665.87,3757.78,1.43
2000-01-19,3741.45,3803.72,3711.96,3790.89,0.88
2000-01-20,3798.84,3877.43,3782.43,3841.74,1.34
2000-01-21,3841.74,3891.81,3806.58,3849.96,0.21
2000-01-24,3888.33,3905.1,3660.86,3660.96,-4.91
2000-01-25,3667.02,3759.33,3591.34,3759.11,2.68
2000-01-26,3762.69,3762.69,3621.1,3621.21,-3.67
2000-01-27,3628.88,3701.3,3512.07,3593.15,-0.77
2000-01-28,3595.89,3618.08,3408.03,3446.13,-4.09
2000-01-31,3438.09,3570.59,3349.06,3570.05,3.6
2000-02-01,3580.29,3703.59,3544.93,3701.78,3.69
2000-02-02,3700.2,3785.36,3693.95,3724.46,0.61
2000-02-03,3726.13,3857.34,3704.23,3851.16,3.4
2000-02-04,3858.6,3929.81,3856.83,3874.37,0.6
2000-02-07,3873.43,3933.75,3858.89,3933.34,1.52
2000-02-08,3932.24,4063.79,3932.24,4062.77,3.29
2000-02-09,4061.74,4087.84,3966.33,3968.46,-2.32
2000-02-10,3974.83,4090.07,3956.9,4090.0,3.06
2000-02-11,4090.26,4090.26,3933.78,3968.89,-2.96
2000-02-14,3969.95,4005.59,3918.87,3986.13,0.43
2000-02-15,3983.85,4024.13,3848.37,3997.03,0.27
2000-02-16,3997.03,4063.58,3982.55,3997.97,0.02
2000-02-17,4012.29,4127.35,3993.57,4125.38,3.19
2000-02-18,4130.55,4135.6,3959.83,3965.75,-3.87
2000-02-22,3970.53,4001.07,3856.02,3969.13,0.09
2000-02-23,3966.0,4198.16,3966.0,4170.09,5.06
2000-02-24,4169.66,4253.75,4099.39,4253.05,1.99
2000-02-25,4254.56,4297.46,4169.34,4178.58,-1.75
2000-02-28,4178.58,4224.95,4024.08,4162.13,-0.39
2000-02-29,4174.75,4269.76,4174.75,4266.94,2.52
2000-03-01,4275.72,4346.41,4269.66,4309.01,0.99
2000-03-02,4311.97,4337.65,4197.98,4234.26,-1.73
2000-03-03,4257.53,4442.87,4257.53,4442.87,4.93
2000-03-06,4448.48,4528.69,4436.6,4457.18,0.32
2000-03-07,4489.49,4560.96,4355.61,4390.83,-1.49
2000-03-08,4409.98,4470.28,4266.87,4445.68,1.25
2000-03-09,4446.48,4587.55,4379.6,4586.26,3.16
2000-03-10,4586.26,4659.72,4549.07,4587.16,0.02
2000-03-13,4585.16,4585.16,4387.74,4426.8,-3.5
2000-03-14,4448.63,4537.99,4226.79,4226.99,-4.51
2000-03-15,4250.74,4341.54,4094.04,4130.01,-2.29
2000-03-16,4141.23,4353.59,4049.98,4353.33,5.41
2000-03-17,4349.26,4441.0,4326.76,4440.45,2.0
2000-03-20,4443.35,4460.37,4260.92,4261.15,-4.04
2000-03-21,4259.58,4450.41,4155.34,4449.33,4.42
2000-03-22,4449.22,4639.12,4449.22,4596.81,3.31
2000-03-23,4594.37,4704.21,4547.0,4660.62,1.39
2000-03-24,4659.76,4816.35,4608.92,4691.61,0.66
2000-03-27,4687.6,4781.19,4687.6,4704.73,0.28
2000-03-28,4705.75,4714.35,4582.45,4583.39,-2.58
2000-03-29,4583.81,4615.09,4408.6,4413.92,-3.7
2000-03-30,4376.41,4491.08,4151.12,4250.19,-3.71
2000-03-31,4268.64,4424.43,4171.09,4397.84,3.47
2000-04-03,4355.7,4355.7,4041.24,4077.02,-7.29
2000-04-04,4089.78,4146.5,3525.44,4034.17,-1.05
2000-04-05,4028.4,4156.43,3884.32,4030.26,-0.1
2000-04-06,4036.39,4161.42,4005.31,4086.73,1.4
2000-04-07,4111.18,4292.88,4111.18,4291.53,5.01
2000-04-10,4293.63,4308.62,3998.1,3998.26,-6.83
2000-04-11,3987.24,4049.55,3829.39,3909.21,-2.23
2000-04-12,3909.0,3943.68,3632.41,3633.63,-7.05
2000-04-13,3645.79,3831.7,3552.51,3553.81,-2.2
2000-04-14,3536.41,3536.41,3138.42,3207.96,-9.73
2000-04-17,3194.5,3530.67,3107.42,3529.45,10.02
2000-04-18,3531.07,3717.66,3511.81,3715.81,5.28
2000-04-19,3720.24,3753.45,3578.9,3583.07,-3.57
2000-04-20,3587.27,3632.24,3453.3,3505.29,-2.17
2000-04-24,3448.23,3448.23,3200.9,3353.53,-4.33
2000-04-25,3371.21,3622.29,3371.21,3621.56,7.99
2000-04-26,3622.8,3690.29,3505.11,3505.71,-3.2
2000-04-27,3504.2,3692.92,3390.6,3692.57,5.33
2000-04-28,3696.42,3790.78,3696.42,3773.18,2.18
2000-05-01,3789.2,3871.93,3777.05,3829.84,1.5
2000-05-02,3768.04,3824.47,3626.54,3627.31,-5.29
2000-05-03,3627.31,3627.31,3435.3,3562.16,-1.8
2000-05-04,3561.72,3627.35,3518.12,3570.73,0.24
2000-05-05,3571.27,3692.4,3534.07,3688.36,3.29
2000-05-08,3688.36,3688.36,3521.05,3521.6,-4.52
2000-05-09,3525.23,3567.96,3401.82,3445.26,-2.17
2000-05-10,3436.68,3436.68,3234.96,3244.73,-5.82
2000-05-11,3311.51,3381.7,3237.86,3381.57,4.22
2000-05-12,3381.57,3504.81,3381.57,3406.25,0.73
2000-05-15,3404.56,3512.21,3314.44,3512.11,3.11
2000-05-16,3520.98,3653.76,3520.98,3646.89,3.84
2000-05-17,3635.03,3635.03,3527.67,3550.5,-2.64
2000-05-18,3547.52,3575.78,3426.35,3426.35,-3.5
2000-05-19,3425.38,3425.38,3259.18,3260.64,-4.84
2000-05-22,3261.47,3269.54,3029.14,3264.71,0.12
2000-05-23,3262.77,3298.46,3022.52,3023.42,-7.39
2000-05-24,3023.49,3185.74,2897.27,3180.31,5.19
2000-05-25,3181.5,3290.53,3078.18,3099.28,-2.55
2000-05-26,3100.97,3170.72,3033.5,3101.44,0.07
2000-05-30,3101.43,3415.71,3101.43,3414.03,10.08
2000-05-31,3414.03,3458.34,3322.22,3324.08,-2.63
2000-06-01,3331.8,3526.53,3331.8,3518.98,5.86
2000-06-02,3518.98,3759.81,3518.98,3755.67,6.73
2000-06-05,3742.28,3817.25,3688.89,3730.31,-0.68
2000-06-06,3730.31,3801.31,3637.8,3646.32,-2.25
2000-06-07,3644.46,3736.15,3599.53,3736.01,2.46
2000-06-08,3737.93,3791.42,3671.44,3707.31,-0.77
2000-06-09,3707.31,3785.02,3707.31,3760.26,1.43
2000-06-12,3761.15,3779.74,3638.31,3638.42,-3.24
2000-06-13,3638.54,3766.52,3582.52,3765.81,3.5
2000-06-14,3767.54,3793.72,3670.71,3677.49,-2.35
2000-06-15,3680.67,3755.72,3639.18,3752.01,2.03
2000-06-16,3758.36,3817.85,3732.83,3787.36,0.94
2000-06-19,3787.36,3935.33,3730.77,3933.7,3.86
2000-06-20,3933.7,3990.21,3898.28,3933.83,0.0
2000-06-21,3928.98,3981.26,3867.92,3970.0,0.92
2000-06-22,3968.85,3968.85,3804.0,3804.11,-4.18
2000-06-23,3809.4,3821.95,3669.4,3685.3,-3.12
2000-06-26,3685.3,3840.54,3685.3,3771.45,2.34
2000-06-27,3771.45,3804.94,3698.5,3699.0,-1.92
2000-06-28,3701.11,3817.5,3701.11,3771.06,1.95
2000-06-29,3764.83,3764.83,3634.03,3665.83,-2.79
2000-06-30,3666.18,3764.96,3666.18,3763.79,2.67
2000-07-03,3763.79,3811.59,3744.63,3804.78,1.09
2000-07-05,3804.96,3804.96,3646.46,3649.8,-4.07
2000-07-06,3648.13,3793.9,3610.27,3793.48,3.94
2000-07-07,3793.01,3884.84,3781.56,3841.27,1.26
2000-07-10,3841.51,3841.51,3767.56,3772.2,-1.8
2000-07-11,3772.61,3835.02,3720.02,3744.53,-0.73
2000-07-12,3810.36,3909.41,3792.98,3901.12,4.18
2000-07-13,3901.12,3991.87,3900.23,3956.67,1.42
2000-07-14,3962.82,4051.9,3962.68,4041.15,2.14
2000-07-17,4041.15,4089.04,4007.62,4061.88,0.51
2000-07-18,4060.31,4060.31,3949.85,3960.96,-2.48
2000-07-19,3960.96,3960.96,3835.12,3843.98,-2.95
2000-07-20,3843.98,3999.06,3843.98,3995.46,3.94
2000-07-21,3992.83,3992.83,3892.25,3908.75,-2.17
2000-07-24,3908.75,3966.83,3787.29,3790.62,-3.02
2000-07-25,3790.62,3871.64,3762.0,3865.39,1.97
2000-07-26,3865.33,3865.33,3741.84,3818.31,-1.22
2000-07-27,3816.49,3816.49,3680.78,3681.63,-3.58
2000-07-28,3689.69,3716.95,3452.95,3477.31,-5.55
2000-07-31,3477.53,3610.95,3437.59,3609.35,3.8
2000-08-01,3609.35,3609.35,3518.61,3521.15,-2.44
2000-08-02,3521.15,3617.25,3486.46,3490.34,-0.87
2000-08-03,3490.34,3625.64,3341.83,3623.5,3.82
2000-08-04,3624.17,3715.57,3577.13,3618.63,-0.13
2000-08-07,3618.63,3726.9,3618.63,3710.39,2.54
2000-08-08,3708.95,3741.51,3671.75,3686.37,-0.65
2000-08-09,3708.63,3780.43,3691.7,3693.04,0.18
2000-08-10,3687.69,3690.61,3594.8,3595.19,-2.65
2000-08-11,3595.15,3645.77,3521.53,3644.61,1.37
2000-08-14,3644.63,3720.81,3616.71,3719.61,2.06
2000-08-15,3718.7,3761.56,3691.27,3722.62,0.08
2000-08-16,3722.62,3791.22,3704.51,3721.25,-0.04
2000-08-17,3721.25,3839.76,3716.67,3830.59,2.94
2000-08-18,3830.59,3868.74,3799.97,3807.51,-0.6
2000-08-21,3809.86,3878.67,3785.2,3827.62,0.53
2000-08-22,3832.1,3898.12,3827.3,3827.89,0.01
2000-08-23,3818.06,3899.96,3760.12,3896.92,1.8
2000-08-24,3897.05,3954.6,3884.57,3949.57,1.35
2000-08-25,3945.5,3986.73,3915.79,3931.25,-0.46
2000-08-28,3933.33,3987.71,3928.8,3954.24,0.58
2000-08-29,3955.54,3970.92,3923.42,3951.94,-0.06
2000-08-30,3951.67,3984.19,3921.49,3968.73,0.42
2000-08-31,3971.32,4080.48,3971.32,4077.59,2.74
2000-09-01,4084.11,4147.19,4057.44,4099.3,0.53
2000-09-05,4085.89,4085.89,3986.28,3987.03,-2.74
2000-09-06,3978.23,3983.74,3837.33,3837.62,-3.75
2000-09-07,3847.79,3963.94,3847.79,3953.36,3.02
2000-09-08,3949.15,3949.15,3811.6,3813.44,-3.54
2000-09-11,3813.44,3852.45,3690.47,3706.74,-2.8
2000-09-12,3706.74,3792.38,3645.28,3666.87,-1.08
2000-09-13,3666.87,3752.45,3610.65,3741.75,2.04
2000-09-14,3741.75,3834.51,3715.65,3737.42,-0.12
2000-09-15,3731.73,3748.76,3640.58,3676.33,-1.63
2000-09-18,3676.33,3723.67,3548.59,3585.52,-2.47
2000-09-19,3588.37,3756.87,3588.37,3756.4,4.77
2000-09-20,3756.4,3810.3,3660.31,3790.45,0.91
2000-09-21,3790.45,3790.45,3691.93,3718.15,-1.91
2000-09-22,3718.15,3718.15,3505.18,3701.18,-0.46
2000-09-25,3753.31,3774.78,3611.09,3622.1,-2.14
2000-09-26,3643.65,3696.99,3566.71,3582.59,-1.09
2000-09-27,3631.08,3648.94,3533.67,3571.9,-0.3
2000-09-28,3556.99,3725.75,3556.34,3725.15,4.29
2000-09-29,3684.87,3690.24,3557.54,3570.61,-4.15
2000-10-02,3613.74,3613.86,3447.71,3457.97,-3.15
2000-10-03,3528.0,3544.54,3351.61,3353.34,-3.03
2000-10-04,3337.91,3476.52,3291.61,3453.36,2.98
2000-10-05,3421.46,3492.28,3392.0,3424.32,-0.84
2000-10-06,3432.82,3468.28,3262.8,3311.94,-3.28
2000-10-09,3306.75,3359.93,3185.28,3318.9,0.21
2000-10-10,3271.69,3336.61,3175.38,3188.29,-3.94
2000-10-11,3077.51,3220.52,3047.17,3100.53,-2.75
2000-10-12,3175.75,3183.96,3000.43,3004.45,-3.1
2000-10-13,2990.99,3278.77,2990.99,3277.77,9.1
2000-10-16,3265.96,3296.95,3203.13,3249.46,-0.86
2000-10-17,3313.81,3326.13,3127.63,3172.19,-2.38
2000-10-18,3045.7,3245.58,2982.04,3139.31,-1.04
2000-10-19,3316.63,3404.33,3271.2,3402.95,8.4
2000-10-20,3379.73,3514.96,3378.95,3456.61,1.58
2000-10-23,3451.4,3498.04,3378.34,3422.0,-1.0
2000-10-24,3455.37,3481.31,3326.12,3353.26,-2.01
2000-10-25,3245.69,3283.2,3086.61,3107.61,-7.33
2000-10-26,3127.44,3185.91,2956.2,3167.14,1.92
2000-10-27,3232.81,3275.22,3109.06,3175.25,0.26
2000-10-30,3128.94,3195.45,3038.41,3081.07,-2.97
2000-10-31,3120.21,3304.62,3120.21,3282.3,6.53
2000-11-01,3214.4,3311.0,3176.87,3225.27,-1.74
2000-11-02,3292.13,3326.37,3259.07,3308.48,2.58
2000-11-03,3329.26,3359.99,3275.07,3321.91,0.41
2000-11-06,3346.15,3369.47,3285.77,3290.47,-0.95
2000-11-07,3262.58,3304.38,3217.45,3279.57,-0.33
2000-11-08,3295.77,3296.3,3058.66,3059.09,-6.72
2000-11-09,2993.02,3081.62,2923.1,3057.06,-0.07
2000-11-10,2974.43,3011.58,2890.02,2890.26,-5.46
2000-11-13,2798.95,2969.62,2742.47,2836.62,-1.86
2000-11-14,2952.62,3043.66,2926.66,3039.5,7.15
2000-11-15,3027.61,3128.37,3001.83,3076.7,1.22
2000-11-16,3016.8,3082.42,2925.08,2925.16,-4.93
2000-11-17,2934.51,3000.92,2850.15,2934.81,0.33
2000-11-20,2838.29,2885.31,2779.78,2792.41,-4.85
2000-11-21,2807.42,2844.55,2745.7,2786.53,-0.21
2000-11-22,2738.29,2806.33,2667.11,2668.25,-4.24
2000-11-24,2745.39,2830.76,2740.06,2830.09,6.07
2000-11-27,2910.57,2913.76,2759.98,2769.32,-2.15
2000-11-28,2763.86,2795.15,2619.5,2621.11,-5.35
2000-11-29,2635.05,2670.53,2520.14,2602.85,-0.7
2000-11-30,2470.66,2573.11,2426.41,2506.54,-3.7
2000-12-01,2566.68,2674.42,2499.39,2549.74,1.72
2000-12-04,2572.88,2614.85,2475.63,2554.4,0.18
2000-12-05,2648.54,2852.91,2633.57,2852.87,11.68
2000-12-06,2833.52,2891.5,2721.81,2743.7,-3.83
2000-12-07,2688.61,2761.78,2648.94,2719.91,-0.87
2000-12-08,2840.2,2914.97,2803.03,2895.39,6.45
2000-12-11,2900.28,2990.83,2848.86,2972.91,2.68
2000-12-12,2942.2,2958.29,2862.17,2863.21,-3.69
2000-12-13,2940.18,2941.34,2741.4,2748.88,-3.99
2000-12-14,2744.26,2788.81,2638.11,2639.26,-3.99
2000-12-15,2590.84,2624.56,2511.35,2543.09,-3.64
2000-12-18,2604.08,2639.0,2511.06,2543.09,0.0
2000-12-19,2538.86,2635.22,2397.87,2399.63,-5.64
2000-12-20,2288.28,2337.99,2199.2,2210.32,-7.89
2000-12-21,2191.82,2347.28,2174.76,2224.84,0.66
2000-12-22,2303.21,2437.19,2303.21,2436.26,9.5
2000-12-26,2435.51,2477.1,2332.35,2404.6,-1.3
2000-12-27,2383.42,2468.75,2362.59,2460.21,2.31
2000-12-28,2435.84,2505.65,2420.34,2464.62,0.18
2000-12-29,2465.37,2491.25,2328.86,2341.7,-4.99
2001-01-02,2341.28,2347.7,2105.49,2128.78,-9.09
2001-01-03,2087.32,2530.53,2087.32,2528.38,18.77
2001-01-04,2485.52,2547.04,2432.04,2460.04,-2.7
2001-01-05,2460.81,2463.48,2252.36,2267.85,-7.81
2001-01-08,2245.44,2282.95,2151.16,2281.54,0.6
2001-01-09,2312.53,2364.41,2274.08,2311.4,1.31
2001-01-10,2253.85,2417.43,2237.45,2413.71,4.43
2001-01-11,2376.86,2550.39,2376.86,2524.29,4.58
2001-01-12,2522.45,2591.55,2471.06,2506.05,-0.72
2001-01-16,2502.66,2510.34,2432.87,2470.72,-1.41
2001-01-17,2586.8,2629.17,2539.09,2558.67,3.56
2001-01-18,2574.64,2672.07,2533.37,2670.47,4.37
2001-01-19,2740.11,2740.76,2633.67,2655.77,-0.55
2001-01-22,2639.61,2683.12,2598.85,2643.13,-0.48
2001-01-23,2642.33,2738.81,2618.72,2730.05,3.29
2001-01-24,2732.92,2771.63,2692.81,2726.45,-0.13
2001-01-25,2687.05,2710.22,2595.47,2595.85,-4.79
2001-01-26,2538.28,2635.22,2526.55,2631.78,1.38
2001-01-29,2601.67,2696.73,2578.84,2694.53,2.38
2001-01-30,2701.34,2716.41,2661.74,2686.14,-0.31
2001-01-31,2695.03,2718.51,2591.92,2593.0,-3.47
2001-02-01,2586.24,2627.39,2554.94,2607.16,0.55
2001-02-02,2605.64,2616.4,2471.51,2472.18,-5.18
2001-02-05,2447.72,2483.58,2409.2,2467.3,-0.2
2001-02-06,2463.5,2531.05,2456.89,2473.24,0.24
2001-02-07,2421.64,2446.66,2349.92,2409.66,-2.57
2001-02-08,2436.48,2464.19,2355.15,2355.67,-2.24
2001-02-09,2333.01,2342.42,2247.52,2261.77,-3.99
2001-02-12,2247.2,2319.9,2229.23,2286.76,1.1
2001-02-13,2315.46,2367.91,2208.01,2208.4,-3.43
2001-02-14,2224.35,2307.27,2173.42,2305.82,4.41
2001-02-15,2360.56,2423.65,2355.92,2371.04,2.83
2001-02-16,2228.77,2266.36,2187.31,2212.51,-6.69
2001-02-20,2229.91,2235.74,2094.58,2095.11,-5.31
2001-02-21,2056.15,2164.25,2044.74,2058.54,-1.75
2001-02-22,2058.56,2088.6,1958.88,2032.42,-1.27
2001-02-23,1997.55,2061.45,1935.21,2056.06,1.16
2001-02-26,2088.03,2103.63,2020.32,2097.64,2.02
2001-02-27,2067.15,2081.79,1963.63,1964.52,-6.35
2001-02-28,1983.35,2010.32,1880.47,1908.32,-2.86
2001-03-01,1879.84,1968.02,1837.98,1968.02,3.13
2001-03-02,1886.04,1988.35,1866.13,1881.34,-4.4
2001-03-05,1908.62,1936.02,1892.02,1916.68,1.88
2001-03-06,1983.28,2029.01,1973.87,1976.31,3.11
2001-03-07,2018.94,2018.94,1965.91,1996.23,1.01
2001-03-08,1982.44,1993.5,1933.23,1938.15,-2.91
2001-03-09,1892.79,1892.79,1802.91,1813.02,-6.46
2001-03-12,1758.06,1762.2,1679.73,1680.64,-7.3
2001-03-13,1711.99,1790.31,1691.22,1789.7,6.49
2001-03-14,1711.06,1808.85,1700.85,1745.13,-2.49
2001-03-15,1809.5,1813.68,1697.61,1697.92,-2.71
2001-03-16,1656.78,1693.6,1627.8,1647.51,-2.97
2001-03-19,1659.7,1732.92,1632.48,1730.46,5.03
2001-03-20,1742.99,1749.29,1614.41,1614.47,-6.7
2001-03-21,1624.31,1674.31,1594.39,1605.04,-0.58
2001-03-22,1624.81,1703.28,1582.48,1701.9,6.03
2001-03-23,1743.96,1754.65,1666.82,1705.02,0.18
2001-03-26,1735.53,1736.88,1667.8,1676.9,-1.65
2001-03-27,1680.73,1751.14,1664.66,1735.63,3.5
2001-03-28,1677.63,1687.92,1600.37,1602.22,-7.69
2001-03-29,1578.99,1626.88,1543.39,1563.14,-2.44
2001-03-30,1573.82,1600.88,1530.14,1573.25,0.65
2001-04-02,1569.66,1594.36,1499.3,1516.58,-3.6
2001-04-03,1487.87,1493.11,1390.1,1399.05,-7.75
2001-04-04,1392.03,1435.36,1348.52,1370.75,-2.02
2001-04-05,1452.04,1521.76,1434.01,1519.05,10.82
2001-04-06,1483.96,1485.37,1425.89,1448.16,-4.67
2001-04-09,1472.81,1495.76,1437.85,1481.22,2.28
2001-04-10,1515.58,1620.74,1515.58,1597.87,7.88
2001-04-11,1694.6,1703.89,1624.8,1647.36,3.1
2001-04-12,1617.95,1714.69,1605.61,1714.29,4.06
2001-04-16,1682.17,1700.39,1630.31,1650.21,-3.74
2001-04-17,1605.54,1694.22,1603.99,1671.51,1.29
2001-04-18,1760.05,1892.85,1739.16,1830.79,9.53
2001-04-19,1854.2,1953.57,1829.98,1953.28,6.69
2001-04-20,1933.61,1981.9,1901.4,1933.57,-1.01
2001-04-23,1881.52,1881.54,1802.82,1811.89,-6.29
2001-04-24,1809.47,1860.08,1756.3,1762.21,-2.74
2001-04-25,1758.07,1824.88,1743.45,1814.33,2.96
2001-04-26,1839.4,1844.57,1761.67,1763.33,-2.81
2001-04-27,1808.92,1822.44,1777.19,1810.47,2.67
2001-04-30,1855.9,1906.9,1826.12,1855.15,2.47
2001-05-01,1854.67,1919.45,1822.86,1919.01,3.44
2001-05-02,1958.17,1980.13,1916.73,1962.42,2.26
2001-05-03,1913.93,1919.62,1853.84,1877.8,-4.31
2001-05-04,1820.57,1930.03,1810.86,1924.12,2.47
2001-05-07,1924.68,1948.02,1889.8,1895.41,-1.49
2001-05-08,1939.02,1939.66,1887.23,1929.24,1.78
2001-05-09,1885.0,1921.87,1862.06,1876.6,-2.73
2001-05-10,1926.47,1926.95,1838.02,1838.32,-2.04
2001-05-11,1842.65,1861.52,1810.89,1821.2,-0.93
2001-05-14,1819.39,1820.51,1769.33,1795.06,-1.44
2001-05-15,1801.46,1853.05,1790.51,1797.08,0.11
2001-05-16,1778.71,1904.25,1768.62,1899.47,5.7
2001-05-17,1900.84,1955.77,1898.65,1925.14,1.35
2001-05-18,1910.71,1940.76,1898.28,1927.69,0.13
2001-05-21,1931.29,2052.67,1927.04,2052.57,6.48
2001-05-22,2062.9,2070.61,2023.07,2042.93,-0.47
2001-05-23,2022.16,2073.98,1957.44,1957.56,-4.18
2001-05-24,1965.44,2003.71,1937.67,2003.37,2.34
2001-05-25,2000.12,2003.68,1953.24,1960.74,-2.13
2001-05-29,1946.57,1946.57,1865.18,1873.53,-4.45
2001-05-30,1823.84,1837.01,1768.98,1779.0,-5.05
2001-05-31,1785.25,1838.29,1784.72,1799.89,1.17
2001-06-01,1826.02,1852.08,1785.44,1840.83,2.27
2001-06-04,1861.12,1869.98,1819.08,1838.84,-0.11
2001-06-05,1853.65,1937.94,1853.47,1923.9,4.63
2001-06-06,1931.45,1945.94,1890.51,1903.84,-1.04
2001-06-07,1892.98,1963.83,1891.01,1963.31,3.12
2001-06-08,1959.71,1959.71,1885.84,1896.22,-3.42
2001-06-11,1885.17,1885.17,1826.28,1846.5,-2.62
2001-06-12,1799.58,1871.03,1776.41,1852.03,0.3
2001-06-13,1860.05,1875.29,1789.91,1790.21,-3.34
2001-06-14,1766.41,1776.35,1711.32,1711.39,-4.4
2001-06-15,1679.33,1725.77,1657.65,1701.53,-0.58
2001-06-18,1712.04,1729.39,1662.59,1666.49,-2.06
2001-06-19,1736.29,1745.76,1656.74,1675.9,0.56
2001-06-20,1655.26,1722.85,1655.26,1721.56,2.72
2001-06-21,1714.0,1774.25,1697.56,1751.22,1.72
2001-06-22,1755.57,1773.26,1718.35,1727.47,-1.36
2001-06-25,1752.71,1755.67,1713.03,1743.9,0.95
2001-06-26,1708.89,1757.93,1705.93,1751.62,0.44
2001-06-27,1755.25,1769.55,1726.78,1756.02,0.25
2001-06-28,1782.32,1847.38,1782.32,1808.94,3.01
2001-06-29,1812.17,1865.36,1795.45,1830.19,1.17
2001-07-02,1831.42,1864.2,1815.11,1830.19,0.0
2001-07-03,1817.71,1832.01,1798.44,1822.16,-0.44
2001-07-05,1800.63,1812.26,1750.51,1751.0,-3.91
2001-07-06,1728.57,1729.57,1666.62,1668.59,-4.71
2001-07-09,1680.88,1712.08,1669.23,1697.05,1.71
2001-07-10,1718.81,1719.32,1624.8,1624.95,-4.25
2001-07-11,1617.51,1646.83,1600.19,1641.56,1.02
2001-07-12,1708.32,1757.29,1700.41,1750.13,6.61
2001-07-13,1741.36,1782.52,1723.08,1751.11,0.06
2001-07-16,1743.09,1758.93,1682.7,1685.74,-3.73
2001-07-17,1675.06,1729.63,1667.48,1729.55,2.6
2001-07-18,1692.16,1716.16,1652.0,1666.87,-3.62
2001-07-19,1700.56,1739.13,1674.57,1695.89,1.74
2001-07-20,1662.38,1690.18,1659.98,1676.46,-1.15
2001-07-23,1695.2,1699.44,1629.74,1629.93,-2.78
2001-07-24,1618.74,1639.56,1580.57,1604.86,-1.54
2001-07-25,1609.37,1632.89,1581.67,1627.86,1.43
2001-07-26,1624.22,1679.24,1604.92,1673.39,2.8
2001-07-27,1673.43,1694.69,1661.12,1683.18,0.59
2001-07-30,1689.21,1696.34,1662.67,1670.03,-0.78
2001-07-31,1678.71,1715.37,1665.81,1683.61,0.81
2001-08-01,1713.67,1743.73,1704.43,1729.53,2.73
2001-08-02,1758.93,1766.58,1718.94,1751.45,1.27
2001-08-03,1744.02,1744.02,1709.31,1725.9,-1.46
2001-08-06,1705.88,1718.59,1700.24,1702.84,-1.34
2001-08-07,1695.27,1717.11,1684.09,1696.37,-0.38
2001-08-08,1681.85,1710.52,1618.77,1626.2,-4.14
2001-08-09,1622.45,1639.54,1603.98,1628.92,0.17
2001-08-10,1621.5,1634.67,1576.07,1617.45,-0.7
2001-08-13,1627.34,1657.99,1615.26,1653.27,2.21
2001-08-14,1665.16,1672.07,1627.61,1629.95,-1.41
2001-08-15,1629.53,1641.84,1571.92,1572.03,-3.55
2001-08-16,1548.3,1582.2,1526.81,1581.98,0.63
2001-08-17,1541.61,1556.01,1514.0,1516.58,-4.13
2001-08-20,1518.19,1536.78,1506.53,1535.99,1.28
2001-08-21,1538.8,1550.2,1480.43,1480.74,-3.6
2001-08-22,1504.65,1517.83,1467.58,1515.41,2.34
2001-08-23,1513.37,1542.59,1496.64,1496.98,-1.22
2001-08-24,1521.48,1579.68,1515.34,1579.62,5.52
2001-08-27,1576.16,1601.97,1559.67,1578.33,-0.08
2001-08-28,1579.55,1581.82,1526.08,1526.3,-3.3
2001-08-29,1538.16,1541.94,1491.22,1499.76,-1.74
2001-08-30,1472.65,1495.1,1438.91,1453.9,-3.06
2001-08-31,1444.73,1484.99,1443.55,1469.7,1.09
2001-09-04,1466.32,1502.67,1424.06,1424.12,-3.1
2001-09-05,1425.35,1440.33,1371.3,1415.3,-0.62
2001-09-06,1392.0,1418.66,1360.57,1361.69,-3.79
2001-09-07,1347.62,1390.12,1339.89,1354.27,-0.54
2001-09-10,1342.08,1375.6,1339.41,1365.39,0.82
2001-09-17,1277.12,1310.23,1251.89,1252.7,-8.25
2001-09-18,1268.28,1282.73,1220.99,1224.64,-2.24
2001-09-19,1230.14,1242.73,1135.85,1208.23,-1.34
2001-09-20,1175.1,1205.64,1160.61,1166.27,-3.47
2001-09-21,1088.96,1160.24,1088.96,1126.95,-3.37
2001-09-24,1166.72,1202.57,1158.86,1191.02,5.69
2001-09-25,1194.09,1220.39,1162.91,1187.77,-0.27
2001-09-26,1203.44,1203.64,1141.03,1143.48,-3.73
2001-09-27,1137.49,1153.33,1101.39,1144.27,0.07
2001-09-28,1158.07,1255.94,1145.76,1168.37,2.11
2001-10-01,1161.74,1163.17,1131.32,1151.24,-1.47
2001-10-02,1150.79,1179.07,1141.62,1159.37,0.71
2001-10-03,1144.76,1267.51,1139.21,1249.41,7.77
2001-10-04,1271.74,1313.64,1242.98,1260.66,0.9
2001-10-05,1248.18,1280.12,1216.07,1271.73,0.88
2001-10-08,1249.32,1297.49,1242.94,1279.63,0.62
2001-10-09,1278.99,1284.92,1240.79,1244.56,-2.74
2001-10-10,1239.77,1305.46,1235.42,1304.68,4.83
2001-10-11,1333.87,1389.87,1333.28,1389.87,6.53
2001-10-12,1376.27,1396.29,1333.65,1393.84,0.29
2001-10-15,1370.2,1385.97,1351.81,1378.92,-1.07
2001-10-16,1390.37,1406.2,1368.34,1404.81,1.88
2001-10-17,1440.63,1440.63,1314.8,1314.8,-6.41
2001-10-18,1315.34,1344.43,1302.75,1330.33,1.18
2001-10-19,1317.23,1353.26,1302.53,1347.59,1.3
2001-10-22,1340.96,1383.11,1333.62,1383.07,2.63
2001-10-23,1397.27,1419.71,1371.03,1384.06,0.07
2001-10-24,1388.51,1430.75,1379.37,1424.69,2.94
2001-10-25,1396.35,1479.05,1374.65,1479.05,3.82
2001-10-26,1461.88,1487.4,1453.52,1454.9,-1.63
2001-10-29,1445.64,1450.68,1374.48,1374.58,-5.52
2001-10-30,1353.96,1367.79,1320.48,1342.26,-2.35
2001-10-31,1368.54,1403.09,1354.74,1364.78,1.68
2001-11-01,1381.7,1426.94,1358.72,1424.15,4.35
2001-11-02,1417.4,1439.01,1402.21,1425.78,0.11
2001-11-05,1453.94,1490.11,1453.75,1480.21,3.82
2001-11-06,1471.11,1523.66,1462.19,1523.09,2.9
2001-11-07,1506.11,1559.04,1506.11,1524.67,0.1
2001-11-08,1548.0,1580.59,1497.89,1510.6,-0.92
2001-11-09,1508.09,1526.94,1491.0,1514.96,0.29
2001-11-12,1511.77,1538.75,1463.12,1528.75,0.91
2001-11-13,1566.48,1585.07,1552.56,1580.76,3.4
2001-11-14,1601.52,1614.77,1556.71,1585.89,0.32
2001-11-15,1572.82,1609.04,1566.42,1582.58,-0.21
2001-11-16,1586.8,1591.58,1563.6,1582.14,-0.03
2001-11-19,1597.8,1618.19,1586.66,1617.58,2.24
2001-11-20,1607.61,1614.37,1546.6,1549.7,-4.2
2001-11-21,1543.71,1562.76,1526.08,1552.01,0.15
2001-11-23,1557.09,1581.61,1549.39,1577.47,1.64
2001-11-26,1590.05,1619.73,1580.92,1619.65,2.67
2001-11-27,1607.61,1644.38,1575.48,1609.87,-0.6
2001-11-28,1594.88,1620.15,1557.03,1557.03,-3.28
2001-11-29,1569.42,1599.64,1558.65,1599.3,2.71
2001-11-30,1594.83,1608.43,1581.28,1596.05,-0.2
2001-12-03,1576.26,1590.3,1562.73,1567.54,-1.79
2001-12-04,1582.07,1634.55,1577.34,1634.27,4.26
2001-12-05,1653.63,1731.29,1653.63,1720.91,5.3
2001-12-06,1715.01,1734.58,1703.02,1717.97,-0.17
2001-12-07,1706.27,1709.5,1652.66,1673.9,-2.57
2001-12-10,1658.47,1694.33,1642.42,1645.36,-1.71
2001-12-11,1666.26,1695.15,1654.72,1661.27,0.97
2001-12-12,1666.5,1683.48,1631.42,1669.95,0.52
2001-12-13,1634.62,1645.04,1601.71,1601.91,-4.07
2001-12-14,1601.22,1622.79,1590.71,1605.67,0.23
2001-12-17,1607.08,1654.45,1607.02,1640.34,2.16
2001-12-18,1653.31,1665.39,1642.87,1657.68,1.06
2001-12-19,1629.47,1658.58,1620.72,1628.69,-1.75
2001-12-20,1613.06,1617.23,1557.18,1557.36,-4.38
2001-12-21,1579.89,1594.08,1573.02,1578.27,1.34
2001-12-24,1581.16,1590.04,1575.01,1577.31,-0.06
2001-12-26,1583.69,1618.04,1583.69,1590.84,0.86
2001-12-27,1599.25,1614.44,1591.77,1606.48,0.98
2001-12-28,1617.85,1637.57,1617.01,1621.13,0.91
2001-12-31,1617.35,1623.63,1577.03,1577.05,-2.72
2002-01-02,1590.71,1610.41,1565.08,1610.39,2.11
2002-01-03,1618.3,1667.19,1618.3,1666.66,3.49
2002-01-04,1685.54,1698.46,1645.32,1675.03,0.5
2002-01-07,1691.36,1694.27,1647.56,1649.83,-1.5
2002-01-08,1651.42,1676.69,1641.17,1666.58,1.02
2002-01-09,1688.26,1710.23,1644.89,1653.76,-0.77
2002-01-10,1653.97,1667.29,1635.08,1656.68,0.18
2002-01-11,1659.47,1670.32,1627.42,1634.17,-1.36
2002-01-14,1624.91,1633.12,1595.04,1603.76,-1.86
2002-01-15,1607.01,1628.0,1590.83,1612.46,0.54
2002-01-16,1588.77,1597.15,1558.97,1558.98,-3.32
2002-01-17,1587.01,1605.28,1569.11,1602.32,2.78
2002-01-18,1558.41,1582.92,1537.99,1548.22,-3.38
2002-01-22,1567.59,1567.59,1500.89,1501.78,-3.0
2002-01-23,1511.95,1553.41,1501.79,1549.21,3.16
2002-01-24,1565.34,1586.34,1559.35,1565.13,1.03
2002-01-25,1546.1,1572.09,1541.84,1558.26,-0.44
2002-01-28,1573.39,1581.38,1543.51,1564.86,0.42
2002-01-29,1570.7,1582.65,1508.62,1519.33,-2.91
2002-01-30,1525.09,1539.07,1481.46,1538.94,1.29
2002-01-31,1549.47,1554.95,1528.04,1550.17,0.73
2002-02-01,1544.42,1561.24,1515.85,1528.15,-1.42
2002-02-04,1526.32,1528.3,1471.52,1479.17,-3.21
2002-02-05,1468.61,1497.41,1454.77,1462.86,-1.1
2002-02-06,1480.45,1480.45,1434.96,1445.96,-1.16
2002-02-07,1445.11,1459.94,1413.42,1413.86,-2.22
2002-02-08,1426.26,1452.17,1405.79,1452.17,2.71
2002-02-11,1451.13,1477.96,1446.69,1477.64,1.75
2002-02-12,1458.28,1484.97,1448.77,1464.76,-0.87
2002-02-13,1476.25,1492.27,1471.26,1486.75,1.5
2002-02-14,1491.19,1508.25,1471.24,1474.71,-0.81
2002-02-15,1477.46,1482.57,1432.96,1436.7,-2.58
2002-02-19,1421.07,1424.04,1380.46,1387.27,-3.44
2002-02-20,1400.83,1411.97,1364.21,1408.26,1.51
2002-02-21,1397.17,1403.31,1348.25,1348.25,-4.26
2002-02-22,1351.24,1372.06,1329.93,1356.16,0.59
2002-02-25,1366.44,1414.29,1365.95,1407.99,3.82
2002-02-26,1416.1,1423.43,1382.99,1401.19,-0.48
2002-02-27,1420.3,1426.25,1369.24,1378.48,-1.62
2002-02-28,1386.15,1404.04,1356.04,1359.22,-1.4
2002-03-01,1373.15,1435.81,1370.32,1435.41,5.61
2002-03-04,1434.69,1495.19,1422.22,1494.7,4.13
2002-03-05,1484.83,1519.36,1480.17,1498.95,0.28
2002-03-06,1488.8,1523.12,1471.66,1519.95,1.4
2002-03-07,1531.43,1538.41,1488.25,1506.81,-0.86
2002-03-08,1537.03,1562.97,1532.63,1555.11,3.21
2002-03-11,1542.09,1573.42,1530.51,1553.8,-0.08
2002-03-12,1510.06,1523.45,1500.42,1520.54,-2.14
2002-03-13,1502.4,1512.4,1482.41,1486.27,-2.25
2002-03-14,1488.36,1500.9,1476.14,1477.19,-0.61
2002-03-15,1484.46,1498.52,1470.49,1495.41,1.23
2002-03-18,1511.83,1523.27,1489.35,1505.89,0.7
2002-03-19,1510.46,1519.12,1496.67,1504.67,-0.08
2002-03-20,1482.1,1488.51,1451.02,1451.02,-3.57
2002-03-21,1452.18,1491.31,1443.17,1488.97,2.62
2002-03-22,1483.04,1491.03,1467.16,1470.1,-1.27
2002-03-25,1473.62,1481.97,1427.51,1427.6,-2.89
2002-03-26,1423.57,1462.5,1423.03,1439.55,0.84
2002-03-27,1431.35,1446.11,1424.19,1436.51,-0.21
2002-03-28,1447.48,1463.02,1443.29,1452.81,1.13
2002-04-01,1440.38,1481.74,1425.63,1478.52,1.77
2002-04-02,1444.95,1451.73,1410.41,1410.41,-4.61
2002-04-03,1417.78,1423.47,1378.93,1394.21,-1.15
2002-04-04,1385.53,1411.66,1377.88,1396.97,0.2
2002-04-05,1405.92,1412.85,1375.63,1376.72,-1.45
2002-04-08,1346.77,1395.25,1342.99,1392.96,1.18
2002-04-09,1397.59,1405.1,1345.11,1345.32,-3.42
2002-04-10,1356.47,1375.14,1332.68,1363.29,1.34
2002-04-11,1352.76,1360.62,1322.25,1324.65,-2.83
2002-04-12,1340.66,1356.83,1325.57,1351.85,2.05
2002-04-15,1358.76,1364.24,1336.42,1355.09,0.24
2002-04-16,1382.86,1414.76,1382.86,1413.93,4.34
2002-04-17,1422.42,1426.01,1393.19,1403.71,-0.72
2002-04-18,1397.75,1410.93,1369.92,1395.9,-0.56
2002-04-19,1408.31,1408.31,1382.89,1385.01,-0.78
2002-04-22,1365.34,1365.34,1336.99,1349.83,-2.54
2002-04-23,1348.93,1357.01,1316.15,1322.81,-2.0
2002-04-24,1334.87,1337.34,1300.95,1302.32,-1.55
2002-04-25,1295.59,1315.02,1287.83,1302.32,0.0
2002-04-26,1310.8,1316.65,1250.82,1250.89,-3.95
2002-04-29,1256.58,1267.77,1228.94,1246.75,-0.33
2002-04-30,1245.65,1292.19,1243.52,1277.07,2.43
2002-05-01,1273.63,1278.02,1232.36,1267.44,-0.75
2002-05-02,1262.66,1284.3,1224.66,1225.37,-3.32
2002-05-03,1223.89,1224.37,1185.79,1190.74,-2.83
2002-05-06,1191.53,1204.35,1160.99,1161.16,-2.48
2002-05-07,1173.76,1178.88,1142.25,1159.25,-0.16
2002-05-08,1212.99,1282.44,1212.76,1282.41,10.62
2002-05-09,1268.91,1281.2,1239.02,1240.41,-3.28
2002-05-10,1247.09,1248.96,1186.08,1188.78,-4.16
2002-05-13,1200.69,1244.02,1192.9,1241.54,4.44
2002-05-14,1287.73,1309.32,1282.1,1305.55,5.16
2002-05-15,1290.4,1350.54,1280.07,1311.05,0.42
2002-05-16,1309.25,1319.52,1296.11,1315.85,0.37
2002-05-17,1333.23,1342.43,1305.71,1325.8,0.76
2002-05-20,1309.83,1313.26,1284.74,1292.21,-2.53
2002-05-21,1300.82,1309.62,1251.53,1255.91,-2.81
2002-05-22,1246.08,1269.64,1233.78,1264.51,0.68
2002-05-23,1270.28,1286.82,1241.25,1286.77,1.76
2002-05-24,1269.91,1271.51,1246.81,1253.03,-2.62
2002-05-28,1264.13,1264.86,1226.28,1244.82,-0.66
2002-05-29,1232.16,1239.96,1218.62,1218.68,-2.1
2002-05-30,1207.44,1234.51,1202.24,1227.9,0.76
2002-05-31,1237.56,1246.34,1208.21,1208.34,-1.59
2002-06-03,1205.2,1213.18,1158.22,1159.15,-4.07
2002-06-04,1155.81,1191.13,1151.16,1178.8,1.7
2002-06-05,1182.74,1196.67,1165.02,1195.6,1.43
2002-06-06,1183.91,1185.29,1152.04,1157.62,-3.18
2002-06-07,1107.94,1156.03,1106.61,1140.24,-1.5
2002-06-10,1142.51,1155.76,1132.12,1135.62,-0.41
2002-06-11,1148.72,1151.3,1100.59,1100.97,-3.05
2002-06-12,1092.45,1123.78,1079.28,1123.34,2.03
2002-06-13,1117.22,1133.25,1100.34,1106.54,-1.5
2002-06-14,1078.69,1112.37,1055.57,1109.6,0.28
2002-06-17,1126.54,1154.18,1123.1,1149.91,3.63
2002-06-18,1139.52,1163.46,1138.31,1138.47,-0.99
2002-06-19,1129.32,1133.96,1095.76,1097.54,-3.6
2002-06-20,1094.53,1102.72,1058.01,1062.45,-3.2
2002-06-21,1051.8,1074.77,1031.95,1035.63,-2.52
2002-06-24,1023.06,1075.63,1014.76,1057.68,2.13
2002-06-25,1070.62,1073.53,1017.71,1022.74,-3.3
2002-06-26,979.87,1035.53,979.87,1027.22,0.44
2002-06-27,1048.54,1050.68,1009.05,1050.64,2.28
2002-06-28,1047.56,1074.73,1042.84,1051.41,0.07
2002-07-01,1044.48,1049.88,997.97,998.17,-5.06
2002-07-02,989.25,993.99,961.76,963.66,-3.46
2002-07-03,957.26,995.95,950.33,995.68,3.32
2002-07-05,1018.63,1061.05,1018.63,1060.89,6.55
2002-07-08,1051.27,1066.28,1008.78,1014.33,-4.39
2002-07-09,1015.27,1023.38,989.34,990.23,-2.38
2002-07-10,1005.99,1005.99,958.76,959.05,-3.15
2002-07-11,954.01,999.43,945.85,998.03,4.06
2002-07-12,1016.0,1025.61,988.25,1000.82,0.28
2002-07-15,990.98,1021.35,955.29,1021.02,2.02
2002-07-16,1012.51,1045.52,1002.17,1011.3,-0.95
2002-07-17,1047.79,1060.77,1005.18,1028.74,1.72
2002-07-18,1020.82,1027.44,993.08,994.61,-3.32
2002-07-19,975.06,992.84,957.65,965.37,-2.94
2002-07-22,958.34,980.64,928.83,939.1,-2.72
2002-07-23,943.29,954.07,896.56,896.82,-4.5
2002-07-24,875.48,951.83,869.17,951.58,6.11
2002-07-25,934.93,940.93,878.01,894.45,-6.0
2002-07-26,905.88,917.32,885.94,910.91,1.84
2002-07-29,935.05,970.13,931.43,970.13,6.5
2002-07-30,957.08,992.34,950.74,980.36,1.05
2002-07-31,966.05,971.85,940.91,962.1,-1.86
2002-08-01,954.56,960.36,912.4,913.59,-5.04
2002-08-02,913.6,916.69,878.48,892.51,-2.31
2002-08-05,889.49,896.68,856.35,857.08,-3.97
2002-08-06,875.53,923.74,875.53,901.91,5.23
2002-08-07,932.53,938.16,883.37,919.08,1.9
2002-08-08,915.89,948.72,898.57,947.24,3.06
2002-08-09,932.33,953.38,921.25,937.33,-1.05
2002-08-12,925.68,943.27,922.36,938.98,0.18
2002-08-13,933.74,959.46,907.3,907.62,-3.34
2002-08-14,912.35,968.97,904.47,968.84,6.75
2002-08-15,975.09,985.97,955.38,980.98,1.25
2002-08-16,968.05,1004.22,961.56,996.06,1.54
2002-08-19,997.39,1028.07,993.46,1026.06,3.01
2002-08-20,1014.51,1021.94,1001.84,1008.02,-1.76
2002-08-21,1020.95,1038.86,1006.55,1035.47,2.72
2002-08-22,1036.16,1052.49,1023.25,1049.03,1.31
2002-08-23,1036.13,1036.66,1005.02,1010.49,-3.67
2002-08-26,1017.62,1020.86,990.82,1016.79,0.62
2002-08-27,1021.5,1021.66,971.68,974.47,-4.16
2002-08-28,965.57,968.66,941.6,944.83,-3.04
2002-08-29,933.46,973.34,926.61,961.75,1.79
2002-08-30,951.56,964.93,941.51,942.38,-2.01
2002-09-03,928.5,928.5,899.19,899.64,-4.54
2002-09-04,904.82,925.26,895.41,920.98,2.37
2002-09-05,900.9,901.5,882.85,882.92,-4.13
2002-09-06,911.6,932.96,910.78,922.22,4.45
2002-09-09,913.68,939.24,901.13,932.23,1.09
2002-09-10,934.43,951.46,930.19,947.72,1.66
2002-09-11,958.29,978.46,945.9,946.4,-0.14
2002-09-12,935.53,935.53,914.89,915.01,-3.32
2002-09-13,909.63,928.65,907.24,923.83,0.96
2002-09-16,919.1,925.9,900.89,908.48,-1.66
2002-09-17,927.29,932.91,896.45,897.53,-1.21
2002-09-18,884.03,906.05,876.08,895.2,-0.26
2002-09-19,875.77,889.24,865.87,865.93,-3.27
2002-09-20,876.75,879.87,864.13,871.6,0.65
2002-09-23,860.99,864.26,837.63,843.08,-3.27
2002-09-24,830.21,861.09,830.21,843.61,0.06
2002-09-25,858.46,885.97,849.28,880.44,4.37
2002-09-26,891.02,897.45,860.81,873.74,-0.76
2002-09-27,866.09,891.12,859.6,860.35,-1.53
2002-09-30,848.72,852.98,825.8,832.52,-3.23
2002-10-01,841.29,870.7,824.22,870.63,4.58
2002-10-02,865.13,882.77,844.61,849.55,-2.42
2002-10-03,846.74,859.53,832.67,833.21,-1.92
2002-10-04,842.95,844.37,809.94,815.4,-2.14
2002-10-07,813.06,826.79,798.88,804.64,-1.32
2002-10-08,815.22,827.78,795.25,811.5,0.85
2002-10-09,800.92,825.12,798.17,807.42,-0.5
2002-10-10,809.46,852.68,801.26,849.57,5.22
2002-10-11,867.64,899.46,863.1,890.61,4.83
2002-10-14,878.75,903.15,876.21,900.75,1.14
2002-10-15,941.46,950.51,933.28,950.42,5.51
2002-10-16,911.33,929.69,906.08,910.13,-4.24
2002-10-17,951.14,957.16,937.19,945.06,3.84
2002-10-18,936.43,956.17,922.31,956.13,1.17
2002-10-21,945.86,982.43,937.55,979.35,2.43
2002-10-22,954.28,977.88,951.61,963.87,-1.58
2002-10-23,960.18,989.42,952.78,989.32,2.64
2002-10-24,992.5,998.54,963.08,964.91,-2.47
2002-10-25,964.01,995.64,964.01,995.55,3.18
2002-10-28,1007.72,1007.72,973.28,979.55,-1.61
2002-10-29,975.66,982.62,941.17,960.82,-1.91
2002-10-30,968.48,995.82,960.48,986.09,2.63
2002-10-31,990.39,1006.26,981.24,989.54,0.35
2002-11-01,981.24,1020.59,974.08,1019.06,2.98
2002-11-04,1049.49,1070.51,1039.1,1046.99,2.74
2002-11-05,1033.79,1050.68,1028.22,1050.39,0.32
2002-11-06,1057.59,1065.86,1032.25,1065.86,1.47
2002-11-07,1043.73,1048.5,1019.22,1025.79,-3.76
2002-11-08,1026.04,1039.27,1004.04,1008.35,-1.7
2002-11-11,1004.41,1004.41,972.34,972.48,-3.56
2002-11-12,982.45,1020.54,982.24,1001.94,3.03
2002-11-13,994.4,1022.41,986.65,1011.94,1.0
2002-11-14,1029.36,1057.9,1027.06,1057.83,4.53
2002-11-15,1044.3,1062.86,1036.3,1061.28,0.33
2002-11-18,1073.89,1075.51,1044.79,1045.19,-1.52
2002-11-19,1037.26,1046.07,1019.07,1025.96,-1.84
2002-11-20,1028.57,1071.31,1028.12,1070.53,4.34
2002-11-21,1082.92,1119.17,1081.4,1118.14,4.45
2002-11-22,1102.64,1122.51,1099.7,1116.01,-0.19
2002-11-25,1118.01,1133.73,1108.47,1127.06,0.99
2002-11-26,1116.29,1119.71,1083.86,1087.49,-3.51
2002-11-27,1107.97,1132.8,1105.39,1125.67,3.51
2002-11-29,1133.13,1134.6,1115.85,1116.1,-0.85
2002-12-02,1144.21,1155.68,1110.24,1120.49,0.39
2002-12-03,1109.46,1109.46,1083.94,1088.8,-2.83
2002-12-04,1068.94,1082.93,1055.11,1069.44,-1.78
2002-12-05,1085.02,1085.63,1052.08,1053.06,-1.53
2002-12-06,1038.72,1074.01,1035.55,1065.97,1.23
2002-12-09,1054.87,1055.36,1014.8,1014.84,-4.8
2002-12-10,1022.39,1043.34,1019.7,1033.07,1.8
2002-12-11,1023.91,1047.74,1019.4,1036.34,0.32
2002-12-12,1047.47,1051.55,1029.41,1039.95,0.35
2002-12-13,1027.66,1027.66,1005.85,1005.85,-3.28
2002-12-16,1011.89,1042.84,1008.52,1042.44,3.64
2002-12-17,1038.96,1052.59,1033.19,1040.01,-0.23
2002-12-18,1029.82,1029.91,1007.92,1013.67,-2.53
2002-12-19,1012.51,1035.52,999.8,1006.05,-0.75
2002-12-20,1009.67,1022.74,1009.53,1013.9,0.78
2002-12-23,1012.46,1035.49,1010.84,1032.3,1.81
2002-12-24,1026.57,1034.19,1023.06,1023.29,-0.87
2002-12-26,1026.44,1041.49,1013.3,1016.46,-0.67
2002-12-27,1012.34,1018.16,996.1,997.85,-1.83
2002-12-30,999.39,1003.31,980.74,989.89,-0.8
2002-12-31,987.81,994.22,977.59,984.37,-0.56
2003-01-02,995.64,1027.91,984.59,1027.86,4.42
2003-01-03,1024.47,1033.37,1018.16,1031.63,0.37
2003-01-06,1034.02,1068.49,1034.02,1061.48,2.89
2003-01-07,1063.18,1082.52,1057.16,1071.85,0.98
2003-01-08,1063.48,1065.69,1040.38,1042.52,-2.74
2003-01-09,1056.61,1084.7,1056.05,1076.05,3.22
2003-01-10,1059.86,1096.45,1056.31,1087.36,1.05
2003-01-13,1101.24,1104.32,1075.96,1083.0,-0.4
2003-01-14,1082.37,1097.71,1080.85,1094.87,1.1
2003-01-15,1096.96,1099.89,1069.96,1073.6,-1.94
2003-01-16,1076.18,1084.36,1057.87,1061.46,-1.13
2003-01-17,1041.43,1041.43,1017.53,1017.58,-4.13
2003-01-21,1022.94,1028.32,1008.93,1008.93,-0.85
2003-01-22,1005.57,1027.08,1003.58,1006.51,-0.24
2003-01-23,1024.47,1039.16,1011.12,1032.67,2.6
2003-01-24,1027.7,1027.7,992.85,996.18,-3.53
2003-01-27,985.08,1006.26,982.02,986.41,-0.98
2003-01-28,996.88,1006.51,983.95,1001.41,1.52
2003-01-29,994.6,1022.98,980.92,1016.56,1.51
2003-01-30,1018.48,1022.21,985.16,985.52,-3.05
2003-01-31,971.6,996.04,968.34,983.05,-0.25
2003-02-03,987.37,997.56,981.37,987.07,0.41
2003-02-04,972.93,974.68,960.01,971.73,-1.55
2003-02-05,980.75,999.16,967.59,968.97,-0.28
2003-02-06,966.05,979.18,960.81,970.55,0.16
2003-02-07,980.5,983.36,951.67,957.05,-1.39
2003-02-10,961.69,974.48,950.81,969.96,1.35
2003-02-11,975.52,989.32,962.44,971.61,0.17
2003-02-12,967.89,978.06,956.57,956.77,-1.53
2003-02-13,959.56,959.73,938.52,951.9,-0.51
2003-02-14,958.2,982.12,952.7,982.09,3.17
2003-02-18,990.21,1015.34,989.82,1014.91,3.34
2003-02-19,1011.69,1014.64,994.25,1005.88,-0.89
2003-02-20,1010.5,1015.22,999.58,1001.47,-0.44
2003-02-21,1002.14,1019.25,986.73,1015.92,1.44
2003-02-24,1009.14,1013.2,994.23,994.69,-2.09
2003-02-25,981.52,1001.72,969.56,999.28,0.46
2003-02-26,992.91,1001.99,973.93,974.49,-2.48
2003-02-27,982.51,1000.98,976.6,994.8,2.08
2003-02-28,998.26,1013.34,994.79,1009.74,1.5
2003-03-03,1015.87,1023.47,988.4,991.07,-1.85
2003-03-04,991.6,994.35,982.06,982.98,-0.82
2003-03-05,981.67,995.19,978.4,990.23,0.74
2003-03-06,982.04,991.69,976.55,983.96,-0.63
2003-03-07,967.93,992.11,964.25,986.82,0.29
2003-03-10,977.95,982.87,962.48,964.29,-2.28
2003-03-11,966.74,973.86,956.94,958.82,-0.57
2003-03-12,954.66,971.39,946.79,970.54,1.22
2003-03-13,990.36,1029.84,981.58,1029.79,6.1
2003-03-14,1034.43,1042.56,1020.17,1030.45,0.06
2003-03-17,1021.97,1077.14,1018.76,1077.01,4.52
2003-03-18,1075.3,1082.2,1063.22,1082.19,0.48
2003-03-19,1078.19,1083.11,1058.81,1074.97,-0.67
2003-03-20,1064.32,1089.21,1052.92,1080.24,0.49
2003-03-21,1096.3,1099.61,1078.64,1093.12,1.19
2003-03-24,1064.65,1068.46,1045.65,1047.1,-4.21
2003-03-25,1051.71,1075.43,1047.06,1066.57,1.86
2003-03-26,1065.78,1074.98,1060.05,1066.3,-0.03
2003-03-27,1055.7,1070.67,1049.5,1061.93,-0.41
2003-03-28,1052.25,1061.83,1044.38,1046.72,-1.43
2003-03-31,1028.43,1032.91,1014.96,1018.66,-2.68
2003-04-01,1025.02,1031.51,1015.46,1022.63,0.39
2003-04-02,1047.39,1066.9,1047.39,1063.46,3.99
2003-04-03,1070.51,1078.76,1058.01,1064.06,0.06
2003-04-04,1067.51,1067.51,1044.37,1050.7,-1.26
2003-04-07,1089.93,1091.74,1053.22,1053.28,0.25
2003-04-08,1051.75,1056.03,1041.47,1046.3,-0.66
2003-04-09,1048.92,1055.89,1023.48,1023.52,-2.18
2003-04-10,1024.74,1035.61,1018.17,1033.14,0.94
2003-04-11,1046.45,1051.88,1020.56,1026.15,-0.68
2003-04-14,1028.0,1050.51,1025.8,1048.31,2.16
2003-04-15,1044.33,1058.54,1039.99,1053.08,0.46
2003-04-16,1070.64,1078.23,1051.52,1054.89,0.17
2003-04-17,1051.36,1084.81,1051.36,1083.56,2.72
2003-04-21,1083.75,1089.71,1070.86,1081.04,-0.23
2003-04-22,1073.88,1103.81,1072.13,1102.44,1.98
2003-04-23,1105.45,1115.67,1096.92,1112.93,0.95
2003-04-24,1100.84,1115.36,1097.19,1108.12,-0.43
2003-04-25,1100.65,1101.76,1081.34,1083.19,-2.25
2003-04-28,1086.58,1110.5,1084.77,1107.13,2.21
2003-04-29,1113.05,1126.58,1103.79,1116.79,0.87
2003-04-30,1111.54,1116.85,1104.39,1106.06,-0.96
2003-05-01,1104.38,1119.67,1094.42,1113.21,0.65
2003-05-02,1109.92,1137.45,1109.66,1136.35,2.08
2003-05-05,1139.6,1152.96,1132.99,1136.26,-0.01
2003-05-06,1134.56,1161.0,1134.47,1152.78,1.45
2003-05-07,1142.88,1152.68,1131.37,1135.85,-1.47
2003-05-08,1120.53,1132.28,1116.67,1118.76,-1.5
2003-05-09,1129.29,1143.97,1126.13,1143.55,2.22
2003-05-12,1141.08,1163.75,1133.89,1160.42,1.48
2003-05-13,1152.75,1165.53,1148.51,1155.97,-0.38
2003-05-14,1161.47,1165.2,1140.77,1148.14,-0.68
2003-05-15,1155.11,1164.5,1149.04,1162.93,1.29
2003-05-16,1158.51,1162.64,1146.29,1154.48,-0.73
2003-05-19,1146.74,1152.59,1112.27,1112.49,-3.64
2003-05-20,1118.3,1124.34,1103.2,1112.85,0.03
2003-05-21,1110.78,1115.56,1104.11,1113.68,0.07
2003-05-22,1116.21,1137.68,1112.59,1131.45,1.6
2003-05-23,1128.41,1135.49,1125.24,1130.05,-0.12
2003-05-27,1123.66,1174.16,1123.25,1172.58,3.76
2003-05-28,1172.99,1181.93,1165.34,1173.31,0.06
2003-05-29,1175.4,1198.43,1172.52,1181.82,0.73
2003-05-30,1188.63,1201.25,1185.09,1197.89,1.36
2003-06-02,1210.77,1213.76,1180.32,1185.13,-1.07
2003-06-03,1183.6,1198.95,1180.01,1198.57,1.13
2003-06-04,1199.74,1228.52,1195.96,1224.76,2.19
2003-06-05,1210.64,1231.79,1206.26,1231.72,0.57
2003-06-06,1254.64,1265.69,1210.33,1213.11,-1.51
2003-06-09,1206.95,1214.22,1188.04,1195.55,-1.45
2003-06-10,1201.26,1212.99,1194.2,1212.99,1.46
2003-06-11,1210.61,1230.5,1199.47,1228.24,1.26
2003-06-12,1233.48,1235.88,1218.02,1229.32,0.09
2003-06-13,1231.75,1235.42,1201.12,1203.91,-2.07
2003-06-16,1211.58,1242.5,1206.13,1241.58,3.13
2003-06-17,1247.57,1247.57,1229.73,1239.63,-0.16
2003-06-18,1233.83,1255.39,1225.7,1247.9,0.67
2003-06-19,1247.5,1255.3,1222.87,1225.89,-1.76
2003-06-20,1235.2,1235.84,1217.19,1223.4,-0.2
2003-06-23,1220.19,1221.65,1189.78,1200.17,-1.9
2003-06-24,1196.62,1209.84,1188.2,1191.7,-0.71
2003-06-25,1193.16,1212.79,1186.53,1188.33,-0.28
2003-06-26,1194.87,1217.21,1191.19,1214.58,2.21
2003-06-27,1216.86,1229.11,1199.6,1205.24,-0.77
2003-06-30,1212.51,1218.8,1199.83,1201.69,-0.29
2003-07-01,1195.3,1219.23,1180.11,1217.37,1.3
2003-07-02,1223.19,1245.78,1223.06,1245.75,2.33
2003-07-03,1233.4,1250.62,1228.4,1231.34,-1.16
2003-07-07,1250.03,1282.31,1250.03,1281.89,4.11
2003-07-08,1275.79,1298.93,1272.29,1298.37,1.29
2003-07-09,1294.58,1307.03,1285.42,1295.16,-0.25
2003-07-10,1280.44,1286.02,1260.76,1268.65,-2.05
2003-07-11,1273.94,1285.85,1271.76,1280.57,0.94
2003-07-14,1301.19,1316.42,1290.48,1295.74,1.18
2003-07-15,1309.69,1311.1,1285.56,1294.47,-0.1
2003-07-16,1305.76,1306.52,1277.46,1291.99,-0.19
2003-07-17,1274.73,1279.82,1249.59,1255.94,-2.79
2003-07-18,1265.0,1267.69,1244.11,1259.91,0.32
2003-07-21,1256.12,1256.45,1232.16,1240.78,-1.52
2003-07-22,1252.99,1265.4,1242.17,1257.63,1.36
2003-07-23,1262.59,1270.44,1246.89,1268.52,0.87
2003-07-24,1282.13,1287.45,1252.12,1253.76,-1.16
2003-07-25,1252.62,1278.31,1237.75,1278.31,1.96
2003-07-28,1281.5,1285.86,1272.01,1280.53,0.17
2003-07-29,1284.24,1287.84,1257.13,1275.17,-0.42
2003-07-30,1276.58,1277.19,1261.68,1263.78,-0.89
2003-07-31,1278.29,1298.81,1269.89,1276.94,1.04
2003-08-01,1274.61,1276.99,1260.09,1264.34,-0.99
2003-08-04,1263.62,1277.07,1240.67,1267.38,0.24
2003-08-05,1263.79,1263.83,1226.82,1229.72,-2.97
2003-08-06,1221.99,1237.14,1211.27,1215.13,-1.19
2003-08-07,1214.89,1225.29,1208.74,1217.17,0.17
2003-08-08,1223.66,1227.42,1204.29,1207.28,-0.81
2003-08-11,1209.35,1230.26,1208.33,1223.14,1.31
2003-08-12,1227.5,1241.62,1220.12,1240.7,1.44
2003-08-13,1247.56,1249.14,1233.8,1240.37,-0.03
2003-08-14,1241.17,1254.0,1235.05,1251.9,0.93
2003-08-15,1250.45,1257.46,1246.32,1253.63,0.14
2003-08-18,1258.18,1284.88,1256.9,1284.81,2.49
2003-08-19,1291.37,1301.31,1281.71,1299.69,1.16
2003-08-20,1289.43,1307.45,1288.75,1299.73,0.0
2003-08-21,1309.57,1319.88,1299.02,1314.65,1.15
2003-08-22,1338.19,1342.64,1304.51,1304.54,-0.77
2003-08-25,1302.5,1307.85,1295.82,1306.64,0.16
2003-08-26,1298.23,1309.83,1280.59,1309.05,0.18
2003-08-27,1305.98,1320.02,1303.15,1318.93,0.75
2003-08-28,1323.21,1332.47,1308.98,1332.33,1.02
2003-08-29,1328.49,1344.74,1327.93,1341.2,0.67
2003-09-02,1347.64,1361.09,1333.29,1361.09,1.48
2003-09-03,1370.35,1375.3,1354.72,1360.19,-0.07
2003-09-04,1360.22,1376.06,1356.23,1373.26,0.96
2003-09-05,1366.29,1380.24,1355.02,1361.9,-0.83
2003-09-08,1366.55,1387.45,1365.09,1386.73,1.82
2003-09-09,1380.13,1382.11,1364.94,1370.56,-1.17
2003-09-10,1357.8,1362.84,1332.28,1332.28,-2.79
2003-09-11,1339.88,1358.02,1327.92,1350.8,1.39
2003-09-12,1340.78,1357.63,1330.31,1357.63,0.51
2003-09-15,1359.97,1363.48,1345.94,1347.77,-0.73
2003-09-16,1348.75,1383.48,1348.75,1382.82,2.6
2003-09-17,1379.37,1388.18,1369.76,1376.8,-0.44
2003-09-18,1374.56,1401.64,1368.61,1400.13,1.69
2003-09-19,1406.61,1406.61,1383.24,1392.26,-0.56
2003-09-22,1371.18,1374.9,1358.6,1366.32,-1.86
2003-09-23,1367.91,1388.67,1364.67,1388.15,1.6
2003-09-24,1388.54,1388.54,1339.61,1339.64,-3.49
2003-09-25,1344.63,1357.99,1325.69,1325.75,-1.04
2003-09-26,1323.87,1333.98,1309.2,1309.31,-1.24
2003-09-29,1318.33,1335.56,1306.11,1335.51,2.0
2003-09-30,1323.95,1325.41,1302.26,1303.7,-2.38
2003-10-01,1312.43,1336.13,1306.33,1335.34,2.43
2003-10-02,1332.16,1343.99,1325.93,1337.1,0.13
2003-10-03,1363.1,1385.79,1363.1,1375.32,2.86
2003-10-06,1378.2,1384.11,1370.45,1381.7,0.46
2003-10-07,1372.09,1392.65,1368.13,1392.56,0.79
2003-10-08,1398.46,1398.99,1376.4,1382.4,-0.73
2003-10-09,1404.88,1418.09,1386.63,1396.95,1.05
2003-10-10,1399.18,1406.27,1393.97,1404.87,0.57
2003-10-13,1412.37,1422.28,1405.05,1414.72,0.7
2003-10-14,1411.53,1421.0,1406.39,1420.66,0.42
2003-10-15,1439.97,1439.97,1409.77,1417.59,-0.22
2003-10-16,1411.23,1427.61,1411.08,1426.71,0.64
2003-10-17,1423.99,1426.38,1392.08,1394.02,-2.29
2003-10-20,1395.41,1409.31,1388.54,1409.31,1.1
2003-10-21,1413.01,1424.8,1405.51,1422.13,0.91
2003-10-22,1403.76,1404.05,1385.15,1387.4,-2.44
2003-10-23,1371.9,1387.01,1369.91,1378.11,-0.67
2003-10-24,1360.55,1370.67,1346.01,1370.61,-0.54
2003-10-27,1378.95,1384.91,1369.38,1377.41,0.5
2003-10-28,1385.57,1420.02,1382.88,1420.02,3.09
2003-10-29,1414.18,1423.69,1410.51,1419.92,-0.01
2003-10-30,1437.65,1437.76,1413.57,1417.38,-0.18
2003-10-31,1423.39,1443.18,1411.76,1416.39,-0.07
2003-11-03,1423.13,1445.72,1422.32,1443.13,1.89
2003-11-04,1434.35,1442.27,1425.26,1429.38,-0.95
2003-11-05,1428.04,1437.85,1414.37,1429.56,0.01
2003-11-06,1439.22,1443.06,1421.56,1440.08,0.74
2003-11-07,1450.47,1453.46,1436.13,1436.73,-0.23
2003-11-10,1435.87,1437.06,1412.14,1414.62,-1.54
2003-11-11,1412.5,1418.46,1401.45,1409.64,-0.35
2003-11-12,1414.21,1443.52,1413.84,1443.52,2.4
2003-11-13,1434.75,1442.27,1429.22,1439.87,-0.25
2003-11-14,1438.99,1448.06,1407.4,1407.51,-2.25
2003-11-17,1399.38,1402.61,1377.9,1393.75,-0.98
2003-11-18,1401.46,1405.94,1364.7,1364.7,-2.08
2003-11-19,1368.47,1382.94,1363.09,1378.9,1.04
2003-11-20,1365.73,1394.38,1362.09,1363.49,-1.12
2003-11-21,1370.63,1375.94,1357.25,1373.32,0.72
2003-11-24,1385.2,1419.31,1385.2,1419.31,3.35
2003-11-25,1418.26,1424.35,1411.36,1411.36,-0.56
2003-11-26,1422.01,1426.28,1400.0,1420.11,0.62
2003-11-28,1417.41,1426.76,1416.21,1424.25,0.29
2003-12-01,1434.1,1447.08,1427.12,1447.08,1.6
2003-12-02,1441.71,1447.84,1431.32,1431.89,-1.05
2003-12-03,1440.37,1452.03,1419.77,1419.77,-0.85
2003-12-04,1424.65,1434.28,1411.13,1432.38,0.89
2003-12-05,1415.78,1429.19,1405.55,1406.91,-1.78
2003-12-08,1406.02,1419.11,1399.41,1418.05,0.79
2003-12-09,1423.75,1425.01,1383.0,1383.66,-2.43
2003-12-10,1387.25,1394.69,1372.87,1388.96,0.38
2003-12-11,1388.88,1422.49,1387.47,1416.96,2.02
2003-12-12,1419.7,1419.7,1404.4,1417.27,0.02
2003-12-15,1442.05,1442.65,1396.82,1396.82,-1.44
2003-12-16,1397.41,1407.38,1384.52,1403.28,0.46
2003-12-17,1400.78,1406.23,1390.83,1400.0,-0.23
2003-12-18,1404.08,1432.64,1404.08,1431.31,2.24
2003-12-19,1434.93,1434.93,1416.21,1426.17,-0.36
2003-12-22,1422.79,1433.71,1419.82,1431.71,0.39
2003-12-23,1431.64,1448.19,1430.04,1448.17,1.15
2003-12-24,1442.58,1447.57,1439.71,1443.19,-0.34
2003-12-26,1444.41,1451.21,1442.29,1443.86,0.05
2003-12-29,1447.62,1470.37,1447.62,1470.37,1.84
2003-12-30,1467.74,1470.38,1460.67,1470.01,-0.02
2003-12-31,1471.56,1474.24,1459.06,1467.92,-0.14
2004-01-02,1474.16,1479.59,1458.51,1463.57,-0.3
2004-01-05,1474.55,1496.58,1474.19,1496.58,2.26
2004-01-06,1492.41,1504.47,1486.59,1501.26,0.31
2004-01-07,1498.38,1514.45,1491.2,1514.26,0.87
2004-01-08,1524.06,1530.65,1513.34,1530.65,1.08
2004-01-09,1516.59,1541.84,1512.86,1520.46,-0.67
2004-01-12,1524.54,1540.1,1515.86,1539.77,1.27
2004-01-13,1540.35,1541.83,1513.21,1524.78,-0.97
2004-01-14,1531.93,1536.84,1521.91,1534.08,0.61
2004-01-15,1524.73,1545.65,1515.06,1532.01,-0.13
2004-01-16,1545.32,1553.64,1537.17,1553.62,1.41
2004-01-20,1558.89,1559.47,1541.34,1552.87,-0.05
2004-01-21,1545.53,1554.89,1529.4,1546.6,-0.4
2004-01-22,1550.98,1556.06,1530.42,1530.42,-1.05
2004-01-23,1535.41,1546.69,1519.74,1531.21,0.05
2004-01-26,1526.57,1553.66,1522.95,1553.66,1.47
2004-01-27,1548.64,1552.54,1519.2,1519.23,-2.22
2004-01-28,1527.35,1530.06,1488.61,1491.57,-1.82
2004-01-29,1499.84,1500.8,1474.13,1496.4,0.32
2004-01-30,1494.88,1505.12,1487.78,1493.08,-0.22
2004-02-02,1497.78,1507.59,1481.57,1487.84,-0.35
2004-02-03,1485.93,1497.07,1482.7,1491.85,0.27
2004-02-04,1473.53,1482.35,1461.01,1462.61,-1.96
2004-02-05,1468.96,1475.41,1461.12,1465.03,0.17
2004-02-06,1472.02,1498.95,1470.31,1498.95,2.32
2004-02-09,1502.32,1503.04,1490.7,1490.91,-0.54
2004-02-10,1490.69,1503.83,1489.9,1500.29,0.63
2004-02-11,1498.08,1514.49,1491.21,1514.18,0.93
2004-02-12,1508.19,1516.21,1499.43,1501.34,-0.85
2004-02-13,1504.7,1510.83,1478.54,1484.47,-1.12
2004-02-17,1498.7,1512.17,1497.54,1506.57,1.49
2004-02-18,1509.55,1515.44,1501.7,1507.49,0.06
2004-02-19,1522.39,1524.09,1484.8,1484.8,-1.51
2004-02-20,1490.81,1493.45,1470.92,1482.1,-0.18
2004-02-23,1488.28,1489.4,1454.36,1463.75,-1.24
2004-02-24,1458.38,1474.04,1452.49,1462.05,-0.12
2004-02-25,1465.83,1474.21,1461.26,1470.22,0.56
2004-02-26,1465.4,1480.88,1461.36,1477.13,0.47
2004-02-27,1479.56,1485.4,1459.91,1470.38,-0.46
2004-03-01,1476.04,1490.18,1467.57,1489.49,1.3
2004-03-02,1487.7,1494.67,1473.22,1473.22,-1.09
2004-03-03,1469.77,1473.28,1456.87,1466.09,-0.48
2004-03-04,1466.7,1481.36,1464.57,1481.36,1.04
2004-03-05,1464.89,1494.29,1463.32,1472.99,-0.57
2004-03-08,1476.85,1481.19,1441.0,1441.12,-2.16
2004-03-09,1441.28,1446.46,1429.36,1437.47,-0.25
2004-03-10,1438.53,1447.71,1417.18,1417.5,-1.39
2004-03-11,1409.14,1429.1,1402.2,1402.2,-1.08
2004-03-12,1415.9,1431.4,1414.43,1431.4,2.08
2004-03-15,1423.15,1424.65,1399.87,1399.87,-2.2
2004-03-16,1412.1,1417.56,1394.11,1407.07,0.51
2004-03-17,1418.57,1432.23,1418.3,1428.89,1.55
2004-03-18,1423.86,1425.76,1407.09,1417.77,-0.78
2004-03-19,1416.23,1425.92,1398.58,1398.58,-1.35
2004-03-22,1386.76,1388.68,1369.36,1381.39,-1.23
2004-03-23,1391.64,1393.77,1368.67,1370.04,-0.82
2004-03-24,1374.74,1391.87,1368.08,1381.86,0.86
2004-03-25,1394.2,1425.86,1393.96,1425.86,3.18
2004-03-26,1420.41,1431.23,1415.39,1415.39,-0.73
2004-03-29,1429.54,1445.82,1429.48,1442.31,1.9
2004-03-30,1435.59,1445.3,1429.09,1445.25,0.2
2004-03-31,1445.17,1447.95,1432.87,1438.41,-0.47
2004-04-01,1438.91,1457.59,1438.91,1453.22,1.03
2004-04-02,1482.33,1490.3,1469.57,1490.3,2.55
2004-04-05,1488.45,1508.37,1487.23,1508.37,1.21
2004-04-06,1492.93,1498.34,1485.7,1493.58,-0.98
2004-04-07,1489.1,1492.19,1475.62,1481.96,-0.78
2004-04-08,1502.77,1503.37,1478.44,1485.51,0.24
2004-04-12,1489.59,1497.5,1488.35,1495.93,0.7
2004-04-13,1501.98,1502.52,1469.88,1472.88,-1.54
2004-04-14,1464.32,1485.28,1463.63,1475.66,0.19
2004-04-15,1479.56,1481.77,1449.4,1459.45,-1.1
2004-04-16,1458.51,1460.39,1440.56,1449.06,-0.71
2004-04-19,1448.89,1473.53,1448.03,1473.48,1.69
2004-04-20,1473.98,1479.68,1436.89,1436.9,-2.48
2004-04-21,1446.02,1452.92,1434.16,1451.01,0.98
2004-04-22,1450.38,1488.74,1449.06,1485.5,2.38
2004-04-23,1492.24,1497.17,1484.36,1497.01,0.77
2004-04-26,1496.67,1499.45,1474.79,1480.53,-1.1
2004-04-27,1485.67,1495.62,1476.42,1479.47,-0.07
2004-04-28,1475.88,1476.03,1449.23,1453.03,-1.79
2004-04-29,1451.4,1461.13,1420.66,1431.36,-1.49
2004-04-30,1435.16,1439.69,1401.36,1401.36,-2.1
2004-05-03,1409.06,1428.49,1404.06,1415.29,0.99
2004-05-04,1417.12,1438.49,1409.39,1422.11,0.48
2004-05-05,1424.71,1435.46,1416.73,1428.42,0.44
2004-05-06,1416.59,1425.5,1403.36,1415.6,-0.9
2004-05-07,1411.05,1432.71,1406.19,1406.19,-0.66
2004-05-10,1395.21,1403.59,1384.89,1397.1,-0.65
2004-05-11,1406.36,1422.51,1406.36,1421.89,1.77
2004-05-12,1412.5,1417.03,1378.64,1414.83,-0.5
2004-05-13,1408.58,1425.69,1405.6,1417.09,0.16
2004-05-14,1415.44,1419.57,1394.37,1399.85,-1.22
2004-05-17,1379.99,1391.77,1372.46,1379.9,-1.43
2004-05-18,1395.23,1404.27,1393.08,1397.47,1.27
2004-05-19,1414.38,1427.51,1396.34,1396.34,-0.08
2004-05-20,1400.37,1408.2,1390.41,1396.87,0.04
2004-05-21,1409.61,1414.11,1397.7,1408.17,0.81
2004-05-24,1418.77,1425.49,1408.44,1413.97,0.41
2004-05-25,1412.59,1450.06,1406.2,1447.72,2.39
2004-05-26,1443.13,1455.0,1440.85,1453.87,0.42
2004-05-27,1460.06,1467.63,1450.67,1463.11,0.64
2004-05-28,1464.83,1469.23,1456.77,1466.22,0.21
2004-06-01,1457.71,1469.27,1453.39,1468.54,0.16
2004-06-02,1472.54,1474.1,1455.13,1464.22,-0.29
2004-06-03,1459.19,1462.41,1445.21,1445.21,-1.3
2004-06-04,1463.46,1472.64,1455.04,1455.04,0.68
2004-06-07,1465.56,1491.45,1464.01,1491.45,2.5
2004-06-08,1483.59,1496.0,1481.76,1495.97,0.3
2004-06-09,1487.37,1490.88,1469.04,1469.5,-1.77
2004-06-10,1475.71,1481.27,1470.5,1481.27,0.8
2004-06-14,1470.62,1471.19,1451.78,1458.64,-1.53
2004-06-15,1470.37,1487.83,1470.37,1479.2,1.41
2004-06-16,1478.72,1483.6,1474.17,1479.99,0.05
2004-06-17,1473.94,1473.95,1458.68,1464.03,-1.08
2004-06-18,1457.88,1481.36,1455.67,1464.65,0.04
2004-06-21,1467.98,1472.65,1450.79,1453.23,-0.78
2004-06-22,1455.92,1475.12,1448.82,1474.87,1.49
2004-06-23,1471.54,1495.05,1468.74,1493.52,1.26
2004-06-24,1490.58,1502.14,1485.88,1488.31,-0.35
2004-06-25,1488.82,1503.91,1488.2,1498.38,0.68
2004-06-28,1507.32,1508.52,1485.25,1493.07,-0.35
2004-06-29,1490.65,1507.05,1490.65,1505.65,0.84
2004-06-30,1507.6,1523.48,1502.61,1516.64,0.73
2004-07-01,1514.82,1514.82,1477.62,1489.57,-1.78
2004-07-02,1488.34,1489.6,1473.73,1481.19,-0.56
2004-07-06,1470.47,1471.21,1441.78,1445.71,-2.4
2004-07-07,1445.1,1459.07,1445.02,1452.49,0.47
2004-07-08,1439.57,1452.7,1430.81,1431.13,-1.47
2004-07-09,1442.43,1451.39,1434.0,1440.0,0.62
2004-07-12,1429.91,1435.3,1418.1,1432.11,-0.55
2004-07-13,1436.08,1439.78,1426.11,1428.68,-0.24
2004-07-14,1414.42,1433.61,1411.52,1416.05,-0.88
2004-07-15,1422.26,1427.72,1412.59,1415.92,-0.01
2004-07-16,1426.49,1426.49,1392.17,1392.17,-1.68
2004-07-19,1398.92,1406.15,1386.78,1396.77,0.33
2004-07-20,1398.64,1421.07,1396.85,1421.07,1.74
2004-07-21,1433.27,1433.27,1386.57,1386.57,-2.43
2004-07-22,1385.89,1411.43,1377.7,1408.51,1.58
2004-07-23,1394.56,1394.56,1370.7,1375.48,-2.35
2004-07-26,1376.8,1383.67,1359.2,1368.4,-0.51
2004-07-27,1374.69,1395.95,1371.26,1391.5,1.69
2004-07-28,1384.51,1392.48,1360.27,1383.75,-0.56
2004-07-29,1395.34,1403.8,1388.06,1398.55,1.07
2004-07-30,1397.05,1412.0,1394.85,1400.39,0.13
2004-08-02,1390.21,1408.31,1387.04,1406.33,0.42
2004-08-03,1402.34,1404.9,1379.02,1379.14,-1.93
2004-08-04,1372.46,1386.28,1368.44,1379.21,0.01
2004-08-05,1380.93,1383.38,1352.27,1353.44,-1.87
2004-08-06,1341.08,1342.87,1314.97,1315.3,-2.82
2004-08-09,1320.83,1325.45,1314.57,1318.83,0.27
2004-08-10,1325.96,1346.71,1324.38,1346.71,2.11
2004-08-11,1319.7,1328.83,1309.5,1324.65,-1.64
2004-08-12,1313.81,1320.94,1302.74,1304.43,-1.53
2004-08-13,1311.84,1316.3,1301.93,1307.82,0.26
2004-08-16,1309.5,1334.78,1309.5,1326.84,1.45
2004-08-17,1332.94,1344.54,1331.85,1335.72,0.67
2004-08-18,1328.99,1363.74,1327.85,1363.73,2.1
2004-08-19,1356.89,1361.23,1344.98,1353.24,-0.77
2004-08-20,1352.28,1373.01,1348.27,1366.73,1.0
2004-08-23,1370.51,1377.67,1364.46,1370.9,0.31
2004-08-24,1376.99,1379.05,1360.82,1369.78,-0.08
2004-08-25,1369.2,1391.22,1363.56,1389.17,1.42
2004-08-26,1383.8,1388.84,1379.69,1383.98,-0.37
2004-08-27,1384.61,1393.23,1384.61,1388.56,0.33
2004-08-30,1383.12,1384.14,1367.73,1367.94,-1.49
2004-08-31,1368.91,1372.27,1354.1,1368.68,0.05
2004-09-01,1363.27,1384.85,1360.58,1377.96,0.68
2004-09-02,1374.69,1402.07,1373.67,1398.34,1.48
2004-09-03,1384.41,1393.5,1370.01,1371.82,-1.9
2004-09-07,1382.48,1390.6,1372.53,1381.84,0.73
2004-09-08,1378.4,1393.69,1374.79,1376.77,-0.37
2004-09-09,1385.22,1396.55,1373.37,1391.53,1.07
2004-09-10,1391.2,1414.55,1386.41,1413.0,1.54
2004-09-13,1417.84,1435.95,1414.22,1427.34,1.01
2004-09-14,1425.29,1435.91,1422.83,1434.37,0.49
2004-09-15,1425.51,1425.51,1412.54,1415.3,-1.33
2004-09-16,1417.37,1429.93,1413.22,1417.97,0.19
2004-09-17,1417.73,1427.59,1413.78,1426.3,0.59
2004-09-20,1417.39,1437.3,1415.31,1424.72,-0.11
2004-09-21,1429.85,1440.81,1425.16,1435.91,0.79
2004-09-22,1424.72,1424.72,1403.16,1404.22,-2.21
2004-09-23,1405.76,1413.68,1402.79,1405.77,0.11
2004-09-24,1407.71,1414.56,1397.5,1399.05,-0.48
2004-09-27,1389.94,1396.42,1383.24,1385.55,-0.96
2004-09-28,1390.11,1394.43,1376.99,1389.7,0.3
2004-09-29,1389.69,1411.82,1389.62,1410.86,1.52
2004-09-30,1409.23,1417.99,1403.89,1412.74,0.13
2004-10-01,1426.38,1452.94,1423.43,1452.94,2.85
2004-10-04,1463.22,1472.21,1458.08,1459.01,0.42
2004-10-05,1456.19,1467.23,1454.23,1461.76,0.19
2004-10-06,1460.19,1474.36,1452.61,1474.36,0.86
2004-10-07,1469.7,1474.7,1454.89,1455.77,-1.26
2004-10-08,1449.49,1457.04,1428.11,1430.96,-1.7
2004-10-11,1435.54,1441.1,1431.77,1437.73,0.47
2004-10-12,1424.22,1439.07,1416.29,1435.0,-0.19
2004-10-13,1451.73,1453.72,1425.41,1434.46,-0.04
2004-10-14,1434.92,1437.66,1421.59,1425.21,-0.64
2004-10-15,1430.31,1441.82,1419.36,1430.98,0.4
2004-10-18,1428.08,1457.31,1424.82,1457.31,1.84
2004-10-19,1463.01,1470.14,1443.4,1443.8,-0.93
2004-10-20,1441.21,1456.19,1433.88,1452.26,0.59
2004-10-21,1459.68,1478.46,1452.57,1474.79,1.55
2004-10-22,1472.92,1473.69,1438.13,1438.25,-2.48
2004-10-25,1435.68,1439.48,1427.44,1432.57,-0.39
2004-10-26,1432.25,1442.14,1423.98,1442.14,0.67
2004-10-27,1441.79,1483.13,1437.44,1480.03,2.63
2004-10-28,1473.41,1491.86,1471.03,1487.12,0.48
2004-10-29,1485.68,1496.98,1475.56,1486.72,-0.03
2004-11-01,1486.25,1494.88,1479.86,1488.79,0.14
2004-11-02,1490.32,1509.56,1489.33,1494.83,0.41
2004-11-03,1519.97,1523.51,1494.85,1503.89,0.61
2004-11-04,1498.06,1519.21,1492.23,1516.2,0.82
2004-11-05,1526.71,1534.84,1512.74,1525.24,0.6
2004-11-08,1525.13,1532.46,1522.12,1527.13,0.12
2004-11-09,1527.25,1534.37,1521.15,1527.0,-0.01
2004-11-10,1524.1,1530.01,1514.32,1517.06,-0.65
2004-11-11,1524.62,1542.39,1522.48,1541.7,1.62
2004-11-12,1543.31,1558.41,1535.82,1558.41,1.08
2004-11-15,1554.31,1562.04,1550.03,1560.96,0.16
2004-11-16,1554.79,1554.79,1541.84,1548.53,-0.8
2004-11-17,1561.8,1580.26,1561.8,1571.12,1.46
2004-11-18,1568.02,1581.79,1563.79,1580.81,0.62
2004-11-19,1578.86,1580.93,1551.77,1552.11,-1.82
2004-11-22,1551.16,1568.86,1543.97,1568.28,1.04
2004-11-23,1566.71,1573.52,1552.85,1562.6,-0.36
2004-11-24,1572.67,1583.07,1570.87,1582.55,1.28
2004-11-26,1581.65,1587.08,1578.26,1578.26,-0.27
2004-11-29,1586.46,1593.16,1567.27,1580.44,0.14
2004-11-30,1579.51,1583.15,1571.11,1571.5,-0.57
2004-12-01,1578.25,1607.16,1578.25,1607.15,2.27
2004-12-02,1602.11,1623.6,1599.63,1613.15,0.37
2004-12-03,1621.1,1631.9,1612.72,1614.4,0.08
2004-12-06,1612.33,1625.61,1605.71,1619.59,0.32
2004-12-07,1622.84,1628.25,1589.05,1589.33,-1.87
2004-12-08,1593.87,1607.49,1588.73,1601.91,0.79
2004-12-09,1585.99,1615.6,1577.77,1609.79,0.49
2004-12-10,1601.46,1611.23,1600.72,1605.16,-0.29
2004-12-13,1617.53,1621.37,1608.4,1621.16,1.0
2004-12-14,1618.2,1632.17,1618.2,1627.46,0.39
2004-12-15,1626.99,1635.7,1615.45,1623.63,-0.24
2004-12-16,1621.43,1625.83,1601.62,1607.62,-0.99
2004-12-17,1608.64,1614.89,1596.48,1596.61,-0.68
2004-12-20,1603.84,1613.78,1587.21,1591.97,-0.29
2004-12-21,1598.6,1611.34,1594.89,1609.26,1.09
2004-12-22,1605.72,1619.56,1602.99,1613.57,0.27
2004-12-23,1608.87,1619.18,1608.64,1613.77,0.01
2004-12-27,1621.33,1623.8,1600.25,1607.59,-0.38
2004-12-28,1610.9,1624.19,1608.51,1624.19,1.03
2004-12-29,1619.36,1629.9,1619.36,1624.95,0.05
2004-12-30,1626.21,1628.74,1621.58,1623.76,-0.07
2004-12-31,1624.37,1628.91,1620.31,1621.12,-0.16
2005-01-03,1628.75,1635.45,1598.79,1603.51,-1.09
2005-01-04,1611.22,1612.78,1565.02,1571.83,-1.98
2005-01-05,1568.68,1580.88,1562.64,1563.76,-0.51
2005-01-06,1567.66,1570.75,1556.84,1557.52,-0.4
2005-01-07,1565.63,1577.76,1551.29,1564.81,0.47
2005-01-10,1561.23,1577.71,1558.54,1564.92,0.01
2005-01-11,1556.66,1562.24,1545.28,1553.4,-0.74
2005-01-12,1561.84,1566.69,1543.04,1565.78,0.8
2005-01-13,1567.55,1568.54,1543.48,1545.18,-1.32
2005-01-14,1552.11,1563.79,1550.05,1561.11,1.03
2005-01-18,1554.19,1574.39,1551.88,1573.49,0.79
2005-01-19,1572.81,1573.02,1545.63,1545.65,-1.77
2005-01-20,1526.8,1534.53,1514.56,1514.56,-2.01
2005-01-21,1519.3,1524.03,1502.48,1503.64,-0.72
2005-01-24,1507.79,1509.83,1480.66,1480.66,-1.53
2005-01-25,1492.65,1505.05,1488.6,1490.57,0.67
2005-01-26,1502.05,1513.44,1495.31,1509.01,1.24
2005-01-27,1505.25,1512.74,1497.36,1507.55,-0.1
2005-01-28,1510.88,1512.82,1486.76,1499.46,-0.54
2005-01-31,1515.16,1523.27,1513.06,1519.63,1.35
2005-02-01,1521.0,1527.91,1517.3,1523.66,0.27
2005-02-02,1527.29,1531.22,1515.45,1525.1,0.09
2005-02-03,1516.22,1518.13,1501.96,1508.24,-1.11
2005-02-04,1507.74,1534.97,1507.69,1534.49,1.74
2005-02-07,1534.48,1538.38,1522.72,1529.05,-0.35
2005-02-08,1529.55,1542.41,1527.04,1532.69,0.24
2005-02-09,1534.41,1534.48,1504.6,1506.81,-1.69
2005-02-10,1512.71,1514.22,1497.35,1506.83,0.0
2005-02-11,1505.09,1535.54,1498.68,1530.51,1.57
2005-02-14,1531.19,1540.01,1530.16,1538.21,0.5
2005-02-15,1538.38,1561.17,1535.34,1547.3,0.59
2005-02-16,1541.26,1547.69,1535.37,1542.41,-0.32
2005-02-17,1543.03,1546.69,1519.22,1519.29,-1.5
2005-02-18,1519.21,1524.04,1512.73,1515.4,-0.26
2005-02-22,1502.94,1523.51,1493.58,1494.07,-1.41
2005-02-23,1502.83,1503.89,1489.99,1497.09,0.2
2005-02-24,1493.59,1517.88,1491.74,1517.71,1.38
2005-02-25,1515.75,1528.0,1513.47,1526.9,0.61
2005-02-28,1517.06,1524.7,1498.17,1511.02,-1.04
2005-03-01,1516.63,1529.37,1515.2,1527.25,1.07
2005-03-02,1517.68,1541.14,1514.98,1525.28,-0.13
2005-03-03,1530.13,1530.68,1502.32,1511.89,-0.88
2005-03-04,1524.21,1530.59,1517.29,1520.58,0.57
2005-03-07,1524.04,1552.53,1523.73,1545.2,1.62
2005-03-08,1540.8,1549.56,1527.5,1528.65,-1.07
2005-03-09,1526.9,1537.97,1520.45,1521.98,-0.44
2005-03-10,1525.64,1527.98,1504.54,1524.38,0.16
2005-03-11,1528.65,1533.85,1501.99,1505.64,-1.23
2005-03-14,1509.19,1515.16,1502.6,1515.09,0.63
2005-03-15,1520.26,1520.43,1500.88,1502.06,-0.86
2005-03-16,1497.4,1508.16,1482.62,1486.23,-1.05
2005-03-17,1487.72,1496.8,1483.1,1487.63,0.09
2005-03-18,1488.55,1490.57,1475.26,1484.4,-0.22
2005-03-21,1483.16,1490.57,1470.94,1484.45,0.0
2005-03-22,1484.13,1490.44,1464.99,1465.09,-1.3
2005-03-23,1463.43,1480.13,1463.43,1471.77,0.46
2005-03-24,1477.46,1485.96,1469.94,1469.94,-0.12
2005-03-28,1476.4,1484.85,1472.71,1472.71,0.19
2005-03-29,1471.25,1483.43,1458.26,1464.34,-0.57
2005-03-30,1470.13,1491.74,1469.97,1491.74,1.87
2005-03-31,1489.44,1490.8,1478.66,1482.53,-0.62
2005-04-01,1491.83,1495.58,1466.49,1469.35,-0.89
2005-04-04,1469.42,1482.06,1461.27,1476.72,0.5
2005-04-05,1480.99,1487.26,1477.55,1483.75,0.48
2005-04-06,1487.15,1497.39,1477.97,1480.67,-0.21
2005-04-07,1481.13,1499.71,1481.13,1499.71,1.29
2005-04-08,1499.93,1503.21,1485.43,1485.6,-0.94
2005-04-11,1490.43,1492.32,1477.13,1478.55,-0.47
2005-04-12,1477.01,1490.1,1460.42,1489.16,0.72
2005-04-13,1484.39,1484.46,1459.97,1461.68,-1.85
2005-04-14,1461.83,1462.81,1440.35,1441.13,-1.41
2005-04-15,1425.73,1434.47,1407.82,1408.59,-2.26
2005-04-18,1406.3,1418.76,1405.09,1409.98,0.1
2005-04-19,1419.53,1424.03,1410.54,1420.8,0.77
2005-04-20,1430.25,1432.11,1404.86,1406.85,-0.98
2005-04-21,1423.62,1448.37,1419.25,1447.37,2.88
2005-04-22,1437.97,1438.72,1412.63,1421.21,-1.81
2005-04-25,1430.99,1439.63,1426.73,1437.31,1.13
2005-04-26,1431.75,1446.82,1420.43,1420.43,-1.17
2005-04-27,1413.22,1429.11,1409.49,1423.76,0.23
2005-04-28,1418.12,1425.69,1408.84,1409.29,-1.02
2005-04-29,1420.64,1422.42,1394.36,1420.79,0.82
2005-05-02,1421.9,1430.05,1415.6,1423.71,0.21
2005-05-03,1421.28,1436.6,1421.28,1427.61,0.27
2005-05-04,1431.06,1453.2,1429.62,1452.2,1.72
2005-05-05,1450.73,1457.34,1441.94,1450.16,-0.14
2005-05-06,1460.26,1460.76,1449.7,1456.0,0.4
2005-05-09,1455.68,1463.38,1446.77,1463.38,0.51
2005-05-10,1453.25,1458.4,1445.11,1450.36,-0.89
2005-05-11,1452.31,1461.02,1432.83,1459.55,0.63
2005-05-12,1459.07,1468.17,1446.97,1454.79,-0.33
2005-05-13,1459.23,1478.89,1455.88,1470.63,1.09
2005-05-16,1470.31,1481.32,1465.85,1480.68,0.68
2005-05-17,1474.05,1490.14,1469.44,1490.14,0.64
2005-05-18,1493.03,1514.76,1489.47,1509.26,1.28
2005-05-19,1510.62,1521.5,1508.71,1521.43,0.81
2005-05-20,1519.26,1528.06,1514.54,1528.06,0.44
2005-05-23,1526.97,1540.3,1525.23,1535.22,0.47
2005-05-24,1531.25,1540.68,1529.4,1540.47,0.34
2005-05-25,1535.9,1535.9,1524.41,1532.71,-0.5
2005-05-26,1540.05,1551.12,1539.74,1548.8,1.05
2005-05-27,1546.74,1551.03,1541.76,1549.8,0.06
2005-05-31,1549.48,1550.18,1538.54,1542.63,-0.46
2005-06-01,1541.73,1567.72,1541.66,1559.5,1.09
2005-06-02,1553.43,1568.96,1553.05,1568.96,0.61
2005-06-03,1565.48,1566.14,1542.05,1544.48,-1.56
2005-06-06,1544.96,1548.55,1539.57,1545.27,0.05
2005-06-07,1546.71,1559.53,1531.07,1531.12,-0.92
2005-06-08,1536.92,1538.24,1524.13,1527.68,-0.22
2005-06-09,1526.15,1542.75,1520.61,1539.46,0.77
2005-06-10,1537.57,1537.57,1515.96,1521.02,-1.2
2005-06-13,1519.61,1538.66,1519.61,1529.13,0.53
2005-06-14,1529.02,1534.15,1520.88,1524.42,-0.31
2005-06-15,1533.9,1535.43,1510.82,1529.49,0.33
2005-06-16,1531.02,1540.52,1527.71,1537.42,0.52
2005-06-17,1550.63,1550.63,1532.56,1538.13,0.05
2005-06-20,1529.65,1545.52,1526.06,1537.31,-0.05
2005-06-21,1535.48,1542.73,1530.91,1536.48,-0.05
2005-06-22,1542.13,1545.54,1527.93,1534.36,-0.14
2005-06-23,1537.64,1549.0,1515.79,1515.95,-1.2
2005-06-24,1516.84,1518.01,1500.18,1500.18,-1.04
2005-06-27,1497.29,1503.79,1490.02,1493.75,-0.43
2005-06-28,1500.65,1512.64,1498.48,1508.61,0.99
2005-06-29,1511.95,1512.77,1501.72,1504.11,-0.3
2005-06-30,1507.02,1510.21,1492.94,1493.52,-0.7
2005-07-01,1497.02,1501.95,1489.74,1490.53,-0.2
2005-07-05,1485.96,1509.19,1485.96,1506.35,1.06
2005-07-06,1503.48,1512.91,1497.11,1498.05,-0.55
2005-07-07,1484.92,1505.3,1484.18,1503.78,0.38
2005-07-08,1505.53,1534.29,1502.2,1533.27,1.96
2005-07-11,1536.45,1547.98,1535.07,1547.66,0.94
2005-07-12,1546.52,1560.15,1543.14,1555.59,0.51
2005-07-13,1555.24,1559.37,1549.81,1557.62,0.13
2005-07-14,1570.31,1577.48,1563.93,1573.44,1.02
2005-07-15,1577.27,1582.4,1568.82,1577.82,0.28
2005-07-18,1573.62,1578.12,1570.02,1570.09,-0.49
2005-07-19,1580.25,1590.76,1577.0,1590.49,1.3
2005-07-20,1580.06,1605.45,1578.87,1602.75,0.77
2005-07-21,1606.84,1610.84,1591.72,1601.89,-0.05
2005-07-22,1601.68,1606.42,1592.03,1600.76,-0.07
2005-07-25,1600.62,1607.97,1591.4,1593.57,-0.45
2005-07-26,1596.81,1603.89,1591.58,1598.93,0.34
2005-07-27,1601.39,1613.39,1592.76,1611.95,0.81
2005-07-28,1613.29,1619.78,1609.62,1618.64,0.42
2005-07-29,1616.42,1619.95,1605.14,1605.14,-0.83
2005-08-01,1609.74,1616.4,1604.58,1610.11,0.31
2005-08-02,1611.86,1628.57,1611.86,1627.01,1.05
2005-08-03,1619.98,1628.53,1618.4,1627.19,0.01
2005-08-04,1619.18,1621.0,1606.6,1608.74,-1.13
2005-08-05,1606.63,1614.22,1600.25,1601.59,-0.44
2005-08-08,1604.23,1607.01,1588.74,1589.97,-0.73
2005-08-09,1596.15,1606.51,1595.71,1601.14,0.7
2005-08-10,1604.8,1610.21,1582.31,1585.71,-0.96
2005-08-11,1587.77,1603.66,1586.67,1600.65,0.94
2005-08-12,1587.69,1594.96,1581.41,1591.75,-0.56
2005-08-15,1587.59,1606.96,1585.66,1600.71,0.56
2005-08-16,1595.86,1596.54,1572.44,1574.01,-1.67
2005-08-17,1577.57,1588.8,1573.87,1582.29,0.53
2005-08-18,1578.2,1585.28,1573.4,1575.76,-0.41
2005-08-19,1576.57,1581.95,1573.7,1573.72,-0.13
2005-08-22,1577.15,1588.92,1565.81,1575.59,0.12
2005-08-23,1575.47,1578.52,1566.72,1571.3,-0.27
2005-08-24,1568.02,1588.9,1561.15,1561.71,-0.61
2005-08-25,1564.42,1569.51,1562.03,1565.88,0.27
2005-08-26,1563.85,1565.55,1552.99,1558.84,-0.45
2005-08-29,1551.36,1575.45,1551.31,1571.52,0.81
2005-08-30,1565.17,1566.47,1554.49,1565.73,-0.37
2005-08-31,1566.86,1582.09,1561.42,1581.71,1.02
2005-09-01,1581.23,1587.82,1573.54,1577.25,-0.28
2005-09-02,1580.71,1583.0,1571.82,1573.12,-0.26
2005-09-06,1580.21,1597.71,1578.99,1597.27,1.54
2005-09-07,1594.02,1600.79,1590.87,1599.86,0.16
2005-09-08,1594.82,1604.91,1593.3,1597.68,-0.14
2005-09-09,1599.98,1610.12,1595.31,1607.83,0.64
2005-09-12,1607.6,1616.82,1605.99,1612.2,0.27
2005-09-13,1609.58,1619.12,1604.13,1607.38,-0.3
2005-09-14,1609.22,1609.37,1589.41,1589.63,-1.1
2005-09-15,1594.51,1596.38,1585.07,1588.55,-0.07
2005-09-16,1592.1,1600.44,1587.18,1599.44,0.69
2005-09-19,1595.08,1597.97,1579.51,1586.05,-0.84
2005-09-20,1589.33,1604.02,1575.58,1578.2,-0.49
2005-09-21,1577.1,1577.67,1561.47,1561.84,-1.04
2005-09-22,1559.94,1570.94,1551.81,1567.36,0.35
2005-09-23,1563.97,1577.05,1559.57,1571.75,0.28
2005-09-26,1581.16,1584.58,1564.52,1572.86,0.07
2005-09-27,1575.84,1578.18,1563.21,1568.84,-0.26
2005-09-28,1575.16,1580.67,1565.02,1568.81,0.0
2005-09-29,1567.44,1591.15,1560.87,1589.93,1.35
2005-09-30,1589.24,1601.69,1588.22,1601.66,0.74
2005-10-03,1603.47,1612.53,1603.39,1605.59,0.25
2005-10-04,1606.15,1617.77,1594.56,1595.54,-0.63
2005-10-05,1595.39,1595.83,1571.46,1571.52,-1.51
2005-10-06,1573.15,1576.36,1540.34,1552.94,-1.18
2005-10-07,1558.93,1563.27,1549.94,1555.92,0.19
2005-10-10,1554.74,1560.65,1545.9,1546.99,-0.57
2005-10-11,1551.01,1551.54,1534.61,1539.31,-0.5
2005-10-12,1532.23,1543.5,1519.3,1521.19,-1.18
2005-10-13,1519.36,1538.15,1515.42,1533.8,0.83
2005-10-14,1537.43,1545.13,1529.42,1544.29,0.68
2005-10-17,1544.58,1549.95,1536.01,1549.88,0.36
2005-10-18,1548.29,1549.41,1538.39,1538.43,-0.74
2005-10-19,1532.47,1569.61,1526.82,1569.61,2.03
2005-10-20,1568.53,1576.46,1547.07,1555.59,-0.89
2005-10-21,1571.17,1572.71,1558.18,1565.12,0.61
2005-10-24,1570.33,1590.73,1561.45,1590.65,1.63
2005-10-25,1584.95,1590.05,1573.66,1585.82,-0.3
2005-10-26,1580.0,1593.47,1573.14,1575.14,-0.67
2005-10-27,1571.64,1573.8,1543.38,1543.38,-2.02
2005-10-28,1548.83,1557.57,1538.78,1557.11,0.89
2005-10-31,1559.84,1584.09,1559.84,1579.18,1.42
2005-11-01,1572.97,1582.67,1571.19,1576.52,-0.17
2005-11-02,1570.83,1600.75,1570.75,1597.29,1.32
2005-11-03,1611.52,1626.48,1610.9,1619.67,1.4
2005-11-04,1622.56,1631.79,1616.84,1628.03,0.52
2005-11-07,1630.76,1634.53,1621.5,1629.27,0.08
2005-11-08,1626.24,1636.84,1623.16,1628.4,-0.05
2005-11-09,1627.62,1636.36,1624.55,1630.21,0.11
2005-11-10,1629.56,1651.05,1620.74,1650.93,1.27
2005-11-11,1653.41,1659.72,1651.09,1653.36,0.15
2005-11-14,1653.65,1657.53,1648.26,1651.9,-0.09
2005-11-15,1651.97,1658.65,1638.97,1644.31,-0.46
2005-11-16,1648.92,1653.74,1642.36,1651.45,0.43
2005-11-17,1659.16,1676.39,1657.27,1676.39,1.51
2005-11-18,1685.05,1689.59,1674.75,1679.85,0.21
2005-11-21,1678.7,1686.79,1673.05,1686.23,0.38
2005-11-22,1681.37,1698.32,1679.1,1694.14,0.47
2005-11-23,1691.96,1704.42,1691.08,1696.77,0.16
2005-11-25,1699.13,1701.06,1693.33,1701.05,0.25
2005-11-28,1702.4,1703.08,1683.83,1684.39,-0.98
2005-11-29,1693.11,1697.58,1676.76,1676.84,-0.45
2005-11-30,1675.92,1683.62,1671.34,1672.56,-0.26
2005-12-01,1683.39,1705.19,1683.39,1704.28,1.9
2005-12-02,1702.36,1709.1,1698.9,1709.1,0.28
2005-12-05,1704.12,1704.94,1689.6,1694.77,-0.84
2005-12-06,1706.62,1716.65,1700.16,1701.35,0.39
2005-12-07,1703.31,1706.12,1688.9,1697.04,-0.25
2005-12-08,1701.01,1702.84,1674.74,1685.59,-0.67
2005-12-09,1687.44,1694.13,1679.22,1692.62,0.42
2005-12-12,1698.15,1701.27,1691.22,1698.35,0.34
2005-12-13,1696.28,1711.83,1693.9,1705.77,0.44
2005-12-14,1701.49,1707.74,1692.44,1698.98,-0.4
2005-12-15,1703.39,1705.93,1688.07,1701.7,0.16
2005-12-16,1700.92,1704.38,1688.26,1688.68,-0.77
2005-12-19,1692.21,1694.65,1663.56,1664.36,-1.44
2005-12-20,1665.6,1672.47,1657.71,1665.07,0.04
2005-12-21,1669.34,1682.84,1665.34,1670.61,0.33
2005-12-22,1672.59,1685.49,1671.78,1683.35,0.76
2005-12-23,1687.58,1690.41,1679.28,1682.92,-0.03
2005-12-27,1686.92,1693.58,1666.46,1668.37,-0.86
2005-12-28,1671.27,1674.07,1662.09,1667.1,-0.08
2005-12-29,1668.78,1671.32,1653.53,1655.36,-0.7
2005-12-30,1648.1,1649.9,1641.86,1645.2,-0.61
2006-01-03,1654.39,1686.59,1633.62,1679.93,2.11
2006-01-04,1684.05,1696.83,1681.85,1695.83,0.95
2006-01-05,1697.8,1707.71,1697.33,1705.29,0.56
2006-01-06,1718.17,1735.5,1710.86,1734.99,1.74
2006-01-09,1734.5,1745.12,1729.6,1741.9,0.4
2006-01-10,1732.25,1744.47,1730.25,1744.02,0.12
2006-01-11,1748.88,1761.46,1743.85,1758.24,0.82
2006-01-12,1754.91,1760.12,1742.85,1747.35,-0.62
2006-01-13,1748.37,1750.27,1738.01,1746.78,-0.03
2006-01-17,1733.91,1739.25,1728.62,1736.39,-0.59
2006-01-18,1708.13,1726.28,1707.75,1716.62,-1.14
2006-01-19,1725.34,1740.59,1720.56,1729.92,0.77
2006-01-20,1724.12,1727.02,1674.32,1676.38,-3.09
2006-01-23,1681.46,1685.67,1670.47,1676.3,0.0
2006-01-24,1682.8,1695.41,1680.61,1686.22,0.59
2006-01-25,1694.54,1694.54,1670.33,1677.0,-0.55
2006-01-26,1687.5,1694.63,1677.25,1690.49,0.8
2006-01-27,1699.16,1722.93,1697.88,1711.11,1.22
2006-01-30,1712.84,1720.88,1711.42,1713.45,0.14
2006-01-31,1713.98,1717.95,1700.34,1710.75,-0.16
2006-02-01,1697.12,1714.28,1695.83,1713.02,0.13
2006-02-02,1709.31,1711.15,1684.67,1685.77,-1.59
2006-02-03,1673.04,1676.18,1658.38,1664.53,-1.26
2006-02-06,1663.71,1667.48,1650.99,1657.54,-0.42
2006-02-07,1656.05,1663.99,1644.84,1651.84,-0.34
2006-02-08,1665.07,1672.44,1654.03,1670.47,1.13
2006-02-09,1675.94,1681.92,1652.09,1654.08,-0.98
2006-02-10,1655.05,1668.72,1637.26,1663.75,0.58
2006-02-13,1653.76,1655.81,1638.53,1645.83,-1.08
2006-02-14,1648.64,1666.91,1643.17,1661.95,0.98
2006-02-15,1658.17,1676.14,1655.22,1673.15,0.67
2006-02-16,1677.78,1688.61,1672.93,1688.61,0.92
2006-02-17,1683.19,1684.21,1674.89,1675.21,-0.79
2006-02-21,1675.88,1676.93,1650.94,1655.68,-1.17
2006-02-22,1657.46,1684.15,1653.68,1677.52,1.32
2006-02-23,1675.02,1687.59,1669.81,1672.29,-0.31
2006-02-24,1672.21,1678.15,1666.97,1676.5,0.25
2006-02-27,1681.45,1701.1,1680.43,1695.66,1.14
2006-02-28,1690.44,1695.35,1665.63,1670.57,-1.48
2006-03-01,1675.92,1697.25,1672.6,1694.58,1.44
2006-03-02,1686.95,1699.72,1683.38,1693.78,-0.05
2006-03-03,1685.13,1706.41,1682.71,1684.32,-0.56
2006-03-06,1688.87,1691.11,1665.37,1669.94,-0.85
2006-03-07,1666.73,1668.82,1652.59,1661.02,-0.53
2006-03-08,1656.29,1668.06,1646.03,1661.86,0.05
2006-03-09,1666.3,1671.84,1644.86,1645.09,-1.01
2006-03-10,1645.27,1657.31,1634.25,1648.23,0.19
2006-03-13,1655.35,1663.73,1650.94,1653.79,0.34
2006-03-14,1650.93,1682.93,1650.93,1681.15,1.65
2006-03-15,1687.82,1694.9,1680.06,1694.46,0.79
2006-03-16,1701.0,1703.11,1679.05,1679.05,-0.91
2006-03-17,1682.68,1690.96,1676.63,1685.66,0.39
2006-03-20,1690.9,1695.04,1684.16,1688.98,0.2
2006-03-21,1688.59,1707.69,1671.2,1672.47,-0.98
2006-03-22,1663.61,1678.73,1662.56,1676.32,0.23
2006-03-23,1672.12,1676.28,1660.82,1670.73,-0.33
2006-03-24,1677.09,1687.56,1669.17,1679.81,0.54
2006-03-27,1678.93,1687.54,1678.05,1680.63,0.05
2006-03-28,1681.1,1694.6,1667.95,1673.03,-0.45
2006-03-29,1677.11,1711.26,1674.88,1703.84,1.84
2006-03-30,1706.61,1720.2,1700.15,1708.68,0.28
2006-03-31,1712.93,1715.62,1701.86,1703.66,-0.29
2006-04-03,1715.12,1723.06,1704.92,1706.77,0.18
2006-04-04,1708.92,1720.43,1705.27,1716.55,0.57
2006-04-05,1722.22,1735.13,1717.28,1732.74,0.94
2006-04-06,1734.21,1745.68,1727.14,1739.2,0.37
2006-04-07,1743.74,1750.23,1720.62,1723.03,-0.93
2006-04-10,1724.65,1727.82,1712.47,1718.86,-0.24
2006-04-11,1723.96,1725.66,1696.67,1704.4,-0.84
2006-04-12,1705.17,1710.92,1701.29,1704.75,0.02
2006-04-13,1704.47,1721.05,1700.55,1712.07,0.43
2006-04-17,1710.91,1716.72,1684.35,1694.32,-1.04
2006-04-18,1699.0,1730.33,1699.0,1726.64,1.91
2006-04-19,1729.71,1734.1,1720.64,1734.04,0.43
2006-04-20,1734.5,1741.35,1724.62,1728.9,-0.3
2006-04-21,1736.73,1737.2,1701.57,1709.02,-1.15
2006-04-24,1706.51,1711.04,1697.0,1706.44,-0.15
2006-04-25,1711.35,1711.35,1694.52,1701.47,-0.29
2006-04-26,1704.43,1710.0,1696.5,1702.2,0.04
2006-04-27,1695.03,1727.79,1688.25,1717.14,0.88
2006-04-28,1705.52,1717.49,1699.51,1700.71,-0.96
2006-05-01,1706.8,1709.44,1680.52,1686.61,-0.83
2006-05-02,1692.95,1697.18,1686.65,1689.93,0.2
2006-05-03,1692.62,1693.52,1679.26,1686.3,-0.21
2006-05-04,1688.41,1707.36,1688.41,1701.03,0.87
2006-05-05,1711.64,1716.19,1706.33,1713.84,0.75
2006-05-08,1713.74,1721.13,1712.18,1715.23,0.08
2006-05-09,1711.93,1715.73,1708.03,1711.17,-0.24
2006-05-10,1706.19,1707.38,1690.9,1694.82,-0.96
2006-05-11,1693.71,1694.47,1653.79,1657.48,-2.2
2006-05-12,1649.83,1652.26,1634.65,1635.81,-1.31
2006-05-15,1629.25,1640.1,1619.26,1634.78,-0.06
2006-05-16,1635.62,1637.7,1617.97,1623.69,-0.68
2006-05-17,1611.21,1618.85,1595.62,1598.91,-1.53
2006-05-18,1607.98,1612.53,1587.04,1587.11,-0.74
2006-05-19,1589.82,1604.48,1575.81,1600.86,0.87
2006-05-22,1587.98,1595.06,1571.06,1584.57,-1.02
2006-05-23,1597.5,1601.75,1569.01,1569.01,-0.98
2006-05-24,1567.77,1586.62,1554.76,1580.18,0.71
2006-05-25,1589.99,1600.22,1579.24,1599.68,1.23
2006-05-26,1605.19,1606.46,1595.29,1606.37,0.42
2006-05-30,1599.11,1606.37,1571.29,1571.29,-2.18
2006-05-31,1575.77,1587.78,1568.22,1579.58,0.53
2006-06-01,1581.08,1616.57,1579.58,1616.57,2.34
2006-06-02,1626.19,1626.29,1599.17,1612.9,-0.23
2006-06-05,1606.11,1612.9,1577.49,1577.5,-2.19
2006-06-06,1581.94,1583.9,1560.23,1575.39,-0.13
2006-06-07,1578.77,1592.37,1563.95,1565.22,-0.65
2006-06-08,1555.85,1566.59,1525.78,1561.55,-0.23
2006-06-09,1567.92,1575.12,1550.14,1550.97,-0.68
2006-06-12,1553.65,1555.09,1520.29,1520.31,-1.98
2006-06-13,1523.64,1536.5,1511.53,1516.85,-0.23
2006-06-14,1519.29,1531.59,1512.98,1530.26,0.88
2006-06-15,1538.14,1576.79,1530.26,1573.08,2.8
2006-06-16,1568.53,1573.08,1554.83,1562.84,-0.65
2006-06-19,1568.38,1568.89,1543.85,1548.94,-0.89
2006-06-20,1549.95,1565.17,1544.3,1548.32,-0.04
2006-06-21,1550.66,1585.88,1548.32,1573.56,1.63
2006-06-22,1571.11,1573.67,1546.12,1554.49,-1.21
2006-06-23,1551.47,1566.9,1544.11,1551.05,-0.22
2006-06-26,1553.48,1561.47,1549.13,1556.17,0.33
2006-06-27,1556.14,1559.19,1525.89,1527.0,-1.87
2006-06-28,1531.3,1538.65,1520.93,1538.25,0.74
2006-06-29,1546.01,1585.56,1538.25,1585.56,3.08
2006-06-30,1590.27,1590.83,1574.38,1575.23,-0.65
2006-07-03,1580.63,1586.44,1575.23,1586.25,0.7
2006-07-05,1573.35,1586.25,1550.58,1553.95,-2.04
2006-07-06,1556.24,1564.96,1547.28,1551.55,-0.15
2006-07-07,1543.46,1553.09,1529.4,1533.71,-1.15
2006-07-10,1538.78,1543.12,1513.47,1520.9,-0.84
2006-07-11,1516.19,1534.97,1508.91,1533.06,0.8
2006-07-12,1527.44,1533.06,1499.77,1501.46,-2.06
2006-07-13,1490.54,1506.53,1478.13,1478.16,-1.55
2006-07-14,1478.6,1480.31,1456.38,1462.17,-1.08
2006-07-17,1462.39,1475.21,1459.9,1468.5,0.43
2006-07-18,1472.06,1477.8,1446.77,1472.34,0.26
2006-07-19,1467.58,1498.32,1467.3,1490.6,1.24
2006-07-20,1497.14,1497.14,1466.27,1466.89,-1.59
2006-07-21,1457.52,1463.44,1450.24,1451.88,-1.02
2006-07-24,1459.39,1482.34,1457.11,1482.34,2.1
2006-07-25,1483.01,1494.14,1475.12,1489.52,0.48
2006-07-26,1483.74,1499.43,1474.67,1487.88,-0.11
2006-07-27,1497.0,1506.75,1475.91,1478.53,-0.63
2006-07-28,1488.06,1511.0,1485.96,1510.3,2.15
2006-07-31,1506.81,1517.86,1501.78,1509.43,-0.06
2006-08-01,1498.17,1498.17,1476.06,1484.94,-1.62
2006-08-02,1490.64,1510.51,1490.41,1500.48,1.05
2006-08-03,1487.02,1518.41,1484.6,1510.6,0.67
2006-08-04,1522.65,1530.04,1490.16,1503.84,-0.45
2006-08-07,1501.43,1501.43,1487.19,1494.13,-0.65
2006-08-08,1498.95,1500.76,1476.48,1484.8,-0.62
2006-08-09,1503.86,1517.9,1482.49,1485.64,0.06
2006-08-10,1482.11,1499.93,1478.2,1496.28,0.72
2006-08-11,1491.1,1491.97,1479.69,1486.74,-0.64
2006-08-14,1500.65,1515.68,1493.74,1494.33,0.51
2006-08-15,1514.84,1534.78,1508.94,1534.43,2.68
2006-08-16,1546.48,1570.06,1539.59,1570.06,2.32
2006-08-17,1564.97,1584.72,1562.62,1573.59,0.22
2006-08-18,1571.7,1578.35,1557.89,1576.46,0.18
2006-08-21,1566.16,1567.5,1556.28,1561.12,-0.97
2006-08-22,1560.21,1577.54,1555.98,1563.43,0.15
2006-08-23,1565.99,1571.48,1543.86,1550.41,-0.83
2006-08-24,1557.64,1558.94,1542.57,1555.19,0.31
2006-08-25,1550.84,1570.34,1548.01,1557.7,0.16
2006-08-28,1557.21,1574.45,1556.52,1570.29,0.81
2006-08-29,1569.95,1575.45,1552.4,1573.65,0.21
2006-08-30,1577.43,1583.77,1570.15,1581.95,0.53
2006-08-31,1583.98,1586.6,1576.33,1579.73,-0.14
2006-09-01,1589.21,1593.66,1581.91,1589.47,0.62
2006-09-05,1589.92,1605.02,1580.21,1603.69,0.89
2006-09-06,1590.92,1592.89,1570.42,1572.2,-1.96
2006-09-07,1567.73,1581.44,1560.05,1564.84,-0.47
2006-09-08,1568.81,1578.12,1564.55,1574.71,0.63
2006-09-11,1563.08,1591.12,1558.17,1583.78,0.58
2006-09-12,1585.77,1617.55,1584.85,1615.75,2.02
2006-09-13,1615.32,1625.55,1611.98,1623.99,0.51
2006-09-14,1620.37,1629.27,1617.97,1625.98,0.12
2006-09-15,1637.27,1645.6,1627.54,1632.44,0.4
2006-09-18,1631.48,1643.53,1625.8,1632.17,-0.02
2006-09-19,1638.08,1638.08,1608.51,1621.07,-0.68
2006-09-20,1636.02,1648.9,1635.28,1645.35,1.5
2006-09-21,1648.84,1654.4,1631.29,1634.87,-0.64
2006-09-22,1633.15,1633.15,1615.98,1622.37,-0.76
2006-09-25,1631.34,1653.86,1615.14,1650.37,1.73
2006-09-26,1649.82,1659.6,1644.29,1659.2,0.54
2006-09-27,1655.52,1665.61,1648.14,1655.67,-0.21
2006-09-28,1658.43,1663.28,1645.2,1661.59,0.36
2006-09-29,1666.03,1666.03,1653.74,1654.13,-0.45
2006-10-02,1650.32,1655.67,1631.36,1632.81,-1.29
2006-10-03,1629.26,1646.74,1623.07,1640.29,0.46
2006-10-04,1637.36,1681.14,1634.23,1681.14,2.49
2006-10-05,1680.06,1690.41,1676.08,1689.43,0.49
2006-10-06,1682.42,1690.8,1678.55,1684.88,-0.27
2006-10-09,1683.2,1698.38,1681.64,1691.08,0.37
2006-10-10,1693.22,1698.26,1681.44,1693.29,0.13
2006-10-11,1686.41,1701.58,1675.98,1691.28,-0.12
2006-10-12,1699.05,1718.72,1697.47,1718.54,1.61
2006-10-13,1717.39,1729.26,1714.58,1727.21,0.5
2006-10-16,1728.23,1733.73,1725.7,1727.61,0.02
2006-10-17,1718.1,1718.1,1699.88,1709.61,-1.04
2006-10-18,1718.01,1721.43,1695.37,1700.75,-0.52
2006-10-19,1699.06,1713.43,1693.19,1706.37,0.33
2006-10-20,1706.37,1713.45,1695.21,1709.58,0.19
2006-10-23,1706.18,1732.52,1702.58,1725.93,0.96
2006-10-24,1723.79,1726.78,1706.22,1713.88,-0.7
2006-10-25,1717.27,1729.9,1711.68,1726.76,0.75
2006-10-26,1730.73,1745.79,1718.53,1744.07,1.0
2006-10-27,1740.0,1741.61,1712.76,1717.61,-1.52
2006-10-30,1715.79,1735.02,1711.85,1727.8,0.59
2006-10-31,1733.82,1739.33,1722.15,1732.54,0.27
2006-11-01,1738.55,1739.79,1702.18,1707.65,-1.44
2006-11-02,1702.26,1714.37,1698.6,1710.17,0.15
2006-11-03,1714.27,1716.65,1693.19,1703.98,-0.36
2006-11-06,1712.03,1736.54,1712.03,1732.26,1.66
2006-11-07,1731.81,1752.95,1728.27,1741.53,0.54
2006-11-08,1732.21,1757.18,1728.35,1749.75,0.47
2006-11-09,1760.05,1762.95,1736.66,1740.14,-0.55
2006-11-10,1743.1,1751.11,1736.39,1751.11,0.63
2006-11-13,1751.84,1770.54,1749.52,1768.0,0.96
2006-11-14,1769.37,1787.88,1759.24,1787.23,1.09
2006-11-15,1787.33,1804.88,1786.71,1793.82,0.37
2006-11-16,1798.85,1806.0,1790.96,1801.97,0.45
2006-11-17,1791.67,1800.9,1788.05,1800.67,-0.07
2006-11-20,1795.68,1808.71,1790.47,1803.81,0.17
2006-11-21,1807.34,1809.8,1800.3,1808.88,0.28
2006-11-22,1815.62,1820.2,1800.72,1819.76,0.6
2006-11-24,1805.39,1824.21,1805.39,1815.53,-0.23
2006-11-27,1810.91,1813.92,1775.17,1775.17,-2.22
2006-11-28,1769.42,1782.65,1763.34,1780.34,0.29
2006-11-29,1787.65,1796.5,1776.1,1792.77,0.7
2006-11-30,1791.34,1800.47,1781.49,1791.25,-0.08
2006-12-01,1790.63,1793.31,1760.01,1775.12,-0.9
2006-12-04,1782.6,1808.12,1782.13,1799.93,1.4
2006-12-05,1806.5,1810.82,1797.37,1804.85,0.27
2006-12-06,1801.4,1804.88,1792.29,1799.13,-0.32
2006-12-07,1802.56,1808.2,1777.2,1777.46,-1.2
2006-12-08,1773.8,1799.22,1767.83,1786.21,0.49
2006-12-11,1786.21,1803.38,1779.65,1791.74,0.31
2006-12-12,1792.18,1794.05,1771.3,1781.97,-0.55
2006-12-13,1793.86,1793.86,1774.05,1783.44,0.08
2006-12-14,1786.52,1811.08,1786.52,1803.41,1.12
2006-12-15,1818.21,1821.18,1805.45,1808.56,0.29
2006-12-18,1812.93,1820.94,1783.24,1790.99,-0.97
2006-12-19,1776.61,1792.78,1766.35,1785.12,-0.33
2006-12-20,1787.66,1795.41,1777.92,1777.92,-0.4
2006-12-21,1780.53,1781.51,1759.08,1766.28,-0.65
2006-12-22,1765.29,1765.98,1748.61,1748.61,-1.0
2006-12-26,1746.86,1754.7,1746.07,1753.55,0.28
2006-12-27,1757.09,1766.15,1754.87,1763.41,0.56
2006-12-28,1757.59,1765.06,1752.64,1758.94,-0.25
2006-12-29,1759.15,1774.64,1755.04,1756.9,-0.12
2007-01-03,1769.22,1793.05,1731.71,1759.37,0.14
2007-01-04,1763.15,1799.07,1757.0,1792.91,1.91
2007-01-05,1787.79,1787.79,1770.29,1785.3,-0.42
2007-01-08,1786.39,1795.45,1776.99,1787.14,0.1
2007-01-09,1791.75,1802.44,1776.73,1795.63,0.48
2007-01-10,1790.51,1817.22,1784.28,1816.15,1.14
2007-01-11,1820.75,1840.88,1818.09,1834.86,1.03
2007-01-12,1832.15,1845.68,1830.34,1844.81,0.54
2007-01-16,1844.73,1847.54,1836.83,1842.44,-0.13
2007-01-17,1835.05,1843.07,1824.74,1827.68,-0.8
2007-01-18,1821.99,1824.34,1789.39,1793.68,-1.86
2007-01-19,1787.82,1802.22,1787.52,1796.81,0.17
2007-01-22,1800.33,1800.53,1771.24,1779.02,-0.99
2007-01-23,1776.83,1790.07,1771.44,1773.4,-0.32
2007-01-24,1785.42,1803.46,1781.82,1802.63,1.65
2007-01-25,1806.75,1810.24,1774.58,1777.75,-1.38
2007-01-26,1783.38,1784.82,1763.3,1772.97,-0.27
2007-01-29,1771.05,1786.97,1767.09,1775.08,0.12
2007-01-30,1780.26,1782.21,1772.03,1777.76,0.15
2007-01-31,1774.44,1798.49,1764.63,1792.28,0.82
2007-02-01,1801.6,1806.81,1785.54,1791.45,-0.05
2007-02-02,1795.68,1800.39,1788.97,1798.13,0.37
2007-02-05,1796.48,1804.4,1789.72,1795.39,-0.15
2007-02-06,1799.33,1800.05,1776.51,1793.06,-0.13
2007-02-07,1803.23,1816.77,1796.18,1810.95,1.0
2007-02-08,1807.41,1814.48,1800.63,1810.54,-0.02
2007-02-09,1815.22,1819.3,1780.44,1785.53,-1.38
2007-02-12,1787.11,1787.11,1774.25,1778.42,-0.4
2007-02-13,1782.16,1789.98,1778.66,1783.82,0.3
2007-02-14,1792.74,1818.55,1792.29,1814.98,1.75
2007-02-15,1815.49,1824.09,1813.07,1823.41,0.46
2007-02-16,1818.56,1823.37,1813.9,1821.49,-0.11
2007-02-20,1817.84,1835.31,1808.11,1833.71,0.67
2007-02-21,1827.03,1839.13,1824.53,1839.13,0.3
2007-02-22,1845.47,1851.47,1832.6,1846.34,0.39
2007-02-23,1845.41,1846.77,1832.4,1839.77,-0.36
2007-02-26,1848.48,1849.09,1819.76,1830.59,-0.5
2007-02-27,1801.87,1808.08,1750.7,1756.27,-4.06
2007-02-28,1754.88,1778.17,1746.29,1761.6,0.3
2007-03-01,1729.03,1768.96,1717.95,1753.45,-0.46
2007-03-02,1740.87,1752.86,1726.03,1726.03,-1.56
2007-03-05,1726.03,1739.05,1710.97,1712.94,-0.76
2007-03-06,1730.39,1747.21,1727.12,1743.1,1.76
2007-03-07,1740.79,1746.86,1733.82,1736.1,-0.4
2007-03-08,1753.6,1757.52,1741.47,1746.43,0.6
2007-03-09,1759.54,1760.96,1734.35,1744.74,-0.1
2007-03-12,1742.98,1758.49,1742.05,1756.42,0.67
2007-03-13,1747.32,1756.22,1722.48,1722.48,-1.93
2007-03-14,1724.65,1743.15,1711.28,1743.15,1.2
2007-03-15,1743.48,1749.58,1737.04,1744.87,0.1
2007-03-16,1743.58,1750.39,1733.58,1742.23,-0.15
2007-03-19,1752.19,1764.37,1747.05,1758.23,0.92
2007-03-20,1759.49,1772.74,1757.94,1767.25,0.51
2007-03-21,1774.51,1806.35,1763.54,1806.35,2.21
2007-03-22,1806.76,1807.43,1793.38,1799.75,-0.37
2007-03-23,1800.18,1804.63,1792.74,1794.04,-0.32
2007-03-26,1796.01,1802.95,1774.96,1802.95,0.5
2007-03-27,1798.14,1798.89,1787.98,1789.93,-0.72
2007-03-28,1781.66,1789.65,1770.54,1770.54,-1.08
2007-03-29,1783.44,1783.48,1753.43,1771.72,0.07
2007-03-30,1772.86,1783.33,1758.1,1772.36,0.04
2007-04-02,1775.92,1779.3,1761.65,1773.33,0.05
2007-04-03,1782.5,1801.9,1781.89,1796.31,1.3
2007-04-04,1797.28,1804.54,1795.0,1801.74,0.3
2007-04-05,1801.1,1812.94,1798.53,1812.94,0.62
2007-04-09,1818.75,1819.04,1805.09,1808.19,-0.26
2007-04-10,1807.06,1816.93,1806.91,1816.93,0.48
2007-04-11,1815.38,1815.73,1793.25,1798.09,-1.04
2007-04-12,1795.15,1814.68,1788.4,1813.49,0.86
2007-04-13,1811.66,1818.42,1801.89,1816.85,0.19
2007-04-16,1823.69,1835.68,1823.69,1833.96,0.94
2007-04-17,1835.67,1838.1,1829.11,1834.91,0.05
2007-04-18,1828.76,1839.31,1823.29,1832.39,-0.14
2007-04-19,1823.2,1840.28,1819.31,1832.47,0.0
2007-04-20,1848.69,1856.43,1838.77,1845.89,0.73
2007-04-23,1848.49,1854.75,1844.8,1850.18,0.23
2007-04-24,1856.32,1863.76,1844.05,1858.87,0.47
2007-04-25,1865.77,1883.58,1859.06,1881.33,1.21
2007-04-26,1889.58,1896.77,1884.26,1889.57,0.44
2007-04-27,1886.32,1894.97,1883.36,1891.06,0.08
2007-04-30,1891.81,1891.81,1867.75,1867.75,-1.23
2007-05-01,1872.34,1876.19,1857.33,1873.43,0.3
2007-05-02,1874.56,1894.3,1874.39,1889.73,0.87
2007-05-03,1892.6,1899.49,1888.74,1895.64,0.31
2007-05-04,1902.4,1905.85,1888.4,1895.7,0.0
2007-05-07,1896.1,1901.42,1893.97,1895.96,0.01
2007-05-08,1890.08,1901.21,1883.01,1899.83,0.2
2007-05-09,1891.2,1909.3,1890.16,1905.65,0.31
2007-05-10,1896.42,1902.19,1874.24,1875.2,-1.6
2007-05-11,1881.54,1899.44,1878.38,1898.79,1.26
2007-05-14,1902.1,1906.38,1878.63,1888.08,-0.56
2007-05-15,1887.59,1898.02,1870.24,1871.79,-0.86
2007-05-16,1878.52,1891.57,1866.98,1891.57,1.06
2007-05-17,1889.17,1892.71,1882.04,1884.68,-0.36
2007-05-18,1890.88,1898.34,1885.93,1896.93,0.65
2007-05-21,1899.6,1919.6,1897.86,1911.16,0.75
2007-05-22,1913.51,1921.81,1905.77,1916.45,0.28
2007-05-23,1919.45,1925.43,1903.87,1904.41,-0.63
2007-05-24,1904.19,1911.48,1869.51,1874.6,-1.57
2007-05-25,1883.41,1892.71,1877.73,1889.25,0.78
2007-05-29,1891.07,1904.31,1887.26,1899.79,0.56
2007-05-30,1889.28,1918.08,1884.45,1918.08,0.96
2007-05-31,1923.56,1931.1,1919.27,1928.19,0.53
2007-06-01,1934.74,1940.81,1925.65,1928.26,0.0
2007-06-04,1921.95,1935.85,1920.21,1933.73,0.28
2007-06-05,1928.65,1932.94,1916.38,1932.35,-0.07
2007-06-06,1924.43,1924.51,1908.8,1914.85,-0.91
2007-06-07,1908.66,1918.82,1882.17,1882.17,-1.71
2007-06-08,1884.66,1906.79,1876.52,1906.26,1.28
2007-06-11,1904.91,1917.43,1900.73,1901.96,-0.23
2007-06-12,1892.13,1911.14,1887.77,1890.67,-0.59
2007-06-13,1897.79,1913.87,1892.55,1913.87,1.23
2007-06-14,1914.28,1929.59,1913.53,1924.54,0.56
2007-06-15,1943.91,1946.7,1937.99,1942.41,0.93
2007-06-18,1947.79,1947.79,1939.27,1944.37,0.1
2007-06-19,1939.07,1946.88,1932.75,1941.75,-0.13
2007-06-20,1945.06,1948.58,1922.07,1922.12,-1.01
2007-06-21,1922.32,1943.42,1915.77,1941.32,1.0
2007-06-22,1936.78,1940.28,1917.52,1921.94,-1.0
2007-06-25,1924.18,1934.84,1905.02,1912.9,-0.47
2007-06-26,1923.7,1924.42,1901.18,1908.64,-0.22
2007-06-27,1901.6,1934.03,1899.92,1933.06,1.28
2007-06-28,1931.77,1945.12,1930.53,1931.67,-0.07
2007-06-29,1944.5,1947.0,1920.83,1934.1,0.13
2007-07-02,1943.28,1954.24,1939.74,1954.12,1.04
2007-07-03,1957.48,1965.2,1953.93,1965.2,0.57
2007-07-05,1967.74,1983.1,1964.49,1981.06,0.81
2007-07-06,1980.78,1989.43,1973.4,1988.31,0.37
2007-07-09,1989.76,1992.55,1982.37,1989.2,0.04
2007-07-10,1979.13,1989.35,1970.36,1971.89,-0.87
2007-07-11,1968.98,1984.67,1965.61,1984.08,0.62
2007-07-12,1992.57,2021.03,1990.89,2021.03,1.86
2007-07-13,2018.84,2032.28,2017.28,2032.16,0.55
2007-07-16,2030.34,2037.5,2024.3,2028.02,-0.2
2007-07-17,2031.33,2045.97,2030.57,2041.78,0.68
2007-07-18,2030.54,2038.64,2019.17,2037.98,-0.19
2007-07-19,2052.31,2060.29,2046.96,2052.99,0.74
2007-07-20,2047.14,2048.24,2024.25,2035.88,-0.83
2007-07-23,2043.82,2045.81,2031.37,2036.33,0.02
2007-07-24,2021.52,2037.72,1995.62,2000.55,-1.76
2007-07-25,2017.56,2020.68,1996.05,2011.14,0.53
2007-07-26,1996.93,2012.49,1955.62,1986.6,-1.22
2007-07-27,1988.85,1997.79,1956.16,1956.19,-1.53
2007-07-30,1961.78,1981.86,1951.36,1973.93,0.91
2007-07-31,1992.53,1992.53,1931.99,1932.06,-2.12
2007-08-01,1929.09,1946.76,1912.1,1945.08,0.67
2007-08-02,1950.95,1969.66,1944.37,1966.6,1.11
2007-08-03,1963.49,1964.5,1918.56,1918.56,-2.44
2007-08-06,1931.38,1954.37,1912.69,1954.37,1.87
2007-08-07,1943.39,1976.7,1932.05,1961.64,0.37
2007-08-08,1974.33,1995.0,1968.34,1987.34,1.31
2007-08-09,1959.97,1990.96,1936.76,1936.76,-2.55
2007-08-10,1918.99,1944.54,1896.69,1925.14,-0.6
2007-08-13,1941.41,1946.75,1931.33,1934.41,0.48
2007-08-14,1938.79,1940.89,1901.32,1901.32,-1.71
2007-08-15,1897.05,1913.79,1864.2,1864.92,-1.91
2007-08-16,1850.17,1865.47,1805.66,1846.09,-1.01
2007-08-17,1883.15,1893.77,1853.87,1888.78,2.31
2007-08-20,1891.13,1899.05,1874.27,1893.05,0.23
2007-08-21,1887.83,1915.1,1886.45,1910.99,0.95
2007-08-22,1927.31,1938.79,1922.19,1936.77,1.35
2007-08-23,1942.12,1945.11,1920.62,1931.88,-0.25
2007-08-24,1928.8,1961.38,1924.11,1961.38,1.53
2007-08-27,1954.88,1958.96,1945.51,1947.49,-0.71
2007-08-28,1934.93,1939.1,1899.24,1899.24,-2.48
2007-08-29,1914.25,1955.46,1913.49,1954.85,2.93
2007-08-30,1942.79,1980.95,1940.92,1963.75,0.46
2007-08-31,1987.94,1993.73,1975.83,1988.73,1.27
2007-09-04,1989.28,2032.1,1989.28,2020.51,1.6
2007-09-05,2013.66,2017.32,1987.3,1994.38,-1.29
2007-09-06,2001.76,2006.05,1984.44,1998.67,0.22
2007-09-07,1972.12,1975.31,1949.87,1958.35,-2.02
2007-09-10,1975.67,1980.97,1943.27,1960.2,0.09
2007-09-11,1973.16,1991.02,1969.52,1988.98,1.47
2007-09-12,1986.21,2006.37,1983.44,1988.96,0.0
2007-09-13,2004.73,2005.96,1989.91,1998.63,0.49
2007-09-14,1984.24,2004.03,1981.91,2000.82,0.11
2007-09-17,1993.5,1995.47,1975.29,1983.08,-0.89
2007-09-18,1993.85,2035.37,1985.7,2035.37,2.64
2007-09-19,2047.46,2056.27,2032.08,2041.36,0.29
2007-09-20,2035.87,2043.21,2029.53,2032.61,-0.43
2007-09-21,2042.64,2054.09,2041.48,2049.48,0.83
2007-09-24,2054.77,2072.7,2047.51,2057.25,0.38
2007-09-25,2049.78,2076.83,2048.34,2076.83,0.95
2007-09-26,2088.12,2094.97,2079.92,2088.38,0.56
2007-09-27,2098.74,2099.61,2089.58,2096.39,0.38
2007-09-28,2096.37,2101.96,2082.04,2091.11,-0.25
2007-10-01,2092.6,2120.79,2092.6,2116.97,1.24
2007-10-02,2116.15,2117.34,2104.15,2115.89,-0.05
2007-10-03,2108.04,2117.38,2095.3,2103.01,-0.61
2007-10-04,2107.11,2107.72,2088.79,2105.56,0.12
2007-10-05,2123.49,2151.72,2118.13,2149.67,2.09
2007-10-08,2151.11,2163.26,2144.22,2163.26,0.63
2007-10-09,2168.53,2173.95,2157.95,2171.21,0.37
2007-10-10,2172.67,2178.95,2164.91,2176.98,0.27
2007-10-11,2188.72,2194.14,2127.07,2140.92,-1.66
2007-10-12,2151.94,2177.99,2148.38,2177.99,1.73
2007-10-15,2182.06,2184.86,2143.9,2158.92,-0.88
2007-10-16,2147.88,2166.65,2143.56,2151.14,-0.36
2007-10-17,2182.7,2182.85,2143.54,2179.14,1.3
2007-10-18,2168.24,2191.66,2161.68,2187.52,0.38
2007-10-19,2188.75,2188.75,2131.08,2131.08,-2.58
2007-10-22,2121.01,2160.02,2116.64,2157.45,1.24
2007-10-23,2181.79,2205.18,2170.47,2205.18,2.21
2007-10-24,2187.03,2194.35,2140.87,2188.59,-0.75
2007-10-25,2190.51,2195.4,2146.23,2161.52,-1.24
2007-10-26,2200.69,2203.88,2174.82,2194.59,1.53
2007-10-29,2202.96,2209.39,2191.21,2203.42,0.4
2007-10-30,2197.14,2218.88,2192.69,2207.61,0.19
2007-10-31,2214.14,2239.23,2199.02,2238.98,1.42
2007-11-01,2223.52,2226.88,2196.35,2197.07,-1.87
2007-11-02,2211.39,2218.66,2181.5,2213.86,0.76
2007-11-05,2193.06,2212.06,2179.9,2200.48,-0.6
2007-11-06,2212.2,2224.43,2188.1,2223.97,1.07
2007-11-07,2205.29,2219.82,2168.55,2169.43,-2.45
2007-11-08,2165.57,2167.81,2066.55,2106.16,-2.92
2007-11-09,2061.52,2078.06,2033.88,2034.3,-3.41
2007-11-12,2028.91,2043.05,1980.18,1982.16,-2.56
2007-11-13,2009.74,2066.08,2009.74,2066.08,4.23
2007-11-14,2090.67,2091.06,2030.62,2038.05,-1.36
2007-11-15,2035.46,2054.06,2007.78,2024.03,-0.69
2007-11-16,2038.27,2052.2,2006.85,2048.62,1.21
2007-11-19,2040.17,2050.03,2009.71,2021.14,-1.34
2007-11-20,2030.94,2064.08,1990.12,2029.94,0.44
2007-11-21,2008.88,2039.39,1986.45,2006.38,-1.16
2007-11-23,2019.4,2031.87,2008.13,2028.9,1.12
2007-11-26,2033.24,2047.92,1988.3,1989.36,-1.95
2007-11-27,2007.35,2034.65,1997.53,2033.76,2.23
2007-11-28,2055.77,2100.97,2055.77,2095.39,3.03
2007-11-29,2084.57,2108.25,2082.19,2102.42,0.34
2007-11-30,2122.64,2122.64,2071.78,2089.1,-0.63
2007-12-03,2080.1,2094.36,2066.23,2067.45,-1.04
2007-12-04,2053.17,2070.39,2048.65,2059.06,-0.41
2007-12-05,2083.19,2103.83,2079.67,2099.31,1.95
2007-12-06,2099.7,2128.32,2098.3,2127.65,1.35
2007-12-07,2127.54,2135.24,2116.63,2130.0,0.11
2007-12-10,2131.67,2141.36,2126.97,2134.88,0.23
2007-12-11,2137.82,2147.68,2081.55,2083.72,-2.4
2007-12-12,2125.14,2130.57,2070.52,2101.36,0.85
2007-12-13,2083.08,2097.95,2072.75,2094.68,-0.32
2007-12-14,2078.4,2096.96,2069.94,2072.11,-1.08
2007-12-17,2064.45,2068.92,2020.26,2020.8,-2.48
2007-12-18,2041.66,2042.29,1999.59,2029.49,0.43
2007-12-19,2027.9,2038.99,2016.69,2031.0,0.07
2007-12-20,2056.12,2070.51,2040.38,2069.68,1.9
2007-12-21,2100.71,2111.77,2094.65,2111.77,2.03
2007-12-24,2113.12,2131.73,2113.12,2128.62,0.8
2007-12-26,2121.41,2141.08,2116.21,2136.94,0.39
2007-12-27,2129.01,2135.55,2104.02,2106.09,-1.44
2007-12-28,2118.63,2121.28,2092.03,2107.05,0.05
2007-12-31,2097.91,2102.39,2083.58,2084.93,-1.05
2008-01-02,2085.53,2094.22,2040.43,2049.71,-1.69
2008-01-03,2050.64,2064.73,2040.01,2051.76,0.1
2008-01-04,2025.36,2025.36,1963.02,1963.52,-4.3
2008-01-07,1971.28,1975.87,1929.27,1957.44,-0.31
2008-01-08,1965.42,1983.14,1910.33,1910.33,-2.41
2008-01-09,1915.23,1949.2,1889.92,1949.2,2.03
2008-01-10,1930.91,1968.09,1924.39,1953.64,0.23
2008-01-11,1940.98,1941.53,1900.23,1912.81,-2.09
2008-01-14,1940.33,1952.55,1924.86,1949.15,1.9
2008-01-15,1925.95,1931.71,1885.45,1894.09,-2.82
2008-01-16,1876.45,1907.3,1848.58,1872.29,-1.15
2008-01-17,1882.36,1894.19,1838.99,1842.1,-1.61
2008-01-18,1862.22,1876.04,1829.62,1844.09,0.11
2008-01-22,1740.53,1820.51,1740.53,1795.61,-2.63
2008-01-23,1725.46,1794.46,1693.06,1789.53,-0.34
2008-01-24,1800.84,1826.92,1793.11,1826.92,2.09
2008-01-25,1860.92,1864.0,1788.07,1789.17,-2.07
2008-01-28,1788.14,1807.12,1773.7,1805.08,0.89
2008-01-29,1812.43,1816.43,1792.64,1807.67,0.14
2008-01-30,1800.36,1843.2,1798.31,1808.51,0.05
2008-01-31,1782.33,1853.81,1782.02,1841.42,1.82
2008-02-01,1846.07,1864.97,1826.43,1855.27,0.75
2008-02-04,1854.62,1854.62,1828.11,1828.8,-1.43
2008-02-05,1798.65,1813.55,1773.49,1773.49,-3.02
2008-02-06,1786.96,1795.82,1739.55,1740.95,-1.83
2008-02-07,1723.21,1779.27,1714.86,1753.3,0.71
2008-02-08,1754.37,1779.48,1746.34,1773.74,1.17
2008-02-11,1780.36,1797.39,1770.91,1793.09,1.09
2008-02-12,1802.65,1812.43,1769.62,1780.54,-0.7
2008-02-13,1803.29,1824.22,1795.67,1823.0,2.38
2008-02-14,1823.1,1823.1,1784.78,1787.59,-1.94
2008-02-15,1776.1,1787.33,1767.34,1780.38,-0.4
2008-02-19,1802.17,1807.45,1759.24,1764.81,-0.87
2008-02-20,1756.64,1791.35,1756.64,1787.45,1.28
2008-02-21,1802.02,1806.44,1762.24,1766.3,-1.18
2008-02-22,1772.88,1774.97,1739.15,1773.44,0.4
2008-02-25,1773.05,1790.77,1761.93,1785.46,0.68
2008-02-26,1773.5,1807.41,1763.41,1791.31,0.33
2008-02-27,1778.62,1806.42,1775.45,1799.94,0.48
2008-02-28,1794.11,1808.65,1786.2,1794.46,-0.3
2008-02-29,1776.01,1778.07,1740.9,1745.27,-2.74
2008-03-03,1743.92,1746.56,1716.52,1733.27,-0.69
2008-03-04,1724.33,1748.07,1707.42,1743.7,0.6
2008-03-05,1746.4,1768.13,1737.26,1753.57,0.57
2008-03-06,1749.42,1757.56,1710.96,1712.5,-2.34
2008-03-07,1701.34,1731.39,1682.03,1707.5,-0.29
2008-03-10,1705.55,1711.03,1672.76,1673.03,-2.02
2008-03-11,1704.05,1740.95,1686.47,1740.95,4.06
2008-03-12,1746.19,1764.72,1731.08,1735.18,-0.33
2008-03-13,1715.84,1760.23,1699.17,1750.4,0.88
2008-03-14,1757.47,1762.37,1696.22,1713.83,-2.09
2008-03-17,1680.54,1706.02,1668.57,1687.19,-1.55
2008-03-18,1717.04,1761.05,1712.21,1761.05,4.38
2008-03-19,1765.1,1772.09,1715.59,1715.59,-2.58
2008-03-20,1719.7,1752.28,1712.33,1751.99,2.12
2008-03-24,1760.14,1819.26,1760.14,1814.4,3.56
2008-03-25,1816.33,1831.98,1800.71,1824.54,0.56
2008-03-26,1815.83,1822.57,1800.83,1817.28,-0.4
2008-03-27,1807.14,1809.24,1777.75,1777.89,-2.17
2008-03-28,1788.56,1802.18,1762.2,1767.57,-0.58
2008-03-31,1772.96,1789.52,1767.86,1781.93,0.81
2008-04-01,1806.15,1855.48,1805.79,1855.48,4.13
2008-04-02,1855.91,1870.55,1836.63,1848.8,-0.36
2008-04-03,1842.69,1866.57,1835.96,1855.19,0.35
2008-04-04,1859.93,1884.13,1846.56,1865.87,0.58
2008-04-07,1878.3,1885.93,1856.57,1860.83,-0.27
2008-04-08,1853.37,1858.74,1837.47,1846.14,-0.79
2008-04-09,1848.36,1849.2,1815.05,1826.19,-1.08
2008-04-10,1827.0,1863.2,1827.0,1852.97,1.47
2008-04-11,1832.05,1833.14,1794.82,1798.72,-2.93
2008-04-14,1796.77,1807.76,1788.01,1790.93,-0.43
2008-04-15,1799.48,1802.73,1776.6,1794.73,0.21
2008-04-16,1817.59,1849.45,1815.8,1846.89,2.91
2008-04-17,1846.8,1848.28,1829.94,1840.88,-0.33
2008-04-18,1889.2,1908.0,1879.94,1900.28,3.23
2008-04-21,1892.97,1914.21,1890.8,1913.12,0.68
2008-04-22,1901.27,1901.74,1867.72,1881.65,-1.64
2008-04-23,1897.63,1913.62,1888.71,1906.66,1.33
2008-04-24,1908.13,1942.98,1886.94,1924.58,0.94
2008-04-25,1922.88,1925.04,1894.11,1918.58,-0.31
2008-04-28,1920.53,1936.1,1917.03,1923.26,0.24
2008-04-29,1917.83,1941.91,1914.25,1933.6,0.54
2008-04-30,1939.12,1953.59,1912.81,1917.7,-0.82
2008-05-01,1921.87,1980.44,1921.05,1980.44,3.27
2008-05-02,1996.31,1996.52,1965.84,1981.87,0.07
2008-05-05,1980.84,1992.69,1967.82,1975.82,-0.31
2008-05-06,1968.61,1996.8,1957.63,1990.61,0.75
2008-05-07,1987.44,2000.72,1946.28,1951.42,-1.97
2008-05-08,1960.71,1979.12,1954.36,1966.86,0.79
2008-05-09,1950.63,1969.36,1947.6,1960.29,-0.33
2008-05-12,1969.5,1998.86,1959.48,1997.02,1.87
2008-05-13,1997.62,2004.53,1981.99,2000.61,0.18
2008-05-14,2008.54,2028.67,1993.91,1997.3,-0.17
2008-05-15,1995.41,2032.36,1991.2,2031.34,1.7
2008-05-16,2033.95,2035.81,2009.89,2031.27,0.0
2008-05-19,2031.82,2050.79,2005.34,2016.6,-0.72
2008-05-20,2008.5,2010.18,1987.5,2000.67,-0.79
2008-05-21,2005.29,2015.23,1952.77,1956.8,-2.19
2008-05-22,1962.56,1978.05,1955.64,1964.92,0.41
2008-05-23,1959.67,1964.68,1943.85,1958.96,-0.3
2008-05-27,1965.0,1995.45,1963.05,1995.44,1.86
2008-05-28,2002.77,2004.66,1981.25,2000.07,0.23
2008-05-29,2001.8,2030.24,2001.78,2019.02,0.95
2008-05-30,2028.25,2040.97,2022.16,2032.57,0.67
2008-06-02,2026.58,2028.04,1989.33,2006.84,-1.27
2008-06-03,2015.03,2027.2,1977.87,1996.79,-0.5
2008-06-04,1991.89,2035.09,1989.22,2021.45,1.23
2008-06-05,2027.17,2055.82,2020.59,2055.11,1.67
2008-06-06,2036.15,2039.5,1990.39,1990.39,-3.15
2008-06-09,1995.37,1997.94,1948.27,1979.71,-0.54
2008-06-10,1960.41,1988.0,1957.05,1972.54,-0.36
2008-06-11,1968.87,1970.31,1924.33,1924.33,-2.44
2008-06-12,1941.68,1954.23,1909.89,1924.26,0.0
2008-06-13,1938.34,1968.12,1928.71,1966.01,2.17
2008-06-16,1954.04,1991.72,1953.26,1984.76,0.95
2008-06-17,1990.02,1993.12,1969.73,1972.82,-0.6
2008-06-18,1962.78,1968.09,1943.92,1951.1,-1.1
2008-06-19,1947.64,1991.25,1935.85,1982.69,1.62
2008-06-20,1962.33,1963.48,1920.32,1928.39,-2.74
2008-06-23,1936.71,1940.68,1910.88,1913.31,-0.78
2008-06-24,1906.84,1926.1,1888.01,1903.74,-0.5
2008-06-25,1911.07,1951.49,1910.21,1933.86,1.58
2008-06-26,1898.78,1898.78,1855.39,1855.39,-4.06
2008-06-27,1854.39,1865.6,1829.3,1855.72,0.02
2008-06-30,1852.83,1863.32,1837.09,1837.09,-1.0
2008-07-01,1821.93,1864.07,1817.08,1862.71,1.39
2008-07-02,1868.8,1874.83,1815.84,1816.15,-2.5
2008-07-03,1828.75,1832.21,1801.66,1816.35,0.01
2008-07-07,1834.28,1848.29,1799.49,1826.93,0.58
2008-07-08,1829.55,1871.28,1821.96,1871.28,2.43
2008-07-09,1866.81,1871.27,1818.92,1819.18,-2.78
2008-07-10,1826.63,1846.53,1805.28,1839.57,1.12
2008-07-11,1820.23,1839.77,1784.39,1810.88,-1.56
2008-07-14,1834.86,1837.04,1792.54,1798.03,-0.71
2008-07-15,1786.9,1826.11,1761.08,1798.35,0.02
2008-07-16,1799.6,1844.54,1786.06,1843.87,2.53
2008-07-17,1851.0,1862.99,1829.7,1853.47,0.52
2008-07-18,1827.34,1834.72,1816.76,1823.23,-1.63
2008-07-21,1831.86,1837.53,1809.8,1819.76,-0.19
2008-07-22,1787.5,1821.83,1784.26,1821.62,0.1
2008-07-23,1823.37,1865.19,1819.08,1845.56,1.31
2008-07-24,1854.97,1854.97,1816.84,1816.98,-1.55
2008-07-25,1829.93,1849.19,1820.9,1846.55,1.63
2008-07-28,1841.32,1850.46,1798.31,1802.99,-2.36
2008-07-29,1813.3,1851.31,1812.97,1845.55,2.36
2008-07-30,1850.29,1862.97,1825.64,1852.8,0.39
2008-07-31,1835.35,1874.54,1832.7,1849.15,-0.2
2008-08-01,1847.47,1849.21,1806.4,1826.56,-1.22
2008-08-04,1825.68,1825.68,1802.09,1804.84,-1.19
2008-08-05,1825.87,1869.76,1823.97,1869.76,3.6
2008-08-06,1866.86,1902.87,1853.41,1895.21,1.36
2008-08-07,1882.97,1904.13,1873.01,1880.09,-0.8
2008-08-08,1880.41,1928.52,1877.13,1926.23,2.45
2008-08-11,1921.76,1962.54,1917.85,1941.23,0.78
2008-08-12,1938.99,1957.4,1932.47,1941.07,-0.01
2008-08-13,1938.06,1955.54,1920.77,1942.02,0.05
2008-08-14,1930.81,1969.37,1930.38,1964.38,1.15
2008-08-15,1967.49,1973.56,1950.11,1957.56,-0.35
2008-08-18,1962.17,1963.51,1920.99,1932.7,-1.27
2008-08-19,1924.61,1933.13,1900.41,1908.68,-1.24
2008-08-20,1921.75,1932.42,1900.02,1913.02,0.23
2008-08-21,1900.11,1913.39,1886.24,1906.74,-0.33
2008-08-22,1915.77,1937.76,1915.36,1931.47,1.3
2008-08-25,1918.45,1918.8,1885.69,1889.72,-2.16
2008-08-26,1889.87,1901.09,1874.81,1886.32,-0.18
2008-08-27,1887.08,1913.53,1881.54,1900.3,0.74
2008-08-28,1906.09,1921.19,1904.2,1915.12,0.78
2008-08-29,1895.78,1899.56,1866.81,1872.54,-2.22
2008-09-02,1904.21,1912.72,1843.07,1850.14,-1.2
2008-09-03,1847.54,1854.42,1820.48,1833.09,-0.92
2008-09-04,1819.51,1824.61,1774.78,1774.78,-3.18
2008-09-05,1758.52,1778.88,1740.44,1768.23,-0.37
2008-09-08,1794.08,1796.82,1734.93,1762.95,-0.3
2008-09-09,1765.03,1779.32,1721.55,1721.55,-2.35
2008-09-10,1739.7,1754.21,1725.76,1738.07,0.96
2008-09-11,1714.76,1774.41,1713.86,1773.65,2.05
2008-09-12,1756.14,1775.47,1743.71,1767.13,-0.37
2008-09-15,1721.78,1757.57,1705.46,1705.46,-3.49
2008-09-16,1686.73,1739.16,1683.34,1724.08,1.09
2008-09-17,1701.8,1708.2,1632.45,1632.45,-5.31
2008-09-18,1668.33,1704.22,1606.3,1697.42,3.98
2008-09-19,1760.3,1773.83,1718.23,1745.06,2.81
2008-09-22,1742.52,1743.34,1665.41,1665.94,-4.53
2008-09-23,1678.94,1696.62,1645.58,1648.4,-1.05
2008-09-24,1657.6,1677.86,1648.65,1661.33,0.78
2008-09-25,1675.45,1708.44,1668.71,1687.55,1.58
2008-09-26,1642.65,1677.65,1635.54,1672.04,-0.92
2008-09-29,1638.38,1643.22,1496.15,1496.15,-10.52
2008-09-30,1540.51,1597.73,1529.97,1594.63,6.58
2008-10-01,1581.06,1584.26,1547.99,1563.8,-1.93
2008-10-02,1547.13,1554.23,1490.72,1491.11,-4.65
2008-10-03,1516.05,1551.58,1469.0,1470.84,-1.36
2008-10-06,1431.01,1440.19,1339.17,1411.28,-4.05
2008-10-07,1416.28,1433.12,1329.98,1329.98,-5.76
2008-10-08,1298.63,1386.34,1295.98,1330.61,0.05
2008-10-09,1349.55,1369.77,1261.54,1275.1,-4.17
2008-10-10,1234.9,1317.48,1196.11,1269.8,-0.42
2008-10-13,1338.6,1429.54,1318.86,1429.54,12.58
2008-10-14,1470.85,1470.99,1350.64,1364.59,-4.54
2008-10-15,1351.38,1356.15,1244.23,1244.23,-8.82
2008-10-16,1256.21,1312.97,1192.25,1312.97,5.52
2008-10-17,1291.58,1367.89,1278.95,1311.72,-0.1
2008-10-20,1329.68,1352.76,1289.97,1352.76,3.13
2008-10-21,1329.68,1351.61,1281.73,1283.43,-5.13
2008-10-22,1272.87,1284.85,1209.84,1237.09,-3.61
2008-10-23,1240.18,1264.04,1177.17,1239.16,0.17
2008-10-24,1149.12,1229.0,1149.12,1202.27,-2.98
2008-10-27,1182.62,1227.46,1167.7,1169.78,-2.7
2008-10-28,1210.03,1297.57,1174.59,1297.57,10.92
2008-10-29,1292.29,1343.84,1272.19,1302.12,0.35
2008-10-30,1333.27,1344.21,1301.0,1333.94,2.44
2008-10-31,1318.39,1358.75,1306.02,1334.78,0.06
2008-11-03,1333.19,1346.85,1322.43,1334.75,0.0
2008-11-04,1363.3,1382.65,1342.3,1378.4,3.27
2008-11-05,1359.82,1365.28,1298.57,1299.98,-5.69
2008-11-06,1278.05,1294.73,1235.85,1241.97,-4.46
2008-11-07,1258.43,1279.42,1244.19,1271.62,2.39
2008-11-10,1297.97,1298.09,1237.12,1251.0,-1.62
2008-11-11,1236.45,1249.35,1208.99,1225.59,-2.03
2008-11-12,1204.16,1210.98,1164.93,1165.38,-4.91
2008-11-13,1167.83,1240.93,1109.89,1240.93,6.48
2008-11-14,1209.6,1235.9,1176.28,1179.63,-4.94
2008-11-17,1157.54,1187.98,1149.2,1151.96,-2.35
2008-11-18,1158.08,1167.23,1113.25,1155.75,0.33
2008-11-19,1154.16,1168.53,1087.6,1087.6,-5.9
2008-11-20,1076.5,1114.98,1035.25,1036.51,-4.7
2008-11-21,1059.69,1085.57,1018.86,1085.57,4.73
2008-11-24,1106.02,1163.05,1096.55,1154.34,6.33
2008-11-25,1164.36,1164.6,1118.28,1142.58,-1.02
2008-11-26,1126.95,1193.09,1126.95,1193.09,4.42
2008-11-28,1181.43,1185.99,1171.82,1185.75,-0.62
2008-12-01,1185.75,1185.75,1091.16,1091.16,-7.98
2008-12-02,1109.99,1132.93,1091.04,1130.0,3.56
2008-12-03,1103.94,1166.2,1101.63,1166.2,3.2
2008-12-04,1144.3,1168.65,1110.66,1127.75,-3.3
2008-12-05,1113.45,1180.09,1096.09,1177.87,4.44
2008-12-08,1202.78,1237.18,1196.91,1225.06,4.01
2008-12-09,1204.72,1251.56,1202.14,1212.45,-1.03
2008-12-10,1223.48,1236.53,1203.72,1222.38,0.82
2008-12-11,1210.84,1229.02,1176.11,1180.46,-3.43
2008-12-12,1161.59,1212.0,1157.15,1206.65,2.22
2008-12-15,1206.88,1206.88,1167.45,1181.87,-2.05
2008-12-16,1194.82,1244.81,1194.63,1243.49,5.21
2008-12-17,1225.68,1242.18,1211.46,1225.86,-1.42
2008-12-18,1227.31,1234.14,1192.7,1204.69,-1.73
2008-12-19,1219.65,1235.24,1210.91,1217.19,1.04
2008-12-22,1212.31,1214.55,1169.23,1189.15,-2.3
2008-12-23,1194.64,1204.61,1175.84,1183.19,-0.5
2008-12-24,1186.62,1187.98,1179.29,1184.3,0.09
2008-12-26,1189.57,1190.53,1178.68,1185.44,0.1
2008-12-29,1185.96,1188.05,1158.07,1173.15,-1.04
2008-12-30,1182.15,1203.41,1177.92,1201.34,2.4
2008-12-31,1202.26,1223.46,1199.53,1211.65,0.86
2009-01-02,1212.74,1266.45,1208.91,1263.7,4.3
2009-01-05,1254.7,1274.11,1244.89,1262.52,-0.09
2009-01-06,1274.36,1286.08,1265.53,1274.49,0.95
2009-01-07,1249.98,1256.34,1228.32,1238.6,-2.82
2009-01-08,1231.75,1252.52,1223.81,1252.52,1.12
2009-01-09,1252.6,1252.95,1217.59,1223.01,-2.36
2009-01-12,1225.12,1225.78,1188.21,1201.13,-1.79
2009-01-13,1200.92,1219.05,1186.95,1202.65,0.13
2009-01-14,1183.79,1190.42,1157.89,1163.42,-3.26
2009-01-15,1159.94,1192.45,1141.74,1183.52,1.73
2009-01-16,1199.2,1202.81,1167.34,1198.14,1.24
2009-01-20,1193.98,1195.89,1136.61,1136.61,-5.14
2009-01-21,1156.65,1186.43,1142.33,1185.76,4.32
2009-01-22,1161.95,1187.71,1149.31,1168.08,-1.49
2009-01-23,1148.61,1192.64,1144.41,1175.89,0.67
2009-01-26,1177.44,1202.94,1169.21,1184.56,0.74
2009-01-27,1185.81,1202.05,1184.42,1194.41,0.83
2009-01-28,1213.84,1245.98,1213.24,1235.91,3.47
2009-01-29,1217.75,1220.72,1198.76,1203.85,-2.59
2009-01-30,1212.31,1216.46,1176.82,1180.25,-1.96
2009-02-02,1168.13,1203.53,1167.49,1195.75,1.31
2009-02-03,1198.79,1218.91,1180.25,1215.66,1.67
2009-02-04,1215.64,1243.68,1210.98,1215.43,-0.02
2009-02-05,1200.26,1250.14,1199.53,1245.11,2.44
2009-02-06,1244.43,1280.4,1243.86,1277.49,2.6
2009-02-09,1276.72,1286.81,1267.86,1281.65,0.33
2009-02-10,1269.48,1286.9,1223.54,1229.29,-4.09
2009-02-11,1231.62,1239.92,1208.53,1227.05,-0.18
2009-02-12,1212.02,1243.59,1204.38,1242.81,1.28
2009-02-13,1240.81,1250.11,1231.63,1236.85,-0.48
2009-02-17,1197.59,1204.54,1180.43,1187.04,-4.03
2009-02-18,1193.89,1204.56,1172.94,1188.77,0.15
2009-02-19,1194.31,1201.94,1166.52,1167.89,-1.76
2009-02-20,1157.14,1183.36,1153.18,1172.71,0.41
2009-02-23,1180.1,1180.1,1126.58,1128.97,-3.73
2009-02-24,1138.71,1176.56,1136.14,1171.45,3.76
2009-02-25,1158.91,1183.93,1142.83,1160.83,-0.91
2009-02-26,1168.12,1174.77,1127.1,1127.1,-2.91
2009-02-27,1116.78,1135.45,1112.12,1116.99,-0.9
2009-03-02,1098.99,1116.22,1074.79,1076.67,-3.61
2009-03-03,1092.42,1102.1,1072.42,1080.67,0.37
2009-03-04,1096.2,1124.67,1093.42,1110.3,2.74
2009-03-05,1094.08,1105.53,1072.51,1074.52,-3.22
2009-03-06,1082.53,1088.04,1043.6,1064.7,-0.91
2009-03-09,1058.85,1087.4,1040.41,1043.87,-1.96
2009-03-10,1060.42,1112.44,1060.42,1112.44,6.57
2009-03-11,1118.35,1135.4,1106.72,1125.95,1.21
2009-03-12,1121.91,1167.19,1113.67,1164.71,3.44
2009-03-13,1162.88,1170.48,1149.59,1168.52,0.33
2009-03-16,1177.33,1177.33,1144.21,1145.45,-1.97
2009-03-17,1151.83,1192.17,1148.8,1192.17,4.08
2009-03-18,1185.18,1225.16,1180.34,1206.96,1.24
2009-03-19,1220.48,1220.48,1196.2,1204.21,-0.23
2009-03-20,1207.48,1220.5,1178.52,1187.18,-1.41
2009-03-23,1213.12,1259.81,1203.85,1259.81,6.12
2009-03-24,1245.65,1255.1,1232.74,1234.34,-2.02
2009-03-25,1243.44,1261.41,1206.52,1236.66,0.19
2009-03-26,1254.09,1281.3,1250.14,1281.3,3.61
2009-03-27,1263.62,1267.27,1248.87,1251.47,-2.33
2009-03-30,1230.89,1231.48,1204.96,1220.81,-2.45
2009-03-31,1232.59,1258.08,1231.52,1237.01,1.33
2009-04-01,1215.9,1255.03,1211.6,1252.51,1.25
2009-04-02,1274.41,1311.67,1269.91,1294.3,3.34
2009-04-03,1306.5,1316.71,1294.16,1316.16,1.69
2009-04-06,1301.43,1313.95,1286.95,1313.1,-0.23
2009-04-07,1296.2,1296.35,1268.79,1275.42,-2.87
2009-04-08,1289.7,1306.5,1280.29,1300.75,1.99
2009-04-09,1322.23,1341.77,1319.28,1340.28,3.04
2009-04-13,1333.72,1344.48,1322.94,1336.67,-0.27
2009-04-14,1325.73,1336.35,1312.37,1322.31,-1.07
2009-04-15,1311.15,1317.93,1295.1,1316.51,-0.44
2009-04-16,1334.02,1358.71,1322.22,1352.98,2.77
2009-04-17,1347.37,1361.68,1339.13,1353.92,0.07
2009-04-20,1330.18,1333.72,1303.85,1309.37,-3.29
2009-04-21,1303.87,1330.67,1303.73,1329.06,1.5
2009-04-22,1322.1,1362.84,1317.51,1335.72,0.5
2009-04-23,1340.77,1345.67,1321.42,1344.41,0.65
2009-04-24,1352.55,1379.38,1345.03,1373.28,2.15
2009-04-27,1359.88,1384.85,1357.39,1369.94,-0.24
2009-04-28,1362.94,1378.56,1355.99,1361.92,-0.59
2009-04-29,1373.3,1398.36,1370.52,1382.38,1.5
2009-04-30,1398.44,1418.77,1384.37,1394.33,0.86
2009-05-01,1396.22,1403.89,1382.9,1396.62,0.16
2009-05-04,1407.65,1428.02,1403.47,1427.96,2.24
2009-05-05,1423.88,1425.05,1408.29,1423.81,-0.29
2009-05-06,1433.58,1435.8,1401.1,1423.85,0.0
2009-05-07,1429.97,1431.36,1377.55,1389.83,-2.39
2009-05-08,1399.21,1411.27,1377.06,1394.16,0.31
2009-05-11,1375.05,1410.43,1369.36,1395.79,0.12
2009-05-12,1402.14,1402.14,1362.08,1377.4,-1.32
2009-05-13,1364.43,1365.33,1339.82,1339.83,-2.73
2009-05-14,1348.33,1369.31,1344.77,1359.67,1.48
2009-05-15,1355.55,1374.1,1351.13,1355.11,-0.34
2009-05-18,1367.05,1392.73,1357.42,1392.73,2.78
2009-05-19,1387.2,1410.74,1379.88,1398.05,0.38
2009-05-20,1401.37,1423.13,1388.81,1393.72,-0.31
2009-05-21,1378.83,1391.0,1353.53,1367.39,-1.89
2009-05-22,1371.76,1379.88,1353.59,1363.17,-0.31
2009-05-26,1351.13,1414.44,1350.95,1412.61,3.63
2009-05-27,1408.59,1428.81,1398.42,1401.88,-0.76
2009-05-28,1411.42,1423.81,1389.76,1420.31,1.31
2009-05-29,1421.11,1435.57,1411.68,1435.57,1.07
2009-06-01,1451.37,1482.19,1446.97,1477.12,2.89
2009-06-02,1470.3,1493.8,1466.28,1480.31,0.22
2009-06-03,1472.25,1476.98,1459.59,1475.44,-0.33
2009-06-04,1476.28,1493.66,1476.28,1492.74,1.17
2009-06-05,1503.78,1505.77,1479.22,1493.21,0.03
2009-06-08,1482.21,1499.96,1467.13,1488.49,-0.32
2009-06-09,1495.04,1509.57,1489.22,1501.55,0.88
2009-06-10,1509.43,1509.43,1473.88,1495.27,-0.42
2009-06-11,1494.07,1511.94,1493.16,1497.01,0.12
2009-06-12,1488.73,1489.97,1470.2,1489.97,-0.47
2009-06-15,1472.77,1473.07,1445.3,1456.96,-2.22
2009-06-16,1463.46,1469.16,1442.81,1443.25,-0.94
2009-06-17,1449.0,1470.11,1439.38,1455.89,0.88
2009-06-18,1456.14,1464.04,1445.31,1453.8,-0.14
2009-06-19,1465.88,1477.95,1460.45,1471.23,1.2
2009-06-22,1455.78,1459.1,1423.81,1426.61,-3.03
2009-06-23,1427.68,1432.92,1413.54,1424.46,-0.15
2009-06-24,1436.59,1458.23,1435.28,1447.06,1.59
2009-06-25,1438.75,1477.97,1434.97,1475.82,1.99
2009-06-26,1467.38,1483.57,1466.24,1480.2,0.3
2009-06-29,1483.66,1493.57,1468.98,1483.83,0.25
2009-06-30,1484.82,1493.37,1468.11,1477.25,-0.44
2009-07-01,1486.5,1497.71,1479.67,1481.34,0.28
2009-07-02,1464.66,1465.18,1443.75,1446.28,-2.37
2009-07-06,1435.4,1444.3,1424.61,1441.01,-0.36
2009-07-07,1440.83,1443.06,1403.6,1404.78,-2.51
2009-07-08,1412.54,1417.35,1394.87,1411.53,0.48
2009-07-09,1417.0,1423.44,1409.13,1414.98,0.24
2009-07-10,1409.55,1427.9,1405.58,1419.84,0.34
2009-07-13,1423.2,1447.7,1402.19,1447.7,1.96
2009-07-14,1444.59,1455.0,1439.57,1452.84,0.36
2009-07-15,1473.59,1501.41,1470.09,1500.98,3.31
2009-07-16,1495.4,1521.67,1494.57,1518.87,1.19
2009-07-17,1516.77,1527.26,1511.61,1527.26,0.55
2009-07-20,1534.39,1545.02,1529.45,1544.0,1.1
2009-07-21,1548.9,1553.01,1530.8,1553.01,0.58
2009-07-22,1552.63,1572.48,1551.16,1565.0,0.77
2009-07-23,1561.6,1605.09,1561.54,1601.52,2.33
2009-07-24,1579.25,1600.03,1576.51,1599.06,-0.15
2009-07-27,1597.02,1602.28,1580.52,1599.31,0.02
2009-07-28,1590.77,1609.17,1583.27,1605.47,0.39
2009-07-29,1596.81,1602.49,1586.04,1599.61,-0.37
2009-07-30,1614.11,1632.97,1606.72,1609.87,0.64
2009-07-31,1608.26,1619.67,1602.25,1603.36,-0.4
2009-08-03,1619.24,1628.3,1611.6,1628.12,1.54
2009-08-04,1619.09,1633.16,1616.54,1628.49,0.02
2009-08-05,1631.75,1631.75,1604.09,1614.44,-0.86
2009-08-06,1618.01,1623.25,1595.36,1600.29,-0.88
2009-08-07,1620.74,1628.44,1609.54,1619.49,1.2
2009-08-10,1612.73,1619.02,1599.46,1610.43,-0.56
2009-08-11,1603.68,1605.8,1587.4,1594.69,-0.98
2009-08-12,1595.26,1634.12,1594.76,1619.59,1.56
2009-08-13,1628.37,1632.2,1611.24,1628.65,0.56
2009-08-14,1623.49,1624.47,1596.95,1611.58,-1.05
2009-08-17,1583.29,1583.29,1563.14,1564.89,-2.9
2009-08-18,1573.32,1588.89,1569.22,1586.5,1.38
2009-08-19,1568.41,1600.23,1566.44,1596.61,0.64
2009-08-20,1594.58,1618.12,1593.12,1614.22,1.1
2009-08-21,1620.47,1639.23,1615.12,1637.78,1.46
2009-08-24,1641.45,1648.18,1629.77,1634.78,-0.18
2009-08-25,1640.42,1655.25,1635.38,1639.9,0.31
2009-08-26,1636.82,1648.77,1628.41,1637.0,-0.18
2009-08-27,1636.13,1643.18,1611.73,1640.97,0.24
2009-08-28,1661.49,1668.01,1631.47,1643.24,0.14
2009-08-31,1628.21,1632.07,1616.52,1625.19,-1.1
2009-09-01,1620.09,1648.27,1591.01,1595.84,-1.81
2009-09-02,1588.09,1602.9,1586.55,1594.28,-0.1
2009-09-03,1601.16,1607.15,1585.56,1605.98,0.73
2009-09-04,1609.63,1639.9,1606.47,1638.07,2.0
2009-09-08,1651.64,1655.62,1643.44,1654.81,1.02
2009-09-09,1655.92,1676.25,1648.92,1669.23,0.87
2009-09-10,1668.64,1686.27,1665.49,1686.16,1.01
2009-09-11,1684.84,1689.68,1674.14,1685.46,-0.04
2009-09-14,1673.55,1693.76,1673.13,1693.76,0.49
2009-09-15,1691.28,1703.46,1688.46,1699.53,0.34
2009-09-16,1705.97,1724.67,1699.74,1723.73,1.42
2009-09-17,1721.58,1732.42,1714.33,1721.09,-0.15
2009-09-18,1728.91,1731.87,1716.45,1725.24,0.24
2009-09-21,1717.37,1735.32,1714.1,1731.58,0.37
2009-09-22,1740.13,1740.13,1727.5,1734.09,0.14
2009-09-23,1739.93,1754.54,1722.99,1724.27,-0.57
2009-09-24,1732.95,1734.92,1698.69,1709.76,-0.84
2009-09-25,1696.99,1710.29,1690.68,1694.15,-0.91
2009-09-28,1702.95,1733.79,1702.52,1724.59,1.8
2009-09-29,1724.2,1732.31,1709.28,1717.67,-0.4
2009-09-30,1723.91,1731.44,1691.76,1718.99,0.08
2009-10-01,1710.5,1711.7,1666.41,1666.41,-3.06
2009-10-02,1656.77,1676.22,1656.57,1662.49,-0.24
2009-10-05,1668.7,1682.77,1660.37,1675.64,0.79
2009-10-06,1684.75,1712.59,1684.08,1705.25,1.77
2009-10-07,1701.4,1710.45,1698.63,1710.45,0.3
2009-10-08,1720.91,1732.11,1713.6,1717.79,0.43
2009-10-09,1713.47,1729.22,1710.58,1727.76,0.58
2009-10-12,1732.75,1742.18,1719.02,1729.63,0.11
2009-10-13,1729.16,1737.39,1722.68,1730.27,0.04
2009-10-14,1750.26,1756.25,1742.25,1754.26,1.39
2009-10-15,1747.81,1753.36,1742.89,1753.36,-0.05
2009-10-16,1747.47,1747.47,1727.56,1739.32,-0.8
2009-10-19,1741.43,1758.5,1732.02,1756.68,1.0
2009-10-20,1766.05,1766.72,1745.81,1756.19,-0.03
2009-10-21,1754.71,1780.83,1750.91,1753.56,-0.15
2009-10-22,1749.3,1767.58,1739.59,1763.15,0.55
2009-10-23,1774.05,1777.57,1749.03,1753.63,-0.54
2009-10-26,1756.5,1778.48,1739.96,1746.75,-0.39
2009-10-27,1746.99,1751.65,1715.11,1722.46,-1.39
2009-10-28,1712.8,1719.82,1679.35,1682.06,-2.35
2009-10-29,1694.27,1714.36,1688.68,1711.27,1.74
2009-10-30,1707.92,1712.93,1663.94,1667.13,-2.58
2009-11-02,1667.06,1689.3,1652.44,1672.91,0.35
2009-11-03,1661.85,1679.42,1660.1,1679.2,0.38
2009-11-04,1687.12,1701.47,1678.17,1680.67,0.09
2009-11-05,1700.07,1722.93,1697.94,1721.09,2.4
2009-11-06,1709.82,1733.22,1709.44,1730.76,0.56
2009-11-09,1743.55,1768.41,1742.97,1768.4,2.17
2009-11-10,1765.52,1777.86,1763.89,1773.17,0.27
2009-11-11,1784.9,1793.52,1772.47,1782.95,0.55
2009-11-12,1784.69,1794.12,1769.64,1773.14,-0.55
2009-11-13,1780.04,1793.17,1773.29,1788.61,0.87
2009-11-16,1794.88,1814.25,1793.63,1807.56,1.06
2009-11-17,1802.04,1812.21,1797.74,1812.21,0.26
2009-11-18,1807.11,1807.53,1789.66,1801.74,-0.58
2009-11-19,1788.75,1789.0,1761.11,1773.19,-1.58
2009-11-20,1760.54,1768.35,1758.0,1764.39,-0.5
2009-11-23,1782.92,1801.22,1782.91,1792.94,1.62
2009-11-24,1791.54,1792.18,1776.1,1786.25,-0.37
2009-11-25,1790.69,1795.27,1786.87,1793.67,0.42
2009-11-27,1743.39,1779.26,1742.2,1765.46,-1.57
2009-11-30,1762.99,1770.87,1750.88,1767.43,0.11
2009-12-01,1782.85,1798.48,1782.85,1787.71,1.15
2009-12-02,1791.61,1805.97,1786.23,1790.82,0.17
2009-12-03,1795.25,1806.35,1781.76,1782.91,-0.44
2009-12-04,1808.6,1815.6,1773.31,1791.91,0.5
2009-12-07,1791.35,1797.63,1779.47,1783.65,-0.46
2009-12-08,1772.39,1786.04,1760.86,1772.73,-0.61
2009-12-09,1770.05,1791.13,1759.34,1789.7,0.96
2009-12-10,1799.85,1808.23,1797.03,1799.37,0.54
2009-12-11,1808.84,1810.31,1784.82,1792.06,-0.41
2009-12-14,1802.28,1810.75,1794.3,1809.09,0.95
2009-12-15,1801.58,1813.38,1793.6,1798.21,-0.6
2009-12-16,1805.53,1814.49,1798.52,1800.82,0.15
2009-12-17,1791.46,1794.79,1777.08,1778.27,-1.25
2009-12-18,1794.12,1808.26,1790.14,1807.36,1.64
2009-12-21,1818.39,1835.0,1818.39,1828.79,1.19
2009-12-22,1833.72,1841.64,1832.1,1839.51,0.59
2009-12-23,1842.65,1853.15,1839.12,1851.99,0.68
2009-12-24,1856.06,1869.9,1855.78,1869.84,0.96
2009-12-28,1874.71,1882.58,1868.14,1878.18,0.45
2009-12-29,1879.72,1881.06,1871.13,1872.02,-0.33
2009-12-30,1872.63,1881.15,1869.6,1878.65,0.35
2009-12-31,1881.71,1882.46,1860.31,1860.31,-0.98
2010-01-04,1882.69,1890.02,1881.63,1886.7,1.42
2010-01-05,1887.28,1891.33,1877.52,1888.43,0.09
2010-01-06,1887.91,1893.21,1873.9,1878.42,-0.53
2010-01-07,1878.16,1881.33,1867.62,1876.72,-0.09
2010-01-08,1870.9,1893.25,1868.55,1892.59,0.85
2010-01-11,1896.05,1897.49,1876.25,1886.24,-0.34
2010-01-12,1874.75,1876.37,1852.31,1861.79,-1.3
2010-01-13,1868.2,1890.81,1855.27,1886.13,1.31
2010-01-14,1880.46,1891.73,1880.35,1886.52,0.02
2010-01-15,1887.31,1893.48,1857.11,1864.52,-1.17
2010-01-19,1869.24,1896.54,1868.83,1895.48,1.66
2010-01-20,1882.06,1882.31,1848.09,1867.95,-1.45
2010-01-21,1874.54,1885.01,1842.86,1850.57,-0.93
2010-01-22,1842.11,1849.21,1791.4,1794.82,-3.01
2010-01-25,1806.6,1813.65,1794.68,1802.39,0.42
2010-01-26,1798.36,1825.95,1792.04,1803.86,0.08
2010-01-27,1801.67,1823.8,1790.1,1818.9,0.83
2010-01-28,1805.64,1805.85,1762.1,1771.1,-2.63
2010-01-29,1787.14,1789.93,1734.03,1741.04,-1.7
2010-02-01,1745.91,1760.72,1744.26,1760.72,1.13
2010-02-02,1760.65,1780.17,1750.39,1776.92,0.92
2010-02-03,1767.14,1787.89,1766.6,1784.7,0.44
2010-02-04,1771.78,1775.37,1732.99,1732.99,-2.9
2010-02-05,1739.19,1748.77,1712.89,1746.12,0.76
2010-02-08,1744.02,1755.65,1734.12,1734.88,-0.64
2010-02-09,1756.28,1768.58,1739.24,1753.84,1.09
2010-02-10,1752.46,1760.61,1738.46,1749.76,-0.23
2010-02-11,1747.55,1780.05,1739.02,1775.74,1.48
2010-02-12,1761.29,1783.7,1756.65,1779.11,0.19
2010-02-16,1792.9,1802.48,1782.73,1802.06,1.29
2010-02-17,1808.55,1811.2,1799.25,1810.86,0.49
2010-02-18,1809.01,1825.82,1806.76,1823.39,0.69
2010-02-19,1816.94,1830.38,1813.08,1823.32,0.0
2010-02-22,1828.69,1829.18,1811.52,1817.63,-0.31
2010-02-23,1815.43,1817.96,1786.46,1793.82,-1.31
2010-02-24,1803.29,1819.5,1801.04,1812.51,1.04
2010-02-25,1791.15,1815.94,1781.12,1812.91,0.02
2010-02-26,1812.24,1822.2,1804.09,1818.68,0.32
2010-03-01,1826.62,1848.1,1826.61,1846.4,1.52
2010-03-02,1851.79,1862.64,1847.03,1851.21,0.26
2010-03-03,1854.71,1861.15,1846.22,1851.57,0.02
2010-03-04,1852.7,1860.76,1844.92,1859.72,0.44
2010-03-05,1871.62,1889.68,1869.1,1888.56,1.55
2010-03-08,1888.04,1894.75,1887.66,1890.89,0.12
2010-03-09,1885.99,1911.38,1885.99,1901.38,0.55
2010-03-10,1901.24,1920.66,1901.11,1917.35,0.84
2010-03-11,1911.07,1923.81,1908.39,1923.81,0.34
2010-03-12,1930.0,1930.17,1916.41,1924.43,0.03
2010-03-15,1918.14,1924.49,1906.01,1920.09,-0.23
2010-03-16,1924.27,1933.96,1918.98,1932.24,0.63
2010-03-17,1934.65,1945.9,1930.91,1936.22,0.21
2010-03-18,1937.63,1945.28,1934.17,1943.94,0.4
2010-03-19,1943.96,1949.14,1924.72,1932.43,-0.59
2010-03-22,1922.73,1956.48,1921.71,1949.59,0.89
2010-03-23,1952.54,1964.14,1943.25,1963.2,0.7
2010-03-24,1956.63,1958.6,1948.85,1951.84,-0.58
2010-03-25,1966.56,1976.38,1948.5,1949.15,-0.14
2010-03-26,1958.27,1965.52,1942.21,1952.63,0.18
2010-03-29,1960.63,1968.43,1956.6,1961.22,0.44
2010-03-30,1966.51,1974.47,1955.22,1967.96,0.34
2010-03-31,1962.17,1969.9,1955.15,1958.34,-0.49
2010-04-01,1968.44,1979.49,1943.97,1959.56,0.06
2010-04-05,1964.03,1981.07,1958.01,1977.83,0.93
2010-04-06,1971.09,1988.04,1968.17,1981.95,0.21
2010-04-07,1980.2,1987.34,1967.14,1977.3,-0.23
2010-04-08,1972.82,1984.9,1962.04,1980.73,0.17
2010-04-09,1984.01,1994.48,1978.04,1994.43,0.69
2010-04-12,1995.35,2000.56,1990.78,1995.65,0.06
2010-04-13,1994.34,2006.51,1986.83,2003.81,0.41
2010-04-14,2015.61,2029.06,2012.98,2028.82,1.25
2010-04-15,2027.92,2040.49,2027.52,2038.64,0.48
2010-04-16,2030.34,2037.47,2000.77,2012.84,-1.27
2010-04-19,2011.4,2018.93,1988.37,2013.53,0.03
2010-04-20,2025.04,2027.44,2009.55,2023.6,0.5
2010-04-21,2037.15,2040.83,2021.72,2034.53,0.54
2010-04-22,2016.49,2047.11,2002.97,2045.16,0.52
2010-04-23,2042.8,2055.63,2036.99,2055.33,0.5
2010-04-26,2054.84,2059.42,2045.64,2049.09,-0.3
2010-04-27,2040.43,2049.9,2001.02,2006.25,-2.09
2010-04-28,2016.52,2017.92,1991.95,2007.59,0.07
2010-04-29,2020.51,2045.86,2019.32,2042.89,1.76
2010-04-30,2040.58,2044.39,2000.26,2000.63,-2.07
2010-05-03,2010.94,2039.52,2010.91,2031.6,1.55
2010-05-04,2003.59,2003.59,1955.39,1968.97,-3.08
2010-05-05,1947.35,1971.1,1936.56,1958.26,-0.54
2010-05-06,1948.25,1964.1,1752.31,1893.75,-3.29
2010-05-07,1879.76,1901.89,1808.07,1849.44,-2.34
2010-05-10,1931.52,1942.64,1923.52,1942.61,5.04
2010-05-11,1920.24,1966.48,1918.12,1940.48,-0.11
2010-05-12,1951.99,1977.42,1947.2,1975.58,1.81
2010-05-13,1969.44,1983.13,1940.44,1945.52,-1.52
2010-05-14,1928.58,1929.91,1885.51,1907.1,-1.97
2010-05-17,1911.38,1920.75,1872.92,1915.45,0.44
2010-05-18,1929.12,1933.25,1878.55,1887.06,-1.48
2010-05-19,1879.32,1894.41,1850.96,1873.42,-0.72
2010-05-20,1830.17,1839.99,1798.2,1800.12,-3.91
2010-05-21,1772.34,1834.69,1767.94,1822.77,1.26
2010-05-24,1818.46,1841.11,1814.17,1815.28,-0.41
2010-05-25,1769.32,1818.28,1756.63,1815.68,0.02
2010-05-26,1827.58,1850.8,1793.03,1796.47,-1.06
2010-05-27,1837.65,1863.87,1831.78,1862.71,3.69
2010-05-28,1865.89,1867.72,1836.23,1852.39,-0.55
2010-06-01,1846.6,1878.04,1832.96,1835.04,-0.94
2010-06-02,1844.69,1879.59,1832.58,1879.59,2.43
2010-06-03,1883.25,1898.93,1871.59,1895.66,0.85
2010-06-04,1857.83,1879.31,1824.71,1832.04,-3.36
2010-06-07,1839.77,1845.3,1795.54,1798.16,-1.85
2010-06-08,1799.26,1805.84,1770.46,1795.7,-0.14
2010-06-09,1805.87,1823.21,1774.05,1778.92,-0.93
2010-06-10,1800.57,1831.81,1796.32,1830.09,2.88
2010-06-11,1814.25,1848.62,1811.99,1847.15,0.93
2010-06-14,1862.7,1876.94,1844.16,1845.48,-0.09
2010-06-15,1855.69,1898.79,1855.69,1897.48,2.82
2010-06-16,1891.26,1913.21,1888.22,1905.31,0.41
2010-06-17,1914.75,1916.24,1894.27,1910.65,0.28
2010-06-18,1911.06,1925.2,1906.85,1913.48,0.15
2010-06-21,1939.77,1939.77,1885.2,1895.84,-0.92
2010-06-22,1903.31,1917.26,1877.97,1880.54,-0.81
2010-06-23,1883.97,1889.73,1859.05,1874.42,-0.33
2010-06-24,1868.47,1871.13,1839.32,1844.59,-1.59
2010-06-25,1848.82,1857.31,1829.3,1838.52,-0.33
2010-06-28,1843.27,1852.66,1823.51,1836.0,-0.14
2010-06-29,1805.55,1807.09,1752.56,1764.06,-3.92
2010-06-30,1761.98,1776.61,1734.9,1739.14,-1.41
2010-07-01,1741.93,1747.25,1700.04,1734.41,-0.27
2010-07-02,1736.25,1742.36,1712.92,1728.34,-0.35
2010-07-06,1752.98,1763.88,1719.2,1734.68,0.37
2010-07-07,1739.01,1790.18,1736.99,1789.72,3.17
2010-07-08,1801.55,1805.83,1777.44,1798.31,0.48
2010-07-09,1797.04,1815.24,1793.0,1814.79,0.92
2010-07-12,1814.49,1831.62,1808.7,1821.03,0.34
2010-07-13,1835.02,1851.25,1822.25,1845.03,1.32
2010-07-14,1847.92,1863.52,1840.62,1853.41,0.45
2010-07-15,1849.24,1860.35,1830.7,1856.24,0.15
2010-07-16,1845.5,1850.73,1802.54,1803.48,-2.84
2010-07-19,1807.99,1822.71,1794.56,1819.28,0.88
2010-07-20,1789.93,1841.16,1784.55,1840.67,1.18
2010-07-21,1859.6,1859.85,1813.28,1817.3,-1.27
2010-07-22,1842.38,1870.41,1842.38,1863.1,2.52
2010-07-23,1851.81,1875.38,1846.32,1875.38,0.66
2010-07-26,1875.77,1890.4,1867.84,1890.4,0.8
2010-07-27,1899.13,1900.15,1880.22,1888.81,-0.08
2010-07-28,1887.46,1894.69,1866.68,1872.62,-0.86
2010-07-29,1884.07,1887.41,1841.36,1860.3,-0.66
2010-07-30,1842.33,1874.64,1833.9,1864.0,0.2
2010-08-02,1886.61,1902.67,1879.77,1898.99,1.88
2010-08-03,1898.46,1898.63,1881.58,1891.81,-0.38
2010-08-04,1898.81,1911.01,1891.23,1909.2,0.92
2010-08-05,1900.07,1907.8,1892.5,1904.95,-0.22
2010-08-06,1883.32,1905.01,1873.44,1902.88,-0.11
2010-08-09,1911.38,1918.78,1902.98,1915.17,0.65
2010-08-10,1896.71,1908.73,1882.6,1899.24,-0.83
2010-08-11,1866.0,1866.0,1838.89,1845.38,-2.84
2010-08-12,1808.63,1839.24,1807.46,1832.17,-0.72
2010-08-13,1825.29,1832.46,1818.3,1818.8,-0.73
2010-08-16,1806.97,1834.05,1801.74,1821.51,0.15
2010-08-17,1833.15,1860.68,1831.27,1845.37,1.31
2010-08-18,1841.42,1862.37,1834.2,1850.8,0.29
2010-08-19,1842.79,1847.62,1811.57,1823.0,-1.5
2010-08-20,1818.42,1829.92,1810.62,1825.75,0.15
2010-08-23,1833.33,1842.79,1807.84,1808.31,-0.96
2010-08-24,1783.2,1793.43,1767.36,1775.27,-1.83
2010-08-25,1762.68,1798.38,1758.62,1790.88,0.88
2010-08-26,1797.35,1800.62,1767.85,1769.02,-1.22
2010-08-27,1780.11,1794.29,1747.32,1791.64,1.28
2010-08-30,1785.98,1798.47,1772.07,1772.07,-1.09
2010-08-31,1762.54,1781.47,1755.38,1767.43,-0.26
2010-09-01,1791.91,1824.66,1791.41,1820.05,2.98
2010-09-02,1822.83,1840.58,1817.99,1840.58,1.13
2010-09-03,1864.03,1870.31,1851.6,1870.31,1.62
2010-09-07,1862.88,1870.06,1854.43,1856.5,-0.74
2010-09-08,1863.71,1887.17,1863.53,1880.0,1.27
2010-09-09,1897.01,1897.93,1882.79,1886.14,0.33
2010-09-10,1887.83,1895.92,1879.71,1892.34,0.33
2010-09-13,1908.75,1924.61,1908.41,1921.67,1.55
2010-09-14,1917.83,1938.01,1913.71,1928.59,0.36
2010-09-15,1923.97,1942.34,1918.1,1939.6,0.57
2010-09-16,1937.18,1949.39,1931.72,1948.11,0.44
2010-09-17,1959.26,1961.01,1945.52,1955.83,0.4
2010-09-20,1962.15,1992.8,1960.43,1989.43,1.72
2010-09-21,1990.19,2002.79,1980.47,1989.11,-0.02
2010-09-22,1979.9,1996.45,1972.83,1982.76,-0.32
2010-09-23,1968.03,2002.46,1967.82,1982.15,-0.03
2010-09-24,2006.53,2023.85,2002.55,2023.84,2.1
2010-09-27,2021.68,2026.42,2010.53,2010.99,-0.63
2010-09-28,2013.57,2017.57,1979.74,2012.43,0.07
2010-09-29,2008.14,2017.24,2000.91,2009.08,-0.17
2010-09-30,2021.49,2029.65,1986.33,1998.04,-0.55
2010-10-01,2014.47,2017.23,1987.71,1996.6,-0.07
2010-10-04,1990.13,1997.67,1963.68,1975.33,-1.07
2010-10-05,1996.38,2026.46,1996.21,2024.63,2.5
2010-10-06,2021.21,2024.92,1992.65,2006.52,-0.89
2010-10-07,2016.08,2017.44,1996.25,2011.63,0.25
2010-10-08,2014.99,2030.89,1999.89,2027.03,0.77
2010-10-11,2028.53,2037.12,2021.43,2026.98,0.0
2010-10-12,2023.75,2045.08,2007.13,2041.55,0.72
2010-10-13,2052.5,2067.06,2048.05,2057.25,0.77
2010-10-14,2058.35,2062.26,2043.7,2054.51,-0.13
2010-10-15,2078.63,2097.73,2062.84,2097.73,2.1
2010-10-18,2100.21,2105.07,2091.15,2104.15,0.31
2010-10-19,2063.96,2087.05,2054.61,2069.73,-1.64
2010-10-20,2075.47,2100.16,2072.54,2085.75,0.77
2010-10-21,2097.17,2106.24,2069.45,2090.1,0.21
2010-10-22,2089.22,2105.44,2086.89,2104.21,0.68
2010-10-25,2113.23,2127.26,2112.28,2113.55,0.44
2010-10-26,2100.53,2123.81,2094.84,2119.05,0.26
2010-10-27,2108.11,2127.21,2104.99,2125.88,0.32
2010-10-28,2135.14,2135.69,2112.09,2129.73,0.18
2010-10-29,2126.76,2137.33,2124.45,2124.45,-0.25
2010-11-01,2135.57,2148.07,2117.59,2128.42,0.19
2010-11-02,2146.98,2155.46,2141.62,2151.72,1.09
2010-11-03,2151.19,2159.68,2132.69,2158.36,0.31
2010-11-04,2183.1,2193.66,2179.06,2187.8,1.36
2010-11-05,2188.32,2191.24,2179.86,2186.71,-0.05
2010-11-08,2179.7,2191.49,2176.67,2188.94,0.1
2010-11-09,2195.78,2200.16,2166.96,2176.88,-0.55
2010-11-10,2178.36,2189.38,2162.63,2187.74,0.5
2010-11-11,2153.82,2177.21,2145.09,2173.11,-0.67
2010-11-12,2161.66,2171.23,2122.42,2137.95,-1.62
2010-11-15,2147.06,2152.89,2129.69,2131.48,-0.3
2010-11-16,2114.43,2126.16,2085.27,2093.63,-1.78
2010-11-17,2093.72,2111.06,2090.34,2100.0,0.3
2010-11-18,2124.79,2147.97,2121.86,2134.77,1.66
2010-11-19,2129.61,2138.88,2121.11,2135.27,0.02
2010-11-22,2126.4,2151.0,2121.74,2150.86,0.73
2010-11-23,2128.19,2132.69,2105.61,2116.61,-1.59
2010-11-24,2138.24,2165.15,2138.15,2160.52,2.07
2010-11-26,2146.38,2160.55,2142.69,2153.91,-0.31
2010-11-29,2144.04,2150.71,2118.94,2144.56,-0.43
2010-11-30,2119.47,2131.5,2110.24,2117.33,-1.27
2010-12-01,2150.64,2173.42,2150.64,2162.83,2.15
2010-12-02,2166.57,2187.82,2164.53,2185.3,1.04
2010-12-03,2177.11,2192.89,2176.28,2191.17,0.27
2010-12-06,2192.12,2193.86,2183.03,2189.81,-0.06
2010-12-07,2214.99,2215.28,2188.74,2189.35,-0.02
2010-12-08,2195.33,2201.34,2182.99,2200.6,0.51
2010-12-09,2210.73,2213.01,2193.92,2201.57,0.04
2010-12-10,2206.47,2217.48,2199.69,2215.34,0.63
2010-12-13,2223.89,2225.22,2207.02,2207.45,-0.36
2010-12-14,2213.23,2220.42,2205.21,2212.59,0.23
2010-12-15,2210.51,2223.67,2196.88,2202.45,-0.46
2010-12-16,2205.27,2221.98,2198.86,2218.02,0.71
2010-12-17,2222.01,2227.04,2217.11,2218.29,0.01
2010-12-20,2225.41,2230.55,2206.3,2223.04,0.21
2010-12-21,2230.61,2235.58,2226.25,2234.57,0.52
2010-12-22,2234.6,2238.92,2231.97,2235.91,0.06
2010-12-23,2232.84,2235.11,2225.29,2230.27,-0.25
2010-12-27,2223.76,2234.42,2208.8,2229.86,-0.02
2010-12-28,2234.56,2236.17,2222.76,2227.42,-0.11
2010-12-29,2232.33,2236.19,2229.87,2231.64,0.19
2010-12-30,2230.39,2232.38,2222.77,2225.72,-0.27
2010-12-31,2223.28,2225.0,2209.38,2217.86,-0.35
2011-01-03,2238.66,2268.3,2237.79,2254.23,1.64
2011-01-04,2261.65,2263.03,2237.73,2251.46,-0.12
2011-01-05,2245.4,2271.08,2243.88,2270.4,0.84
2011-01-06,2272.33,2279.45,2268.59,2277.51,0.31
2011-01-07,2280.13,2282.87,2254.22,2276.7,-0.04
2011-01-10,2270.65,2288.64,2265.0,2284.38,0.34
2011-01-11,2294.66,2296.15,2279.48,2288.73,0.19
2011-01-12,2298.63,2304.88,2289.05,2304.88,0.71
2011-01-13,2303.6,2310.82,2298.62,2305.53,0.03
2011-01-14,2304.37,2323.43,2300.25,2323.43,0.78
2011-01-18,2300.93,2331.32,2299.37,2328.79,0.23
2011-01-19,2329.93,2331.63,2294.89,2303.32,-1.09
2011-01-20,2292.17,2295.24,2268.59,2286.08,-0.75
2011-01-21,2295.15,2301.05,2267.17,2268.32,-0.78
2011-01-24,2271.73,2300.39,2268.72,2300.39,1.41
2011-01-25,2288.5,2304.04,2283.79,2304.03,0.16
2011-01-26,2306.99,2321.22,2300.11,2314.19,0.44
2011-01-27,2322.33,2336.04,2319.23,2330.07,0.69
2011-01-28,2330.07,2330.07,2260.6,2270.51,-2.56
2011-01-31,2274.22,2287.5,2258.05,2281.91,0.5
2011-02-01,2298.37,2329.34,2296.74,2324.95,1.89
2011-02-02,2317.89,2328.8,2316.22,2321.09,-0.17
2011-02-03,2316.67,2327.24,2297.79,2323.07,0.09
2011-02-04,2324.18,2338.66,2318.27,2338.2,0.65
2011-02-07,2340.44,2360.82,2338.87,2349.2,0.47
2011-02-08,2348.53,2363.76,2344.86,2363.61,0.61
2011-02-09,2359.81,2367.19,2352.46,2360.95,-0.11
2011-02-10,2343.79,2366.28,2341.81,2364.35,0.14
2011-02-11,2357.77,2381.4,2353.28,2379.15,0.63
2011-02-14,2379.52,2388.63,2378.16,2385.6,0.27
2011-02-15,2380.16,2384.81,2371.19,2381.92,-0.15
2011-02-16,2389.51,2403.52,2387.66,2397.94,0.67
2011-02-17,2384.69,2400.89,2384.22,2397.57,-0.02
2011-02-18,2396.75,2400.47,2382.39,2392.47,-0.21
2011-02-22,2353.81,2366.43,2318.4,2322.86,-2.91
2011-02-23,2321.44,2329.13,2284.65,2300.94,-0.94
2011-02-24,2306.94,2321.2,2285.44,2313.31,0.54
2011-02-25,2326.13,2349.51,2325.71,2346.29,1.43
2011-02-28,2354.87,2362.79,2338.21,2350.99,0.2
2011-03-01,2359.78,2359.98,2308.05,2315.26,-1.52
2011-03-02,2314.28,2340.8,2311.99,2326.77,0.5
2011-03-03,2350.52,2375.67,2350.18,2371.76,1.93
2011-03-04,2370.34,2371.23,2344.62,2359.96,-0.5
2011-03-07,2367.92,2370.91,2307.39,2328.07,-1.35
2011-03-08,2325.13,2347.51,2310.96,2337.55,0.41
2011-03-09,2328.8,2330.68,2309.28,2322.69,-0.64
2011-03-10,2295.09,2300.53,2276.12,2284.29,-1.65
2011-03-11,2275.29,2305.97,2275.07,2299.26,0.66
2011-03-14,2286.77,2302.92,2274.08,2290.72,-0.37
2011-03-15,2218.3,2271.58,2217.43,2259.62,-1.36
2011-03-16,2240.83,2252.13,2188.92,2202.97,-2.51
2011-03-17,2238.85,2247.93,2223.13,2225.24,1.01
2011-03-18,2249.18,2249.39,2217.95,2221.07,-0.19
2011-03-21,2250.89,2273.11,2249.46,2262.7,1.87
2011-03-22,2264.07,2266.09,2253.08,2257.96,-0.21
2011-03-23,2251.49,2276.62,2234.94,2270.5,0.56
2011-03-24,2287.01,2315.56,2275.65,2312.09,1.83
2011-03-25,2319.07,2331.63,2314.02,2316.36,0.18
2011-03-28,2325.13,2326.12,2303.06,2303.1,-0.57
2011-03-29,2299.27,2325.54,2291.78,2325.54,0.97
2011-03-30,2338.41,2340.39,2326.79,2336.52,0.47
2011-03-31,2332.74,2342.24,2329.62,2338.99,0.11
2011-04-01,2352.47,2359.16,2334.95,2342.92,0.17
2011-04-04,2347.71,2350.34,2324.02,2334.54,-0.36
2011-04-05,2330.12,2342.34,2323.41,2327.87,-0.29
2011-04-06,2343.37,2352.25,2320.32,2332.34,0.19
2011-04-07,2331.74,2346.86,2315.83,2332.88,0.02
2011-04-08,2342.74,2345.41,2313.33,2321.18,-0.5
2011-04-11,2330.26,2333.98,2305.53,2314.5,-0.29
2011-04-12,2302.89,2308.2,2288.68,2298.3,-0.7
2011-04-13,2312.8,2322.6,2298.82,2316.63,0.8
2011-04-14,2301.27,2315.22,2291.79,2311.25,-0.23
2011-04-15,2304.46,2316.82,2293.53,2307.58,-0.16
2011-04-18,2281.92,2293.08,2254.88,2292.34,-0.66
2011-04-19,2297.0,2306.77,2286.59,2306.77,0.63
2011-04-20,2344.21,2360.69,2344.21,2357.76,2.21
2011-04-21,2381.2,2381.2,2370.28,2377.3,0.83
2011-04-25,2377.91,2385.03,2375.12,2383.72,0.27
2011-04-26,2389.24,2405.23,2384.8,2396.03,0.52
2011-04-27,2402.45,2415.85,2390.46,2413.59,0.73
2011-04-28,2404.96,2411.98,2398.93,2409.9,-0.15
2011-04-29,2405.05,2415.56,2403.25,2404.08,-0.24
2011-05-02,2410.24,2417.83,2397.48,2404.24,0.01
2011-05-03,2401.8,2404.12,2377.33,2392.8,-0.48
2011-05-04,2392.16,2398.46,2367.68,2387.51,-0.22
2011-05-05,2376.46,2402.05,2366.73,2375.21,-0.52
2011-05-06,2395.92,2411.63,2376.15,2383.18,0.34
2011-05-09,2384.2,2399.68,2376.96,2390.97,0.33
2011-05-10,2397.2,2414.58,2394.84,2411.35,0.85
2011-05-11,2408.15,2415.9,2377.43,2393.08,-0.76
2011-05-12,2384.14,2410.45,2372.19,2407.89,0.62
2011-05-13,2403.06,2406.01,2378.76,2379.24,-1.19
2011-05-16,2368.47,2375.36,2332.84,2337.85,-1.74
2011-05-17,2325.86,2343.73,2320.33,2343.51,0.24
2011-05-18,2340.69,2366.4,2337.48,2362.95,0.83
2011-05-19,2369.06,2374.22,2355.4,2369.67,0.28
2011-05-20,2365.49,2368.99,2348.73,2351.43,-0.77
2011-05-23,2318.16,2325.86,2306.43,2316.78,-1.47
2011-05-24,2321.59,2322.63,2302.36,2303.55,-0.57
2011-05-25,2299.49,2321.51,2298.72,2310.95,0.32
2011-05-26,2306.44,2332.02,2306.11,2325.93,0.65
2011-05-27,2328.65,2339.1,2327.32,2336.09,0.44
2011-05-31,2359.05,2372.54,2347.23,2372.54,1.56
2011-06-01,2368.29,2373.82,2321.0,2322.48,-2.11
2011-06-02,2325.56,2335.66,2314.69,2326.7,0.18
2011-06-03,2301.4,2317.93,2289.41,2292.31,-1.48
2011-06-06,2288.61,2299.4,2273.24,2274.48,-0.78
2011-06-07,2279.55,2288.76,2268.06,2268.96,-0.24
2011-06-08,2264.4,2268.0,2246.62,2252.89,-0.71
2011-06-09,2253.23,2267.76,2246.49,2256.65,0.17
2011-06-10,2249.4,2250.89,2220.83,2221.09,-1.58
2011-06-13,2225.21,2234.22,2214.37,2222.28,0.05
2011-06-14,2240.39,2256.46,2240.39,2250.34,1.26
2011-06-15,2229.81,2243.22,2204.15,2209.01,-1.84
2011-06-16,2209.75,2216.74,2180.94,2199.93,-0.41
2011-06-17,2220.04,2222.51,2186.78,2192.96,-0.32
2011-06-20,2187.21,2210.64,2186.77,2204.36,0.52
2011-06-21,2210.97,2253.27,2203.71,2251.82,2.15
2011-06-22,2243.21,2254.64,2234.83,2235.75,-0.71
2011-06-23,2210.49,2256.7,2204.47,2255.05,0.86
2011-06-24,2245.49,2246.96,2213.1,2217.06,-1.68
2011-06-27,2217.63,2263.21,2215.14,2252.24,1.59
2011-06-28,2256.52,2286.92,2254.94,2285.75,1.49
2011-06-29,2290.5,2299.32,2278.85,2294.43,0.38
2011-06-30,2303.0,2327.36,2302.67,2325.07,1.34
2011-07-01,2326.16,2363.36,2320.57,2361.39,1.56
2011-07-05,2363.08,2374.41,2357.31,2371.21,0.42
2011-07-06,2368.75,2383.77,2361.47,2378.58,0.31
2011-07-07,2396.64,2418.99,2394.55,2412.89,1.44
2011-07-08,2390.16,2405.92,2379.14,2405.89,-0.29
2011-07-11,2380.56,2392.09,2354.12,2362.0,-1.82
2011-07-12,2362.19,2366.35,2342.13,2343.79,-0.77
2011-07-13,2360.43,2377.34,2345.8,2352.43,0.37
2011-07-14,2358.89,2370.72,2318.2,2325.06,-1.16
2011-07-15,2351.81,2357.36,2336.13,2356.67,1.36
2011-07-18,2346.53,2354.56,2322.62,2344.01,-0.54
2011-07-19,2367.81,2400.58,2367.81,2398.17,2.31
2011-07-20,2411.71,2412.39,2384.5,2387.8,-0.43
2011-07-21,2389.56,2417.13,2377.82,2404.24,0.69
2011-07-22,2403.2,2432.84,2402.06,2429.5,1.05
2011-07-25,2408.65,2437.42,2406.17,2424.15,-0.22
2011-07-26,2423.16,2438.44,2418.52,2429.45,0.22
2011-07-27,2414.36,2416.22,2362.12,2367.16,-2.56
2011-07-28,2367.44,2401.25,2359.87,2371.77,0.19
2011-07-29,2349.3,2388.24,2341.82,2362.81,-0.38
2011-08-01,2391.42,2396.5,2325.17,2354.05,-0.37
2011-08-02,2340.73,2352.48,2291.37,2292.85,-2.6
2011-08-03,2294.94,2316.73,2254.91,2312.78,0.87
2011-08-04,2275.3,2284.3,2207.05,2207.2,-4.57
2011-08-05,2227.49,2240.68,2131.52,2194.38,-0.58
2011-08-08,2127.87,2162.78,2060.29,2060.29,-6.11
2011-08-09,2095.99,2161.75,2034.92,2160.79,4.88
2011-08-10,2110.14,2142.31,2070.24,2073.09,-4.06
2011-08-11,2108.92,2187.48,2091.91,2167.07,4.53
2011-08-12,2176.54,2195.25,2154.86,2182.05,0.69
2011-08-15,2189.49,2214.12,2180.86,2214.12,1.47
2011-08-16,2190.14,2211.9,2165.04,2194.27,-0.9
2011-08-17,2193.3,2214.26,2158.95,2181.62,-0.58
2011-08-18,2116.79,2118.61,2055.18,2073.03,-4.98
2011-08-19,2053.01,2102.88,2035.3,2038.22,-1.68
2011-08-22,2084.27,2084.83,2038.14,2044.73,0.32
2011-08-23,2059.03,2129.27,2050.19,2129.27,4.13
2011-08-24,2121.52,2148.22,2105.31,2145.04,0.74
2011-08-25,2141.86,2153.71,2102.5,2108.21,-1.72
2011-08-26,2101.91,2169.41,2082.04,2161.97,2.55
2011-08-29,2188.67,2224.5,2187.72,2223.96,2.87
2011-08-30,2212.07,2250.1,2202.45,2237.69,0.62
2011-08-31,2248.19,2268.07,2222.48,2241.01,0.15
2011-09-01,2245.01,2263.94,2217.02,2219.05,-0.98
2011-09-02,2178.11,2189.76,2156.99,2167.83,-2.31
2011-09-06,2116.48,2171.39,2112.84,2167.6,-0.01
2011-09-07,2198.61,2223.8,2193.83,2223.75,2.59
2011-09-08,2212.71,2244.51,2206.79,2214.29,-0.43
2011-09-09,2197.72,2206.49,2151.35,2163.66,-2.29
2011-09-12,2145.78,2192.28,2139.58,2191.84,1.3
2011-09-13,2197.66,2225.4,2189.83,2220.58,1.31
2011-09-14,2233.66,2277.92,2210.63,2252.75,1.45
2011-09-15,2273.22,2289.69,2254.47,2286.56,1.5
2011-09-16,2284.28,2308.96,2283.43,2306.09,0.85
2011-09-19,2277.64,2319.73,2260.24,2308.76,0.12
2011-09-20,2318.55,2337.7,2293.06,2295.89,-0.56
2011-09-21,2308.41,2321.22,2257.55,2258.3,-1.64
2011-09-22,2196.63,2219.72,2151.48,2184.59,-3.26
2011-09-23,2165.75,2216.75,2165.62,2206.86,1.02
2011-09-26,2216.66,2237.13,2170.14,2234.28,1.24
2011-09-27,2270.69,2290.71,2241.75,2253.55,0.86
2011-09-28,2266.29,2281.09,2218.77,2220.84,-1.45
2011-09-29,2255.55,2258.96,2160.2,2197.68,-1.04
2011-09-30,2167.24,2185.61,2139.17,2139.18,-2.66
2011-10-03,2128.02,2153.95,2084.3,2085.04,-2.53
2011-10-04,2064.01,2131.31,2042.9,2129.21,2.12
2011-10-05,2121.03,2187.56,2106.62,2182.77,2.52
2011-10-06,2181.58,2218.3,2169.57,2217.99,1.61
2011-10-07,2217.51,2227.38,2190.26,2202.76,-0.69
2011-10-10,2241.17,2278.74,2237.48,2278.65,3.45
2011-10-11,2272.64,2300.7,2269.54,2294.92,0.71
2011-10-12,2316.76,2331.91,2305.31,2307.18,0.53
2011-10-13,2300.86,2330.64,2299.73,2326.88,0.85
2011-10-14,2360.0,2371.94,2344.74,2371.94,1.94
2011-10-17,2359.53,2367.21,2322.53,2334.38,-1.58
2011-10-18,2331.98,2375.26,2309.88,2364.87,1.31
2011-10-19,2348.52,2357.55,2310.65,2316.81,-2.03
2011-10-20,2317.34,2317.34,2274.49,2306.29,-0.45
2011-10-21,2332.21,2349.79,2314.77,2335.93,1.29
2011-10-24,2341.71,2389.91,2341.15,2384.42,2.08
2011-10-25,2375.49,2375.53,2332.18,2335.87,-2.04
2011-10-26,2349.85,2355.02,2291.78,2334.79,-0.05
2011-10-27,2390.69,2412.52,2365.91,2399.83,2.79
2011-10-28,2386.02,2404.8,2384.97,2401.29,0.06
2011-10-31,2376.99,2389.29,2359.85,2360.08,-1.72
2011-11-01,2301.11,2321.36,2287.74,2298.37,-2.61
2011-11-02,2321.9,2329.06,2298.71,2318.32,0.87
2011-11-03,2340.14,2369.77,2311.2,2367.71,2.13
2011-11-04,2353.51,2364.37,2331.46,2356.32,-0.48
2011-11-07,2353.82,2372.72,2329.68,2371.04,0.62
2011-11-08,2386.19,2402.51,2362.23,2400.01,1.22
2011-11-09,2346.74,2354.9,2307.78,2314.1,-3.58
2011-11-10,2338.6,2338.91,2290.53,2312.07,-0.09
2011-11-11,2336.44,2363.12,2330.63,2355.78,1.89
2011-11-14,2350.91,2362.46,2333.55,2341.32,-0.61
2011-11-15,2334.24,2375.1,2331.75,2366.24,1.06
2011-11-16,2345.27,2365.13,2322.05,2324.37,-1.77
2011-11-17,2320.64,2320.81,2257.92,2272.09,-2.25
2011-11-18,2273.64,2274.62,2250.94,2253.95,-0.8
2011-11-21,2219.88,2225.54,2188.14,2211.14,-1.9
2011-11-22,2205.31,2224.04,2191.87,2216.33,0.23
2011-11-23,2199.46,2203.14,2166.54,2166.54,-2.25
2011-11-25,2159.94,2182.28,2150.71,2150.88,-0.72
2011-11-28,2207.68,2227.81,2206.69,2224.22,3.41
2011-11-29,2225.12,2240.63,2205.77,2211.39,-0.58
2011-11-30,2270.28,2295.35,2264.72,2295.2,3.79
2011-12-01,2294.27,2314.9,2292.26,2309.2,0.61
2011-12-02,2327.87,2331.12,2301.25,2302.04,-0.31
2011-12-05,2336.55,2343.1,2315.18,2326.95,1.08
2011-12-06,2327.65,2335.79,2313.99,2321.49,-0.23
2011-12-07,2312.55,2331.73,2292.15,2320.54,-0.04
2011-12-08,2309.53,2324.04,2278.42,2282.59,-1.64
2011-12-09,2287.27,2325.64,2287.27,2318.68,1.58
2011-12-12,2295.43,2295.53,2274.15,2292.24,-1.14
2011-12-13,2308.29,2316.9,2258.71,2268.37,-1.04
2011-12-14,2259.84,2260.52,2219.68,2233.03,-1.56
2011-12-15,2253.14,2253.21,2223.52,2226.71,-0.28
2011-12-16,2238.59,2267.55,2234.3,2238.18,0.52
2011-12-19,2244.37,2250.27,2209.57,2215.27,-1.02
2011-12-20,2253.19,2283.45,2252.57,2281.94,3.01
2011-12-21,2265.9,2267.01,2222.68,2249.03,-1.44
2011-12-22,2254.68,2268.59,2251.31,2266.77,0.79
2011-12-23,2274.35,2287.96,2268.24,2287.57,0.92
2011-12-27,2284.29,2301.3,2281.86,2293.12,0.24
2011-12-28,2294.97,2295.17,2262.22,2267.08,-1.14
2011-12-29,2272.56,2285.72,2264.89,2285.07,0.79
2011-12-30,2281.91,2289.12,2277.77,2277.83,-0.32
2012-01-03,2323.16,2332.24,2315.28,2321.96,1.94
2012-01-04,2316.53,2333.29,2307.56,2329.71,0.33
2012-01-05,2326.58,2351.45,2317.52,2348.98,0.83
2012-01-06,2350.68,2362.58,2341.64,2356.17,0.31
2012-01-09,2362.53,2363.48,2342.34,2350.65,-0.23
2012-01-10,2374.26,2381.43,2360.98,2367.38,0.71
2012-01-11,2363.69,2376.58,2357.53,2372.25,0.21
2012-01-12,2377.34,2384.26,2359.92,2381.99,0.41
2012-01-13,2371.42,2373.5,2352.76,2371.98,-0.42
2012-01-17,2396.14,2404.08,2385.79,2393.24,0.9
2012-01-18,2396.63,2425.96,2395.43,2425.96,1.37
2012-01-19,2435.14,2445.59,2433.03,2441.7,0.65
2012-01-20,2428.66,2438.25,2428.35,2437.02,-0.19
2012-01-23,2437.06,2455.22,2424.29,2437.22,0.01
2012-01-24,2426.86,2440.2,2423.24,2433.96,-0.13
2012-01-25,2456.55,2470.58,2440.57,2465.66,1.3
2012-01-26,2474.05,2479.31,2444.83,2454.63,-0.45
2012-01-27,2450.38,2467.46,2449.83,2461.77,0.29
2012-01-30,2438.52,2468.57,2433.63,2465.32,0.14
2012-01-31,2476.65,2481.51,2453.05,2467.95,0.11
2012-02-01,2481.62,2497.31,2474.29,2488.18,0.82
2012-02-02,2495.08,2504.16,2487.15,2495.83,0.31
2012-02-03,2518.86,2532.26,2514.99,2529.17,1.34
2012-02-06,2519.33,2528.3,2513.51,2528.3,-0.03
2012-02-07,2522.79,2537.64,2514.9,2532.06,0.15
2012-02-08,2533.48,2545.84,2523.88,2545.72,0.54
2012-02-09,2553.63,2567.28,2541.2,2563.93,0.72
2012-02-10,2543.86,2553.1,2537.99,2547.32,-0.65
2012-02-13,2564.93,2572.64,2554.29,2569.49,0.87
2012-02-14,2561.6,2575.24,2553.95,2575.24,0.22
2012-02-15,2584.95,2600.96,2552.56,2556.01,-0.75
2012-02-16,2555.55,2594.71,2551.35,2592.29,1.42
2012-02-17,2587.22,2593.56,2572.82,2584.24,-0.31
2012-02-21,2589.21,2601.74,2574.32,2590.24,0.23
2012-02-22,2586.32,2593.05,2575.31,2579.78,-0.4
2012-02-23,2578.91,2598.1,2570.07,2594.93,0.59
2012-02-24,2602.66,2609.45,2598.67,2604.21,0.36
2012-02-27,2589.44,2616.86,2579.63,2606.76,0.1
2012-02-28,2610.04,2634.23,2607.5,2633.46,1.02
2012-02-29,2638.97,2645.2,2614.48,2623.1,-0.39
2012-03-01,2634.2,2645.91,2625.42,2643.54,0.78
2012-03-02,2640.43,2650.0,2633.28,2641.58,-0.07
2012-03-05,2636.6,2642.75,2605.59,2614.92,-1.01
2012-03-06,2586.31,2593.64,2575.13,2588.95,-0.99
2012-03-07,2599.85,2614.23,2597.23,2607.85,0.73
2012-03-08,2623.45,2643.89,2618.47,2637.18,1.12
2012-03-09,2641.15,2651.98,2639.6,2646.85,0.37
2012-03-12,2646.98,2651.64,2635.76,2646.85,0.0
2012-03-13,2665.3,2697.64,2658.09,2697.43,1.91
2012-03-14,2701.08,2717.86,2690.4,2708.41,0.41
2012-03-15,2716.19,2720.49,2701.65,2714.79,0.24
2012-03-16,2715.71,2719.61,2706.96,2712.78,-0.07
2012-03-19,2716.98,2738.22,2710.63,2733.26,0.75
2012-03-20,2719.4,2740.35,2711.1,2737.63,0.16
2012-03-21,2739.4,2752.46,2733.91,2736.88,-0.03
2012-03-22,2720.66,2737.83,2719.74,2731.5,-0.2
2012-03-23,2734.68,2734.68,2714.6,2728.55,-0.11
2012-03-26,2746.98,2778.02,2746.43,2778.02,1.81
2012-03-27,2779.67,2793.44,2778.91,2782.12,0.15
2012-03-28,2785.98,2794.0,2754.97,2770.97,-0.4
2012-03-29,2756.44,2769.83,2741.32,2762.05,-0.32
2012-03-30,2773.93,2774.52,2744.47,2755.27,-0.25
2012-04-02,2752.25,2787.25,2747.54,2784.42,1.06
2012-04-03,2786.14,2795.35,2767.05,2782.78,-0.06
2012-04-04,2759.33,2762.73,2729.21,2745.0,-1.36
2012-04-05,2740.7,2764.21,2739.1,2762.5,0.64
2012-04-09,2726.08,2751.44,2722.77,2739.98,-0.82
2012-04-10,2738.44,2749.51,2688.21,2695.12,-1.64
2012-04-11,2719.48,2726.94,2702.97,2708.13,0.48
2012-04-12,2715.04,2743.41,2711.04,2740.26,1.19
2012-04-13,2730.74,2731.35,2698.11,2698.99,-1.51
2012-04-16,2713.89,2713.89,2660.96,2670.1,-1.07
2012-04-17,2678.58,2731.38,2675.14,2723.58,2.0
2012-04-18,2714.66,2732.03,2707.91,2716.14,-0.27
2012-04-19,2707.89,2738.59,2676.09,2686.82,-1.08
2012-04-20,2699.55,2712.01,2674.66,2676.04,-0.4
2012-04-23,2651.13,2657.36,2629.7,2653.5,-0.84
2012-04-24,2647.91,2659.52,2628.96,2638.73,-0.56
2012-04-25,2694.86,2710.87,2691.12,2709.62,2.69
2012-04-26,2709.88,2731.73,2705.91,2725.23,0.58
2012-04-27,2737.57,2750.5,2723.16,2741.34,0.59
2012-04-30,2731.26,2737.54,2720.44,2723.68,-0.64
2012-05-01,2719.25,2756.81,2715.75,2726.92,0.12
2012-05-02,2713.18,2736.3,2707.63,2734.77,0.29
2012-05-03,2737.04,2737.14,2697.78,2704.59,-1.1
2012-05-04,2682.37,2683.25,2637.73,2637.92,-2.47
2012-05-07,2622.67,2651.74,2620.96,2639.28,0.05
2012-05-08,2624.35,2638.3,2587.53,2629.87,-0.36
2012-05-09,2600.19,2635.71,2588.97,2621.35,-0.32
2012-05-10,2631.97,2631.97,2606.79,2616.24,-0.19
2012-05-11,2606.01,2643.22,2604.99,2615.98,-0.01
2012-05-14,2593.75,2611.37,2587.78,2590.28,-0.98
2012-05-15,2589.96,2617.23,2576.77,2580.75,-0.37
2012-05-16,2589.91,2597.16,2558.69,2561.56,-0.74
2012-05-17,2562.13,2567.55,2509.05,2509.05,-2.05
2012-05-18,2509.9,2523.15,2474.7,2478.53,-1.22
2012-05-21,2482.31,2547.69,2478.36,2545.43,2.7
2012-05-22,2553.58,2562.48,2524.11,2539.2,-0.24
2012-05-23,2534.66,2553.19,2499.3,2547.08,0.31
2012-05-24,2553.12,2554.2,2512.35,2531.35,-0.62
2012-05-25,2532.32,2537.56,2520.17,2527.05,-0.17
2012-05-29,2542.66,2570.79,2536.62,2558.97,1.26
2012-05-30,2538.58,2546.01,2522.45,2537.4,-0.84
2012-05-31,2535.87,2540.4,2507.58,2524.87,-0.49
2012-06-01,2510.82,2510.82,2458.73,2458.83,-2.62
2012-06-04,2458.97,2480.97,2443.92,2478.13,0.78
2012-06-05,2467.81,2492.53,2467.66,2487.5,0.38
2012-06-06,2504.08,2546.32,2504.08,2546.32,2.36
2012-06-07,2569.24,2570.48,2531.95,2535.41,-0.43
2012-06-08,2529.42,2561.57,2522.39,2559.21,0.94
2012-06-11,2578.73,2579.23,2513.67,2517.18,-1.64
2012-06-12,2523.01,2546.83,2510.75,2546.2,1.15
2012-06-13,2541.72,2557.31,2519.69,2527.44,-0.74
2012-06-14,2529.28,2547.31,2515.17,2539.97,0.5
2012-06-15,2543.85,2572.84,2542.51,2571.23,1.23
2012-06-18,2570.98,2599.52,2554.83,2592.52,0.83
2012-06-19,2606.43,2630.86,2605.16,2620.83,1.09
2012-06-20,2625.0,2633.21,2603.32,2623.33,0.1
2012-06-21,2619.98,2622.76,2554.65,2556.96,-2.53
2012-06-22,2562.28,2587.0,2559.26,2585.53,1.12
2012-06-25,2562.98,2563.09,2527.01,2533.54,-2.01
2012-06-26,2541.21,2556.92,2531.6,2549.84,0.64
2012-06-27,2558.67,2576.09,2557.09,2565.53,0.62
2012-06-28,2565.53,2565.53,2510.37,2536.65,-1.13
2012-06-29,2566.84,2615.82,2566.84,2615.72,3.12
2012-07-02,2616.52,2625.26,2604.9,2625.03,0.36
2012-07-03,2623.46,2645.84,2621.77,2645.84,0.79
2012-07-05,2643.63,2660.26,2629.91,2647.47,0.06
2012-07-06,2635.65,2636.96,2596.1,2612.29,-1.33
2012-07-09,2610.38,2620.22,2597.27,2610.31,-0.08
2012-07-10,2620.33,2630.03,2574.26,2585.52,-0.95
2012-07-11,2580.07,2587.02,2549.05,2570.99,-0.56
2012-07-12,2561.68,2561.68,2522.89,2545.3,-1.0
2012-07-13,2545.98,2589.93,2545.98,2584.97,1.56
2012-07-16,2579.96,2589.57,2567.45,2577.05,-0.31
2012-07-17,2591.78,2598.47,2554.34,2591.65,0.57
2012-07-18,2586.86,2633.02,2585.48,2625.87,1.32
2012-07-19,2645.34,2663.12,2639.41,2655.81,1.14
2012-07-20,2654.6,2654.6,2618.04,2618.04,-1.42
2012-07-23,2575.29,2596.61,2549.96,2589.93,-1.07
2012-07-24,2593.39,2596.04,2551.35,2567.46,-0.87
2012-07-25,2551.7,2566.46,2535.04,2549.2,-0.71
2012-07-26,2588.2,2598.36,2568.33,2584.85,1.4
2012-07-27,2600.03,2649.98,2594.84,2647.03,2.41
2012-07-30,2649.78,2662.62,2634.5,2642.12,-0.19
2012-07-31,2643.28,2657.27,2640.26,2642.53,0.02
2012-08-01,2660.49,2661.84,2625.08,2635.13,-0.28
2012-08-02,2616.04,2650.98,2606.54,2625.52,-0.36
2012-08-03,2664.69,2684.58,2657.5,2676.0,1.92
2012-08-06,2686.38,2705.71,2681.72,2694.09,0.68
2012-08-07,2705.97,2727.31,2701.9,2717.16,0.86
2012-08-08,2707.29,2721.02,2705.47,2714.02,-0.12
2012-08-09,2712.97,2724.43,2708.24,2719.61,0.21
2012-08-10,2710.55,2722.96,2704.91,2722.96,0.12
2012-08-13,2721.49,2728.88,2708.38,2728.68,0.21
2012-08-14,2737.85,2742.83,2721.12,2727.79,-0.03
2012-08-15,2724.71,2739.14,2724.71,2735.47,0.28
2012-08-16,2743.88,2774.22,2742.82,2768.09,1.19
2012-08-17,2775.53,2780.77,2767.04,2780.3,0.44
2012-08-20,2777.71,2784.57,2767.73,2784.33,0.14
2012-08-21,2791.74,2802.91,2762.9,2772.2,-0.44
2012-08-22,2765.1,2790.3,2759.14,2783.42,0.4
2012-08-23,2773.98,2780.71,2755.14,2762.02,-0.77
2012-08-24,2754.43,2785.34,2750.64,2778.05,0.58
2012-08-27,2792.0,2794.27,2777.36,2782.55,0.16
2012-08-28,2779.17,2790.51,2772.25,2782.69,0.01
2012-08-29,2782.98,2790.17,2771.99,2784.0,0.05
2012-08-30,2771.44,2772.62,2751.53,2753.74,-1.09
2012-08-31,2773.24,2785.08,2746.68,2772.24,0.67
2012-09-04,2766.93,2781.08,2744.29,2772.03,-0.01
2012-09-05,2769.19,2780.56,2760.66,2766.95,-0.18
2012-09-06,2785.01,2829.71,2784.81,2829.71,2.27
2012-09-07,2823.22,2829.95,2817.48,2825.11,-0.16
2012-09-10,2821.03,2823.34,2787.33,2788.35,-1.3
2012-09-11,2789.09,2799.85,2780.24,2784.89,-0.12
2012-09-12,2794.38,2798.97,2775.4,2791.68,0.24
2012-09-13,2796.72,2841.68,2792.18,2831.35,1.42
2012-09-14,2841.82,2865.37,2839.48,2855.23,0.84
2012-09-17,2857.52,2857.52,2846.17,2856.44,0.04
2012-09-18,2852.42,2859.34,2848.91,2857.38,0.03
2012-09-19,2858.54,2871.1,2850.32,2864.03,0.23
2012-09-20,2850.44,2863.67,2842.59,2861.7,-0.08
2012-09-21,2874.53,2878.38,2859.55,2861.64,0.0
2012-09-24,2836.35,2849.61,2832.53,2843.98,-0.62
2012-09-25,2851.65,2858.68,2804.13,2804.53,-1.39
2012-09-26,2798.93,2802.28,2768.58,2781.63,-0.82
2012-09-27,2790.78,2827.0,2784.62,2821.6,1.44
2012-09-28,2812.82,2820.36,2795.54,2799.19,-0.79
2012-10-01,2811.45,2827.61,2784.54,2794.28,-0.18
2012-10-02,2807.08,2812.21,2779.01,2799.29,0.18
2012-10-03,2810.16,2822.56,2797.28,2818.84,0.7
2012-10-04,2824.89,2835.33,2814.45,2828.6,0.35
2012-10-05,2840.19,2845.97,2806.44,2811.94,-0.59
2012-10-08,2797.33,2801.85,2781.38,2786.92,-0.89
2012-10-09,2781.81,2781.81,2736.98,2741.92,-1.61
2012-10-10,2743.58,2749.42,2724.38,2728.54,-0.49
2012-10-11,2750.81,2750.81,2718.49,2719.21,-0.34
2012-10-12,2719.69,2734.4,2714.17,2720.14,0.03
2012-10-15,2729.2,2742.7,2713.22,2739.87,0.73
2012-10-16,2746.14,2781.01,2743.45,2778.38,1.41
2012-10-17,2763.7,2784.81,2760.3,2775.62,-0.1
2012-10-18,2770.05,2775.83,2734.6,2744.17,-1.13
2012-10-19,2741.58,2741.58,2675.57,2678.32,-2.4
2012-10-22,2678.89,2699.08,2671.5,2694.56,0.61
2012-10-23,2670.94,2689.48,2658.77,2666.02,-1.06
2012-10-24,2685.55,2686.51,2653.43,2655.55,-0.39
2012-10-25,2677.13,2679.81,2649.19,2657.66,0.08
2012-10-26,2657.91,2675.92,2636.83,2665.83,0.31
2012-10-31,2663.56,2665.88,2639.63,2647.92,-0.67
2012-11-01,2661.05,2690.72,2657.11,2687.52,1.5
2012-11-02,2701.91,2701.91,2654.97,2656.28,-1.16
2012-11-05,2657.73,2678.94,2651.37,2672.91,0.63
2012-11-06,2676.15,2696.46,2668.45,2681.05,0.3
2012-11-07,2647.51,2651.26,2602.29,2612.69,-2.55
2012-11-08,2620.25,2626.42,2572.43,2572.57,-1.54
2012-11-09,2574.87,2610.17,2571.86,2584.1,0.45
2012-11-12,2596.57,2600.65,2575.61,2582.77,-0.05
2012-11-13,2558.86,2586.59,2554.52,2561.86,-0.81
2012-11-14,2574.62,2577.57,2528.36,2531.87,-1.17
2012-11-15,2534.24,2542.17,2514.86,2524.36,-0.3
2012-11-16,2525.89,2541.34,2494.38,2534.16,0.39
2012-11-19,2564.23,2596.75,2562.52,2595.83,2.43
2012-11-20,2592.27,2598.47,2570.66,2594.66,-0.05
2012-11-21,2596.02,2604.51,2587.86,2600.48,0.22
2012-11-23,2617.87,2640.39,2614.24,2639.59,1.5
2012-11-26,2634.43,2652.07,2626.06,2651.67,0.46
2012-11-27,2649.94,2659.35,2637.6,2641.42,-0.39
2012-11-28,2627.57,2666.31,2613.22,2665.27,0.9
2012-11-29,2677.63,2688.95,2667.31,2680.03,0.55
2012-11-30,2680.55,2682.36,2668.17,2677.88,-0.08
2012-12-03,2697.44,2699.04,2669.83,2671.84,-0.23
2012-12-04,2671.12,2674.03,2651.46,2667.89,-0.15
2012-12-05,2660.68,2663.44,2624.51,2637.89,-1.12
2012-12-06,2631.16,2663.01,2623.62,2656.3,0.7
2012-12-07,2667.44,2671.57,2631.47,2640.54,-0.59
2012-12-10,2634.54,2661.35,2632.25,2647.57,0.27
2012-12-11,2665.98,2696.9,2664.1,2682.07,1.3
2012-12-12,2694.4,2694.43,2668.51,2674.57,-0.28
2012-12-13,2667.36,2688.44,2643.14,2654.01,-0.77
2012-12-14,2635.91,2643.97,2620.08,2628.09,-0.98
2012-12-17,2629.76,2664.72,2627.37,2664.26,1.38
2012-12-18,2675.44,2708.48,2669.83,2705.39,1.54
2012-12-19,2709.61,2713.39,2690.99,2690.99,-0.53
2012-12-20,2697.6,2698.71,2679.55,2693.55,0.1
2012-12-21,2641.96,2667.7,2639.65,2664.67,-1.07
2012-12-24,2658.65,2662.03,2653.58,2658.05,-0.25
2012-12-26,2657.41,2663.56,2627.52,2637.18,-0.79
2012-12-27,2636.35,2641.11,2599.63,2632.94,-0.16
2012-12-28,2612.19,2631.71,2604.96,2606.36,-1.01
2012-12-31,2600.92,2665.73,2598.57,2660.93,2.09
2013-01-02,2727.67,2746.5,2716.3,2746.47,3.21
2013-01-03,2742.13,2750.82,2723.67,2732.26,-0.52
2013-01-04,2730.53,2732.16,2716.04,2724.49,-0.28
2013-01-07,2713.44,2727.68,2707.11,2724.22,-0.01
2013-01-08,2724.76,2730.16,2703.75,2718.72,-0.2
2013-01-09,2724.17,2735.42,2720.05,2727.65,0.33
2013-01-10,2746.68,2749.19,2719.68,2744.18,0.61
2013-01-11,2743.57,2749.36,2738.0,2748.26,0.15
2013-01-14,2733.46,2743.35,2724.07,2735.7,-0.46
2013-01-15,2721.29,2726.27,2710.8,2722.98,-0.46
2013-01-16,2725.63,2742.33,2721.62,2734.73,0.43
2013-01-17,2746.19,2756.68,2740.07,2747.15,0.45
2013-01-18,2735.9,2743.54,2728.07,2743.24,-0.14
2013-01-22,2744.27,2747.52,2726.86,2746.19,0.11
2013-01-23,2761.98,2769.31,2756.59,2762.17,0.58
2013-01-24,2724.2,2748.36,2719.83,2723.53,-1.4
2013-01-25,2731.33,2745.09,2726.73,2736.73,0.48
2013-01-28,2737.62,2752.54,2735.21,2742.43,0.21
2013-01-29,2739.39,2749.44,2722.52,2743.58,0.04
2013-01-30,2748.63,2757.09,2732.05,2738.71,-0.18
2013-01-31,2736.13,2751.11,2730.07,2731.53,-0.26
2013-02-01,2751.19,2768.63,2740.65,2763.96,1.19
2013-02-04,2749.4,2755.65,2715.51,2715.68,-1.75
2013-02-05,2727.82,2762.86,2720.79,2754.99,1.45
2013-02-06,2745.38,2758.25,2738.47,2746.35,-0.31
2013-02-07,2746.02,2749.14,2716.36,2746.5,0.01
2013-02-08,2761.05,2780.13,2760.39,2775.56,1.06
2013-02-11,2774.44,2777.13,2766.31,2774.64,-0.03
2013-02-12,2771.16,2776.71,2761.41,2762.62,-0.43
2013-02-13,2770.7,2783.19,2765.04,2773.77,0.4
2013-02-14,2760.12,2776.49,2759.74,2771.43,-0.08
2013-02-15,2772.56,2779.07,2756.43,2764.67,-0.24
2013-02-19,2770.7,2782.86,2766.86,2782.86,0.66
2013-02-20,2781.0,2782.45,2739.27,2739.99,-1.54
2013-02-21,2730.1,2731.25,2700.32,2711.51,-1.04
2013-02-22,2726.27,2737.28,2715.47,2737.28,0.95
2013-02-25,2756.19,2763.96,2700.97,2700.97,-1.33
2013-02-26,2708.8,2718.06,2689.83,2713.02,0.45
2013-02-27,2714.45,2757.61,2710.19,2741.26,1.04
2013-02-28,2742.38,2761.28,2738.22,2738.58,-0.1
2013-03-01,2725.38,2751.22,2713.49,2747.75,0.33
2013-03-04,2738.21,2759.84,2734.92,2759.53,0.43
2013-03-05,2776.28,2803.35,2776.12,2799.25,1.44
2013-03-06,2808.11,2808.18,2788.68,2792.56,-0.24
2013-03-07,2794.69,2804.03,2790.04,2799.49,0.25
2013-03-08,2809.33,2812.73,2792.13,2804.11,0.17
2013-03-11,2798.13,2812.05,2791.39,2811.86,0.28
2013-03-12,2803.47,2809.53,2788.22,2800.81,-0.39
2013-03-13,2801.41,2807.7,2787.72,2798.68,-0.08
2013-03-14,2806.41,2812.29,2801.36,2807.3,0.31
2013-03-15,2810.04,2810.24,2792.23,2799.41,-0.28
2013-03-18,2771.53,2803.45,2767.48,2792.3,-0.25
2013-03-19,2801.1,2807.0,2763.12,2787.27,-0.18
2013-03-20,2808.93,2811.48,2794.23,2805.91,0.67
2013-03-21,2779.57,2787.85,2768.79,2774.85,-1.11
2013-03-22,2787.27,2803.96,2783.69,2800.81,0.94
2013-03-25,2810.75,2816.55,2778.78,2789.45,-0.41
2013-03-26,2803.23,2807.18,2796.39,2806.5,0.61
2013-03-27,2786.66,2811.79,2783.86,2809.98,0.12
2013-03-28,2809.49,2820.67,2804.53,2818.69,0.31
2013-04-01,2819.78,2821.48,2789.76,2797.07,-0.77
2013-04-02,2809.0,2828.64,2808.72,2820.62,0.84
2013-04-03,2821.97,2825.28,2787.27,2795.04,-0.91
2013-04-04,2794.41,2800.59,2779.34,2794.92,0.0
2013-04-05,2749.64,2774.54,2744.26,2771.75,-0.83
2013-04-08,2772.3,2786.13,2764.34,2786.13,0.52
2013-04-09,2793.86,2815.07,2780.2,2804.67,0.67
2013-04-10,2812.51,2862.32,2811.85,2859.21,1.94
2013-04-11,2850.39,2863.66,2848.03,2859.07,0.0
2013-04-12,2854.47,2857.35,2834.46,2856.48,-0.09
2013-04-15,2841.26,2849.16,2796.39,2797.47,-2.07
2013-04-16,2815.65,2839.38,2810.02,2838.41,1.46
2013-04-17,2811.33,2812.46,2765.45,2781.98,-1.99
2013-04-18,2787.97,2788.19,2730.97,2741.95,-1.44
2013-04-19,2743.4,2785.65,2743.4,2780.46,1.4
2013-04-22,2791.77,2818.73,2780.82,2810.07,1.06
2013-04-23,2824.97,2845.4,2810.76,2835.37,0.9
2013-04-24,2827.35,2844.95,2821.8,2834.12,-0.04
2013-04-25,2841.98,2860.69,2841.02,2848.66,0.51
2013-04-26,2842.21,2848.53,2828.88,2840.55,-0.28
2013-04-29,2849.54,2877.08,2849.04,2866.95,0.93
2013-04-30,2869.13,2887.87,2859.94,2887.44,0.71
2013-05-01,2885.35,2892.26,2868.76,2873.35,-0.49
2013-05-02,2877.56,2916.3,2877.26,2911.14,1.32
2013-05-03,2938.74,2952.22,2937.24,2944.59,1.15
2013-05-06,2948.9,2959.63,2947.47,2955.36,0.37
2013-05-07,2960.08,2961.76,2942.25,2952.88,-0.08
2013-05-08,2952.31,2969.66,2946.79,2968.24,0.52
2013-05-09,2960.55,2980.36,2955.7,2961.12,-0.24
2013-05-10,2967.07,2981.02,2962.69,2981.02,0.67
2013-05-13,2972.96,2989.7,2971.73,2982.09,0.04
2013-05-14,2981.89,3005.02,2981.89,2996.05,0.47
2013-05-15,2990.39,3004.52,2982.77,3002.62,0.22
2013-05-16,3005.05,3019.04,2997.47,2999.34,-0.11
2013-05-17,3017.79,3028.96,3005.25,3028.96,0.99
2013-05-20,3019.28,3032.86,3011.95,3020.97,-0.26
2013-05-21,3019.9,3036.71,3011.51,3026.45,0.18
2013-05-22,3027.45,3053.51,2984.84,2999.13,-0.9
2013-05-23,2967.93,3002.55,2966.65,2991.45,-0.26
2013-05-24,2971.36,2991.26,2965.3,2991.02,-0.01
2013-05-28,3024.38,3037.0,3002.22,3011.94,0.7
2013-05-29,2996.98,3006.9,2979.9,2994.82,-0.57
2013-05-30,2998.99,3026.36,2998.77,3011.83,0.57
2013-05-31,3001.69,3023.11,2981.76,2981.76,-1.0
2013-06-03,2984.59,2990.8,2950.87,2990.79,0.3
2013-06-04,2993.06,3007.3,2962.22,2973.69,-0.57
2013-06-05,2961.67,2975.83,2933.22,2937.14,-1.23
2013-06-06,2940.87,2950.3,2911.94,2950.3,0.45
2013-06-07,2960.9,2993.13,2955.1,2990.87,1.38
2013-06-10,2995.03,3004.67,2985.5,2990.49,-0.01
2013-06-11,2959.44,2987.85,2952.07,2959.84,-1.02
2013-06-12,2977.68,2978.76,2921.88,2926.14,-1.14
2013-06-13,2924.89,2968.98,2914.2,2962.9,1.26
2013-06-14,2958.87,2966.13,2939.68,2943.86,-0.64
2013-06-17,2967.33,2988.59,2956.92,2971.26,0.93
2013-06-18,2974.92,3001.89,2974.61,2996.09,0.84
2013-06-19,2998.09,3000.22,2959.5,2959.5,-1.22
2013-06-20,2927.63,2938.1,2882.45,2890.33,-2.34
2013-06-21,2887.07,2898.4,2853.69,2877.94,-0.43
2013-06-24,2852.65,2869.92,2825.18,2848.2,-1.03
2013-06-25,2874.66,2880.93,2851.99,2866.5,0.64
2013-06-26,2892.43,2899.58,2883.96,2893.85,0.95
2013-06-27,2909.88,2924.34,2905.3,2906.84,0.45
2013-06-28,2896.7,2927.49,2891.57,2909.6,0.09
2013-07-01,2933.48,2951.0,2924.26,2927.35,0.61
2013-07-02,2924.79,2945.93,2913.48,2929.63,0.08
2013-07-03,2918.95,2953.85,2916.27,2941.41,0.4
2013-07-05,2958.26,2963.82,2934.22,2963.22,0.74
2013-07-08,2976.61,2978.82,2955.37,2966.13,0.1
2013-07-09,2981.1,2989.93,2966.68,2984.32,0.61
2013-07-10,2981.22,3004.28,2981.09,3000.66,0.55
2013-07-11,3032.09,3060.67,3030.39,3059.46,1.96
2013-07-12,3061.89,3079.07,3054.03,3079.07,0.64
2013-07-15,3077.02,3082.25,3068.03,3079.85,0.03
2013-07-16,3083.57,3085.2,3069.17,3077.47,-0.08
2013-07-17,3084.94,3090.89,3075.96,3085.28,0.25
2013-07-18,3081.34,3091.21,3071.89,3077.82,-0.24
2013-07-19,3043.06,3049.75,3035.99,3044.93,-1.07
2013-07-22,3061.5,3061.55,3044.76,3055.23,0.34
2013-07-23,3059.15,3059.37,3029.07,3031.4,-0.78
2013-07-24,3060.48,3060.63,3034.62,3041.16,0.32
2013-07-25,3054.17,3063.76,3040.25,3061.67,0.67
2013-07-26,3046.12,3076.23,3044.38,3076.23,0.48
2013-07-29,3067.48,3083.34,3062.91,3068.95,-0.24
2013-07-30,3080.2,3099.38,3076.39,3085.33,0.53
2013-07-31,3094.82,3110.01,3087.47,3090.19,0.16
2013-08-01,3113.22,3128.67,3111.28,3126.3,1.17
2013-08-02,3125.49,3143.52,3118.04,3143.52,0.55
2013-08-05,3136.77,3145.25,3133.52,3143.19,-0.01
2013-08-06,3136.15,3141.05,3111.5,3122.2,-0.67
2013-08-07,3117.13,3123.92,3096.41,3118.69,-0.11
2013-08-08,3134.06,3137.66,3111.36,3130.13,0.37
2013-08-09,3124.74,3136.7,3109.86,3118.57,-0.37
2013-08-12,3107.06,3130.61,3106.25,3125.93,0.24
2013-08-13,3130.08,3149.24,3106.27,3141.06,0.48
2013-08-14,3141.97,3144.43,3125.41,3129.45,-0.37
2013-08-15,3089.34,3092.27,3068.07,3076.23,-1.7
2013-08-16,3076.83,3090.69,3070.43,3073.91,-0.08
2013-08-19,3074.38,3101.02,3069.47,3069.76,-0.14
2013-08-20,3077.15,3096.42,3073.05,3082.17,0.4
2013-08-21,3073.24,3098.62,3061.42,3071.47,-0.35
2013-08-22,3085.61,3103.64,3085.42,3101.82,0.99
2013-08-23,3126.25,3127.05,3112.87,3124.27,0.72
2013-08-26,3127.01,3147.87,3118.52,3122.67,-0.05
2013-08-27,3086.17,3102.27,3053.26,3059.58,-2.02
2013-08-28,3060.96,3085.68,3060.54,3072.17,0.41
2013-08-29,3065.87,3109.07,3065.87,3093.36,0.69
2013-08-30,3095.17,3095.44,3063.07,3073.81,-0.63
2013-09-03,3097.65,3112.42,3077.13,3091.76,0.58
2013-09-04,3100.28,3128.8,3092.96,3124.54,1.06
2013-09-05,3127.07,3138.06,3125.38,3129.94,0.17
2013-09-06,3140.98,3148.99,3098.02,3133.38,0.11
2013-09-09,3146.02,3174.87,3146.02,3169.93,1.17
2013-09-10,3186.53,3189.24,3173.11,3185.07,0.48
2013-09-11,3163.77,3180.37,3159.31,3179.86,-0.16
2013-09-12,3179.6,3186.3,3170.14,3175.57,-0.13
2013-09-13,3180.45,3182.11,3161.65,3178.28,0.09
2013-09-16,3203.19,3204.59,3163.13,3168.69,-0.3
2013-09-17,3177.78,3195.15,3176.58,3190.83,0.7
2013-09-18,3198.45,3235.72,3190.01,3231.31,1.27
2013-09-19,3240.93,3245.12,3231.68,3237.61,0.19
2013-09-20,3244.43,3248.52,3224.73,3224.73,-0.4
2013-09-23,3242.32,3243.43,3205.5,3219.34,-0.17
2013-09-24,3226.23,3236.84,3209.39,3218.66,-0.02
2013-09-25,3221.2,3226.62,3202.75,3208.55,-0.31
2013-09-26,3222.98,3240.99,3221.17,3234.04,0.79
2013-09-27,3217.44,3235.29,3210.8,3230.3,-0.12
2013-09-30,3190.4,3229.45,3186.86,3218.2,-0.37
2013-10-01,3220.92,3254.33,3220.92,3253.05,1.08
2013-10-02,3231.57,3256.71,3228.44,3253.26,0.01
2013-10-03,3247.85,3254.91,3197.37,3213.83,-1.21
2013-10-04,3214.05,3246.16,3212.01,3242.57,0.89
2013-10-07,3215.77,3240.11,3213.01,3215.69,-0.83
2013-10-08,3217.15,3217.15,3152.26,3153.87,-1.92
2013-10-09,3161.35,3161.76,3117.69,3142.54,-0.36
2013-10-10,3179.27,3216.03,3178.67,3210.84,2.17
2013-10-11,3203.49,3237.01,3201.93,3233.83,0.72
2013-10-14,3213.38,3257.19,3212.05,3256.02,0.69
2013-10-15,3253.96,3269.97,3241.35,3244.66,-0.35
2013-10-16,3261.48,3283.18,3258.8,3281.67,1.14
2013-10-17,3265.91,3301.6,3264.23,3301.28,0.6
2013-10-18,3330.61,3355.63,3321.78,3353.88,1.59
2013-10-21,3361.76,3369.74,3351.05,3361.18,0.22
2013-10-22,3374.17,3384.35,3344.18,3366.93,0.17
2013-10-23,3348.6,3355.47,3330.2,3346.05,-0.62
2013-10-24,3347.97,3367.39,3344.06,3362.38,0.49
2013-10-25,3394.16,3400.04,3368.59,3383.83,0.64
2013-10-28,3382.18,3390.47,3370.4,3382.68,-0.03
2013-10-29,3397.88,3399.09,3375.57,3391.75,0.27
2013-10-30,3402.49,3408.28,3372.23,3385.38,-0.19
2013-10-31,3378.51,3400.4,3367.76,3377.73,-0.23
2013-11-01,3392.32,3394.91,3364.65,3379.76,0.06
2013-11-04,3388.7,3390.18,3374.38,3384.75,0.15
2013-11-05,3372.95,3395.93,3361.91,3388.82,0.12
2013-11-06,3396.48,3401.27,3374.28,3385.38,-0.1
2013-11-07,3386.36,3389.21,3318.4,3321.41,-1.89
2013-11-08,3333.92,3366.84,3324.7,3366.84,1.37
2013-11-11,3359.83,3369.89,3350.74,3362.98,-0.11
2013-11-12,3351.25,3370.36,3348.85,3365.23,0.07
2013-11-13,3346.45,3405.6,3346.41,3405.56,1.2
2013-11-14,3393.25,3418.57,3390.38,3415.14,0.28
2013-11-15,3419.77,3422.58,3409.01,3422.58,0.22
2013-11-18,3423.47,3429.2,3383.45,3388.87,-0.98
2013-11-19,3385.82,3400.64,3371.6,3378.13,-0.32
2013-11-20,3386.06,3397.69,3359.31,3367.17,-0.32
2013-11-21,3382.5,3404.95,3380.65,3402.74,1.06
2013-11-22,3409.52,3422.13,3406.4,3422.02,0.57
2013-11-25,3433.92,3437.49,3420.36,3427.49,0.16
2013-11-26,3429.64,3455.54,3422.47,3445.76,0.53
2013-11-27,3454.81,3471.65,3451.97,3470.48,0.72
2013-11-29,3481.31,3495.97,3481.31,3487.82,0.5
2013-12-02,3496.19,3501.07,3476.68,3481.15,-0.19
2013-12-03,3478.99,3487.02,3465.35,3479.34,-0.05
2013-12-04,3463.72,3493.1,3453.22,3483.01,0.11
2013-12-05,3484.27,3489.08,3468.84,3477.73,-0.15
2013-12-06,3511.06,3511.1,3485.74,3504.26,0.76
2013-12-09,3515.67,3524.01,3511.28,3516.17,0.34
2013-12-10,3510.71,3520.73,3507.42,3514.2,-0.06
2013-12-11,3514.24,3519.22,3464.4,3468.99,-1.29
2013-12-12,3471.9,3478.95,3457.96,3460.29,-0.25
2013-12-13,3476.88,3477.83,3449.74,3456.4,-0.11
2013-12-16,3470.43,3494.41,3470.11,3475.79,0.56
2013-12-17,3474.73,3482.34,3461.07,3469.32,-0.19
2013-12-18,3468.15,3510.52,3422.86,3509.63,1.16
2013-12-19,3499.81,3502.23,3483.03,3498.63,-0.31
2013-12-20,3502.46,3540.97,3502.29,3531.19,0.93
2013-12-23,3563.19,3570.28,3552.3,3569.4,1.08
2013-12-24,3570.52,3574.51,3564.59,3572.8,0.1
2013-12-26,3579.62,3586.72,3572.1,3584.58,0.33
2013-12-27,3589.12,3591.31,3571.05,3574.02,-0.29
2013-12-30,3570.86,3574.2,3559.37,3570.08,-0.11
2013-12-31,3576.24,3592.0,3575.25,3592.0,0.61
2014-01-02,3575.6,3577.03,3553.65,3563.57,-0.79
2014-01-03,3564.94,3567.51,3537.61,3538.73,-0.7
2014-01-06,3539.02,3542.52,3512.45,3526.96,-0.33
2014-01-07,3539.29,3562.99,3535.5,3557.85,0.88
2014-01-08,3558.3,3575.15,3551.12,3567.54,0.27
2014-01-09,3576.33,3579.4,3541.81,3552.58,-0.42
2014-01-10,3565.68,3568.47,3536.45,3565.08,0.35
2014-01-13,3559.39,3572.4,3499.37,3512.8,-1.47
2014-01-14,3526.2,3581.6,3525.47,3580.65,1.93
2014-01-15,3593.81,3615.7,3592.62,3609.84,0.82
2014-01-16,3605.43,3614.66,3599.87,3611.29,0.04
2014-01-17,3597.41,3608.72,3580.39,3591.25,-0.55
2014-01-21,3611.63,3617.7,3586.05,3617.7,0.74
2014-01-22,3623.31,3634.65,3615.48,3627.72,0.28
2014-01-23,3612.53,3613.88,3588.83,3613.76,-0.38
2014-01-24,3596.93,3601.0,3541.38,3541.48,-2.0
2014-01-27,3543.5,3548.48,3482.89,3509.02,-0.92
2014-01-28,3484.39,3509.8,3483.71,3505.72,-0.09
2014-01-29,3472.42,3500.82,3461.64,3467.82,-1.08
2014-01-30,3514.25,3544.21,3508.01,3532.41,1.86
2014-01-31,3488.37,3539.44,3488.04,3521.92,-0.3
2014-02-03,3524.23,3533.48,3433.64,3440.5,-2.31
2014-02-04,3460.13,3480.74,3449.19,3470.2,0.86
2014-02-05,3457.04,3469.35,3418.88,3454.9,-0.44
2014-02-06,3465.83,3502.52,3465.42,3497.6,1.24
2014-02-07,3522.33,3563.14,3508.83,3561.91,1.84
2014-02-10,3558.59,3582.84,3557.78,3582.11,0.57
2014-02-11,3587.58,3628.59,3585.08,3621.72,1.11
2014-02-12,3626.14,3635.92,3618.06,3627.36,0.16
2014-02-13,3601.75,3659.56,3600.86,3659.56,0.89
2014-02-14,3652.88,3671.04,3643.79,3663.88,0.12
2014-02-18,3668.99,3685.18,3658.64,3679.43,0.42
2014-02-19,3668.72,3679.69,3646.13,3652.85,-0.72
2014-02-20,3654.85,3676.89,3640.63,3671.93,0.52
2014-02-21,3683.42,3687.16,3661.46,3662.6,-0.25
2014-02-24,3670.07,3701.27,3668.34,3685.81,0.63
2014-02-25,3689.68,3697.6,3669.53,3679.14,-0.18
2014-02-26,3691.84,3702.09,3663.75,3676.6,-0.07
2014-02-27,3678.31,3704.65,3672.64,3699.8,0.63
2014-02-28,3703.48,3722.38,3664.83,3696.1,-0.1
2014-03-03,3657.32,3678.38,3637.67,3668.37,-0.75
2014-03-04,3710.19,3723.0,3706.82,3719.93,1.41
2014-03-05,3721.53,3732.98,3715.38,3727.19,0.2
2014-03-06,3735.85,3738.32,3709.41,3720.93,-0.17
2014-03-07,3736.93,3737.36,3686.94,3703.4,-0.47
2014-03-10,3702.14,3709.78,3683.97,3706.34,0.08
2014-03-11,3715.89,3725.71,3681.37,3691.5,-0.4
2014-03-12,3678.36,3707.2,3661.87,3707.06,0.42
2014-03-13,3719.36,3720.62,3636.79,3651.49,-1.5
2014-03-14,3643.21,3656.94,3626.86,3627.87,-0.65
2014-03-17,3653.19,3678.32,3651.14,3662.51,0.95
2014-03-18,3667.4,3708.26,3664.79,3706.62,1.2
2014-03-19,3705.51,3709.01,3661.06,3682.74,-0.64
2014-03-20,3675.62,3705.31,3665.83,3693.97,0.3
2014-03-21,3711.47,3717.36,3643.35,3653.07,-1.11
2014-03-24,3665.38,3665.58,3585.15,3617.39,-0.98
2014-03-25,3640.26,3659.59,3600.65,3629.73,0.34
2014-03-26,3645.73,3654.69,3582.84,3582.89,-1.29
2014-03-27,3578.54,3594.08,3543.07,3563.13,-0.55
2014-03-28,3576.18,3609.08,3560.58,3571.49,0.23
2014-03-31,3598.08,3618.42,3593.7,3595.74,0.68
2014-04-01,3615.91,3659.16,3614.16,3658.4,1.74
2014-04-02,3670.33,3676.36,3649.79,3665.99,0.21
2014-04-03,3670.43,3675.7,3617.41,3637.58,-0.77
2014-04-04,3659.92,3663.78,3532.28,3539.38,-2.7
2014-04-07,3522.21,3551.21,3482.75,3507.75,-0.89
2014-04-08,3511.82,3543.98,3499.0,3538.23,0.87
2014-04-09,3552.07,3602.35,3544.09,3600.44,1.76
2014-04-10,3597.58,3599.64,3479.15,3487.76,-3.13
2014-04-11,3453.24,3502.33,3440.55,3446.85,-1.17
2014-04-14,3479.66,3493.17,3443.26,3474.63,0.81
2014-04-15,3484.29,3505.67,3414.11,3487.85,0.38
2014-04-16,3517.5,3533.09,3489.29,3533.09,1.3
2014-04-17,3526.57,3551.02,3511.27,3534.53,0.04
2014-04-21,3543.65,3559.95,3525.59,3559.95,0.72
2014-04-22,3570.51,3596.92,3566.87,3588.81,0.81
2014-04-23,3587.65,3588.05,3555.19,3557.04,-0.89
2014-04-24,3609.83,3613.2,3552.93,3591.03,0.96
2014-04-25,3569.92,3573.95,3525.6,3533.1,-1.61
2014-04-28,3546.96,3570.11,3489.6,3545.03,0.34
2014-04-29,3557.77,3579.03,3538.24,3573.99,0.82
2014-04-30,3556.0,3585.5,3548.11,3582.02,0.22
2014-05-01,3589.66,3613.03,3580.02,3594.36,0.34
2014-05-02,3608.84,3611.56,3578.53,3587.64,-0.19
2014-05-05,3566.26,3605.26,3556.4,3605.09,0.49
2014-05-06,3598.27,3599.65,3556.1,3556.51,-1.35
2014-05-07,3561.47,3567.55,3506.35,3546.47,-0.28
2014-05-08,3533.39,3583.64,3524.85,3540.42,-0.17
2014-05-09,3537.68,3556.35,3516.24,3555.7,0.43
2014-05-12,3574.24,3613.37,3572.69,3612.73,1.6
2014-05-13,3614.91,3625.77,3605.78,3611.13,-0.04
2014-05-14,3603.58,3614.63,3585.68,3593.25,-0.5
2014-05-15,3594.59,3598.34,3542.63,3565.17,-0.78
2014-05-16,3568.2,3590.41,3545.63,3587.2,0.62
2014-05-19,3577.85,3618.96,3572.28,3615.62,0.79
2014-05-20,3612.86,3624.6,3585.88,3600.31,-0.42
2014-05-21,3605.79,3636.47,3605.51,3635.61,0.98
2014-05-22,3639.49,3660.59,3633.85,3650.86,0.42
2014-05-23,3656.27,3678.17,3646.23,3677.33,0.73
2014-05-27,3693.18,3723.07,3691.09,3723.07,1.24
2014-05-28,3720.89,3726.72,3708.65,3712.26,-0.29
2014-05-29,3723.27,3735.72,3717.66,3735.72,0.63
2014-05-30,3738.71,3741.57,3716.09,3736.82,0.03
2014-06-02,3740.71,3740.71,3707.89,3732.96,-0.1
2014-06-03,3719.17,3735.97,3715.46,3730.07,-0.08
2014-06-04,3720.0,3750.01,3715.24,3743.59,0.36
2014-06-05,3748.36,3782.0,3735.19,3776.95,0.89
2014-06-06,3792.42,3795.14,3782.12,3794.57,0.47
2014-06-09,3795.85,3804.04,3783.9,3795.74,0.03
2014-06-10,3790.48,3802.46,3786.56,3800.86,0.13
2014-06-11,3789.41,3803.95,3783.61,3797.85,-0.08
2014-06-12,3790.59,3794.99,3751.69,3763.8,-0.9
2014-06-13,3782.84,3784.84,3759.87,3775.56,0.31
2014-06-16,3768.37,3789.93,3761.42,3779.93,0.12
2014-06-17,3775.73,3790.92,3769.94,3781.32,0.04
2014-06-18,3786.19,3807.49,3764.53,3804.61,0.62
2014-06-19,3808.76,3811.24,3783.3,3800.8,-0.1
2014-06-20,3803.1,3807.92,3794.51,3802.64,0.05
2014-06-23,3802.25,3806.19,3794.85,3805.31,0.07
2014-06-24,3807.49,3837.17,3791.12,3799.53,-0.15
2014-06-25,3794.84,3831.85,3792.31,3827.33,0.73
2014-06-26,3826.7,3827.7,3798.63,3826.91,-0.01
2014-06-27,3825.02,3844.89,3823.21,3844.44,0.46
2014-06-30,3844.45,3860.65,3841.7,3849.48,0.13
2014-07-01,3864.14,3902.93,3863.81,3894.33,1.17
2014-07-02,3895.18,3904.35,3890.77,3899.27,0.13
2014-07-03,3911.11,3923.15,3901.33,3923.01,0.61
2014-07-07,3917.89,3923.92,3904.67,3910.71,-0.31
2014-07-08,3903.37,3906.22,3848.18,3864.07,-1.19
2014-07-09,3873.17,3896.38,3863.2,3892.91,0.75
2014-07-10,3837.29,3895.72,3837.16,3880.04,-0.33
2014-07-11,3888.76,3905.4,3879.4,3904.58,0.63
2014-07-14,3923.6,3937.73,3916.53,3929.46,0.64
2014-07-15,3934.79,3940.55,3887.5,3914.46,-0.38
2014-07-16,3943.6,3947.49,3927.01,3932.33,0.46
2014-07-17,3921.87,3933.88,3866.22,3878.01,-1.38
2014-07-18,3899.38,3942.15,3894.56,3939.89,1.6
2014-07-21,3933.11,3941.93,3917.74,3934.14,-0.15
2014-07-22,3950.83,3966.1,3949.09,3961.62,0.7
2014-07-23,3974.66,3990.64,3967.96,3986.19,0.62
2014-07-24,3994.18,3997.5,3975.66,3983.19,-0.08
2014-07-25,3959.35,3970.44,3945.05,3965.17,-0.45
2014-07-28,3966.31,3977.0,3936.72,3967.24,0.05
2014-07-29,3974.06,3983.42,3957.22,3959.03,-0.21
2014-07-30,3982.1,3989.0,3960.29,3976.07,0.43
2014-07-31,3938.31,3948.9,3889.1,3892.5,-2.1
2014-08-01,3886.1,3908.21,3855.35,3879.67,-0.33
2014-08-04,3890.63,3922.25,3875.1,3908.77,0.75
2014-08-05,3891.13,3901.17,3858.65,3874.94,-0.87
2014-08-06,3851.44,3896.65,3849.45,3874.27,-0.02
2014-08-07,3889.69,3895.74,3845.2,3857.94,-0.42
2014-08-08,3864.09,3890.63,3848.49,3888.09,0.78
2014-08-11,3899.98,3921.19,3899.37,3910.46,0.58
2014-08-12,3904.45,3916.73,3887.58,3905.23,-0.13
2014-08-13,3924.47,3949.69,3921.44,3949.2,1.13
2014-08-14,3953.27,3969.24,3949.08,3969.11,0.5
2014-08-15,3993.0,3997.08,3951.25,3987.51,0.46
2014-08-18,4007.19,4022.48,4003.46,4020.5,0.83
2014-08-19,4025.51,4041.5,4024.17,4040.13,0.49
2014-08-20,4032.91,4046.97,4032.2,4040.71,0.01
2014-08-21,4041.0,4048.95,4035.75,4047.03,0.16
2014-08-22,4052.14,4060.9,4040.22,4052.75,0.14
2014-08-25,4073.48,4079.52,4058.6,4067.48,0.36
2014-08-26,4073.05,4076.54,4062.73,4071.67,0.1
2014-08-27,4073.4,4078.19,4064.07,4073.18,0.04
2014-08-28,4059.37,4072.29,4054.61,4066.27,-0.17
2014-08-29,4081.02,4082.97,4062.18,4082.56,0.4
2014-09-02,4093.12,4095.87,4078.19,4095.81,0.32
2014-09-03,4103.97,4104.43,4063.49,4070.96,-0.61
2014-09-04,4078.82,4100.78,4056.53,4066.13,-0.12
2014-09-05,4067.37,4089.98,4051.75,4089.92,0.59
2014-09-08,4086.52,4105.5,4076.63,4095.47,0.14
2014-09-09,4094.02,4110.86,4053.11,4061.88,-0.82
2014-09-10,4063.85,4095.91,4054.61,4094.97,0.81
2014-09-11,4077.69,4092.79,4060.92,4092.65,-0.06
2014-09-12,4087.17,4089.62,4057.53,4069.23,-0.57
2014-09-15,4070.2,4070.82,4018.3,4029.89,-0.97
2014-09-16,4012.53,4073.14,4009.98,4067.27,0.93
2014-09-17,4066.76,4090.95,4048.58,4073.57,0.15
2014-09-18,4084.51,4103.42,4080.82,4103.08,0.72
2014-09-19,4113.02,4118.91,4084.45,4100.09,-0.07
2014-09-22,4091.87,4092.14,4044.99,4061.23,-0.95
2014-09-23,4045.67,4069.21,4043.26,4051.57,-0.24
2014-09-24,4055.42,4096.27,4041.72,4094.31,1.05
2014-09-25,4079.37,4087.19,4007.63,4007.82,-2.11
2014-09-26,4016.97,4057.47,4015.02,4053.72,1.15
2014-09-29,4009.66,4056.43,4008.58,4047.18,-0.16
2014-09-30,4054.86,4070.44,4031.7,4049.45,0.06
2014-10-01,4043.33,4043.44,3972.91,3984.74,-1.6
2014-10-02,3984.8,3996.75,3934.94,3985.87,0.03
2014-10-03,4004.75,4040.56,3995.81,4027.31,1.04
2014-10-06,4041.4,4046.71,4004.21,4016.27,-0.27
2014-10-07,3999.25,4007.94,3958.44,3958.59,-1.44
2014-10-08,3960.79,4048.79,3938.16,4041.12,2.08
2014-10-09,4031.62,4040.54,3965.37,3969.32,-1.78
2014-10-10,3946.32,3969.48,3870.86,3870.86,-2.48
2014-10-13,3866.89,3893.66,3807.89,3808.0,-1.62
2014-10-14,3837.22,3860.04,3801.16,3810.45,0.06
2014-10-15,3738.72,3801.42,3700.23,3785.97,-0.64
2014-10-16,3706.7,3795.08,3704.83,3765.28,-0.55
2014-10-17,3815.72,3848.98,3791.16,3815.47,1.33
2014-10-20,3813.6,3872.36,3804.97,3870.08,1.43
2014-10-21,3916.65,3971.4,3908.83,3971.39,2.62
2014-10-22,3980.49,3988.4,3947.98,3949.59,-0.55
2014-10-23,3989.86,4032.22,3984.15,4012.27,1.59
2014-10-24,4019.84,4045.19,4003.43,4042.02,0.74
2014-10-27,4031.88,4052.5,4019.23,4046.02,0.1
2014-10-28,4063.07,4107.19,4062.21,4106.63,1.5
2014-10-29,4091.62,4104.06,4062.49,4090.55,-0.39
2014-10-30,4074.26,4109.06,4064.45,4100.64,0.25
2014-10-31,4168.5,4170.87,4143.2,4158.21,1.4
2014-11-03,4160.6,4179.36,4156.79,4169.28,0.27
2014-11-04,4154.88,4165.05,4126.72,4156.23,-0.31
2014-11-05,4179.23,4179.93,4140.21,4153.27,-0.07
2014-11-06,4147.31,4165.77,4133.98,4164.08,0.26
2014-11-07,4170.46,4171.13,4139.46,4160.5,-0.09
2014-11-10,4162.59,4179.98,4151.48,4175.95,0.37
2014-11-11,4173.61,4187.31,4165.25,4187.16,0.27
2014-11-12,4174.47,4199.19,4173.02,4195.4,0.2
2014-11-13,4202.77,4228.68,4194.33,4213.48,0.43
2014-11-14,4214.97,4225.18,4198.59,4224.99,0.27
2014-11-17,4215.29,4225.48,4194.18,4213.79,-0.27
2014-11-18,4215.18,4248.19,4214.32,4242.19,0.67
2014-11-19,4233.71,4235.84,4204.16,4222.66,-0.46
2014-11-20,4204.54,4245.17,4202.36,4242.09,0.46
2014-11-21,4284.41,4285.27,4237.38,4251.32,0.22
2014-11-24,4262.09,4285.0,4258.41,4284.32,0.78
2014-11-25,4290.68,4302.44,4279.9,4288.23,0.09
2014-11-26,4291.87,4319.41,4289.51,4317.99,0.69
2014-11-28,4330.96,4347.09,4326.21,4337.79,0.46
2014-12-01,4323.95,4332.55,4274.68,4287.81,-1.15
2014-12-02,4291.33,4312.92,4283.89,4305.96,0.42
2014-12-03,4312.17,4319.02,4287.04,4312.93,0.16
2014-12-04,4309.48,4327.55,4293.94,4311.93,-0.02
2014-12-05,4318.28,4324.42,4302.04,4311.57,-0.01
2014-12-08,4301.27,4320.08,4259.01,4278.34,-0.77
2014-12-09,4228.21,4297.73,4216.87,4294.67,0.38
2014-12-10,4284.5,4297.0,4218.85,4224.87,-1.63
2014-12-11,4241.69,4296.81,4238.29,4246.48,0.51
2014-12-12,4207.61,4254.43,4199.28,4199.28,-1.11
2014-12-15,4224.17,4236.06,4145.01,4157.41,-1.0
2014-12-16,4122.23,4190.42,4089.19,4089.6,-1.63
2014-12-17,4095.75,4175.97,4089.09,4165.1,1.85
2014-12-18,4230.35,4267.77,4213.21,4267.77,2.47
2014-12-19,4272.75,4300.4,4258.33,4281.78,0.33
2014-12-22,4271.87,4295.27,4270.54,4293.67,0.28
2014-12-23,4308.95,4309.03,4274.51,4279.3,-0.33
2014-12-24,4283.19,4298.87,4281.8,4283.1,0.09
2014-12-26,4295.72,4322.45,4294.8,4314.09,0.72
2014-12-29,4309.7,4321.2,4306.67,4312.64,-0.03
2014-12-30,4301.14,4309.13,4277.75,4282.35,-0.7
2014-12-31,4294.88,4307.01,4233.71,4236.28,-1.08
2015-01-02,4258.6,4276.71,4206.46,4230.24,-0.14
2015-01-05,4206.55,4210.96,4151.85,4160.96,-1.64
2015-01-06,4174.78,4176.26,4090.33,4110.83,-1.2
2015-01-07,4139.85,4169.97,4126.39,4160.0,1.2
2015-01-08,4195.49,4247.93,4192.63,4240.55,1.94
2015-01-09,4250.98,4253.97,4188.61,4213.28,-0.64
2015-01-12,4221.52,4223.88,4158.11,4169.97,-1.03
2015-01-13,4212.99,4252.7,4134.94,4166.2,-0.09
2015-01-14,4122.08,4165.0,4108.31,4145.84,-0.49
2015-01-15,4162.11,4169.44,4085.7,4089.65,-1.36
2015-01-16,4087.88,4143.53,4078.85,4142.14,1.28
2015-01-20,4164.43,4181.34,4117.15,4171.21,0.7
2015-01-21,4158.13,4211.28,4145.82,4192.09,0.5
2015-01-22,4215.0,4274.15,4173.54,4270.36,1.87
2015-01-23,4268.53,4292.88,4258.48,4278.14,0.18
2015-01-26,4271.1,4282.48,4254.47,4275.72,-0.06
2015-01-27,4200.88,4209.41,4151.15,4165.5,-2.58
2015-01-28,4233.74,4235.15,4140.38,4140.38,-0.6
2015-01-29,4134.52,4189.54,4103.71,4181.35,0.99
2015-01-30,4178.62,4210.85,4144.03,4148.43,-0.79
2015-02-02,4162.2,4189.09,4094.73,4188.59,0.97
2015-02-03,4201.94,4229.15,4174.23,4229.15,0.97
2015-02-04,4202.43,4248.84,4198.74,4221.2,-0.19
2015-02-05,4229.62,4258.0,4220.17,4256.18,0.83
2015-02-06,4259.98,4271.28,4214.89,4228.68,-0.65
2015-02-09,4209.81,4235.24,4206.76,4216.09,-0.3
2015-02-10,4240.04,4286.43,4232.99,4281.16,1.54
2015-02-11,4284.76,4305.35,4277.65,4297.28,0.38
2015-02-12,4321.41,4347.97,4317.98,4347.97,1.18
2015-02-13,4359.78,4384.03,4351.02,4384.03,0.83
2015-02-17,4379.32,4387.32,4370.63,4385.34,0.03
2015-02-18,4378.73,4393.19,4374.23,4390.91,0.13
2015-02-19,4388.92,4415.79,4388.44,4411.86,0.48
2015-02-20,4406.75,4444.62,4397.62,4443.05,0.71
2015-02-23,4441.26,4449.49,4430.86,4449.49,0.14
2015-02-24,4442.13,4455.52,4428.82,4451.03,0.03
2015-02-25,4441.08,4461.11,4429.9,4440.59,-0.23
2015-02-26,4443.55,4463.81,4430.79,4462.27,0.49
2015-02-27,4459.86,4464.31,4435.66,4440.67,-0.48
2015-03-02,4452.8,4483.97,4450.86,4483.05,0.95
2015-03-03,4466.53,4473.64,4433.51,4458.78,-0.54
2015-03-04,4442.41,4452.37,4421.0,4445.36,-0.3
2015-03-05,4454.89,4464.48,4433.94,4452.06,0.15
2015-03-06,4442.19,4453.93,4389.82,4399.23,-1.19
2015-03-09,4406.87,4424.22,4391.62,4412.99,0.31
2015-03-10,4376.03,4381.62,4329.08,4329.08,-1.9
2015-03-11,4336.05,4342.87,4304.28,4305.38,-0.55
2015-03-12,4302.73,4339.2,4300.87,4336.23,0.72
2015-03-13,4328.09,4347.87,4289.3,4314.9,-0.49
2015-03-16,4338.29,4371.46,4327.27,4370.47,1.29
2015-03-17,4355.83,4384.98,4349.69,4375.63,0.12
2015-03-18,4366.8,4440.49,4344.49,4422.5,1.07
2015-03-19,4424.79,4440.01,4419.84,4426.82,0.1
2015-03-20,4468.29,4478.68,4456.41,4458.54,0.72
2015-03-23,4454.15,4466.34,4445.52,4445.54,-0.29
2015-03-24,4444.39,4467.79,4430.97,4430.99,-0.33
2015-03-25,4437.38,4442.54,4329.29,4329.29,-2.3
2015-03-26,4288.16,4340.16,4280.95,4315.26,-0.32
2015-03-27,4314.6,4342.93,4309.52,4332.86,0.41
2015-03-30,4359.78,4384.18,4359.78,4382.82,1.15
2015-03-31,4364.14,4377.36,4333.69,4333.69,-1.12
2015-04-01,4328.17,4334.56,4284.06,4311.26,-0.52
2015-04-02,4316.24,4327.79,4302.49,4316.01,0.11
2015-04-06,4286.16,4361.56,4283.91,4350.98,0.81
2015-04-07,4349.3,4379.41,4343.74,4344.08,-0.16
2015-04-08,4345.23,4382.82,4345.09,4375.96,0.73
2015-04-09,4375.78,4405.65,4361.23,4403.95,0.64
2015-04-10,4402.02,4422.63,4394.38,4422.02,0.41
2015-04-13,4428.13,4448.2,4407.07,4409.21,-0.29
2015-04-14,4409.29,4418.87,4375.1,4397.65,-0.26
2015-04-15,4409.74,4435.28,4406.04,4424.53,0.61
2015-04-16,4412.15,4427.22,4408.96,4418.83,-0.13
2015-04-17,4379.63,4390.31,4333.11,4351.8,-1.52
2015-04-20,4373.65,4423.88,4373.09,4417.4,1.51
2015-04-21,4444.5,4448.68,4430.98,4435.98,0.42
2015-04-22,4448.58,4466.84,4419.35,4460.81,0.56
2015-04-23,4445.17,4496.08,4444.29,4477.07,0.36
2015-04-24,4529.73,4543.64,4517.88,4536.78,1.33
2015-04-27,4548.51,4562.33,4516.33,4525.04,-0.26
2015-04-28,4529.41,4537.15,4479.01,4515.27,-0.22
2015-04-29,4490.57,4517.01,4463.98,4488.15,-0.6
2015-04-30,4459.23,4480.36,4395.1,4414.25,-1.65
2015-05-01,4437.7,4479.06,4435.24,4479.06,1.47
2015-05-04,4491.19,4510.47,4480.85,4482.61,0.08
2015-05-05,4464.21,4472.23,4407.27,4409.39,-1.63
2015-05-06,4420.3,4429.96,4349.93,4379.75,-0.67
2015-05-07,4377.81,4413.73,4373.29,4401.55,0.5
2015-05-08,4445.0,4466.17,4441.73,4458.65,1.3
2015-05-11,4457.62,4468.75,4437.53,4438.64,-0.45
2015-05-12,4412.82,4441.4,4380.52,4420.65,-0.41
2015-05-13,4436.08,4460.54,4421.75,4426.56,0.13
2015-05-14,4461.07,4496.25,4448.38,4495.04,1.55
2015-05-15,4505.39,4509.13,4482.55,4494.29,-0.02
2015-05-18,4487.14,4521.01,4483.76,4512.95,0.42
2015-05-19,4514.66,4521.85,4498.53,4503.72,-0.2
2015-05-20,4505.59,4533.92,4484.52,4505.3,0.04
2015-05-21,4499.42,4537.28,4495.39,4529.47,0.54
2015-05-22,4522.86,4542.46,4522.61,4527.16,-0.05
2015-05-26,4516.63,4521.85,4456.76,4472.96,-1.2
2015-05-27,4488.05,4551.53,4479.74,4546.06,1.63
2015-05-28,4537.48,4548.24,4523.55,4535.66,-0.23
2015-05-29,4532.15,4539.57,4499.65,4508.25,-0.6
2015-06-01,4530.03,4535.43,4488.17,4521.85,0.3
2015-06-02,4503.76,4531.08,4486.19,4508.89,-0.29
2015-06-03,4531.04,4539.36,4512.44,4519.86,0.24
2015-06-04,4501.73,4526.21,4475.05,4487.03,-0.73
2015-06-05,4483.43,4493.43,4452.32,4477.19,-0.22
2015-06-08,4476.69,4477.83,4423.8,4431.52,-1.02
2015-06-09,4421.02,4441.62,4392.45,4427.61,-0.09
2015-06-10,4440.54,4497.51,4435.29,4485.46,1.31
2015-06-11,4498.49,4511.32,4483.84,4488.47,0.07
2015-06-12,4467.38,4476.21,4449.21,4453.79,-0.77
2015-06-15,4416.14,4437.97,4396.13,4432.92,-0.47
2015-06-16,4428.3,4463.2,4426.19,4455.9,0.52
2015-06-17,4465.17,4482.27,4441.34,4468.98,0.29
2015-06-18,4483.61,4540.69,4483.61,4531.85,1.41
2015-06-19,4538.71,4539.49,4511.21,4513.42,-0.41
2015-06-22,4541.85,4557.98,4534.76,4544.04,0.68
2015-06-23,4549.52,4551.77,4529.99,4548.74,0.1
2015-06-24,4542.07,4561.64,4523.9,4524.6,-0.53
2015-06-25,4540.4,4546.15,4508.66,4514.01,-0.23
2015-06-26,4514.37,4523.97,4469.23,4484.28,-0.66
2015-06-29,4433.11,4460.08,4377.23,4379.87,-2.33
2015-06-30,4414.86,4420.5,4381.94,4396.76,0.39
2015-07-01,4433.79,4445.9,4409.42,4429.23,0.74
2015-07-02,4440.17,4445.83,4417.48,4433.39,0.09
2015-07-06,4394.44,4444.41,4394.44,4418.66,-0.33
2015-07-07,4422.75,4434.91,4344.15,4429.06,0.24
2015-07-08,4392.51,4403.13,4346.42,4351.58,-1.75
2015-07-09,4410.27,4414.43,4351.51,4352.03,0.01
2015-07-10,4405.99,4434.11,4394.01,4420.15,1.57
2015-07-13,4457.76,4498.74,4456.54,4494.47,1.68
2015-07-14,4503.2,4537.21,4500.66,4523.47,0.65
2015-07-15,4531.32,4547.18,4517.4,4528.36,0.11
2015-07-16,4567.06,4595.02,4558.32,4594.9,1.47
2015-07-17,4635.48,4661.6,4624.68,4661.6,1.45
2015-07-20,4670.23,4694.13,4657.98,4679.68,0.39
2015-07-21,4679.54,4686.36,4661.76,4674.41,-0.11
2015-07-22,4604.97,4643.83,4604.53,4623.24,-1.09
2015-07-23,4627.56,4641.58,4592.49,4602.83,-0.44
2015-07-24,4630.95,4632.06,4552.4,4557.37,-0.99
2015-07-27,4530.37,4551.99,4511.92,4519.09,-0.84
2015-07-28,4539.47,4568.79,4506.19,4560.23,0.91
2015-07-29,4570.5,4586.78,4552.76,4581.6,0.47
2015-07-30,4570.77,4606.65,4540.98,4598.59,0.37
2015-07-31,4616.48,4616.48,4584.22,4588.91,-0.21
2015-08-03,4595.26,4607.52,4549.6,4580.46,-0.18
2015-08-04,4573.25,4584.45,4551.9,4567.47,-0.28
2015-08-05,4592.81,4634.7,4590.19,4602.24,0.76
2015-08-06,4608.69,4612.62,4508.3,4528.51,-1.6
2015-08-07,4519.36,4532.46,4485.5,4520.08,-0.19
2015-08-10,4558.68,4583.63,4554.63,4573.11,1.17
2015-08-11,4548.75,4567.69,4491.06,4513.99,-1.29
2015-08-12,4475.91,4539.18,4436.54,4528.19,0.31
2015-08-13,4536.96,4556.14,4514.45,4519.32,-0.2
2015-08-14,4512.88,4536.2,4503.83,4530.74,0.25
2015-08-17,4516.88,4568.59,4507.98,4566.37,0.79
2015-08-18,4556.23,4562.15,4536.05,4542.07,-0.53
2015-08-19,4525.32,4550.67,4486.11,4510.9,-0.69
2015-08-20,4467.79,4484.36,4385.13,4385.13,-2.79
2015-08-21,4313.19,4361.32,4197.27,4197.27,-4.28
2015-08-24,3847.12,4199.79,3787.23,4038.6,-3.78
2015-08-25,4187.28,4207.38,4015.91,4016.32,-0.55
2015-08-26,4141.24,4227.86,4052.54,4219.6,5.06
2015-08-27,4281.63,4328.99,4231.14,4324.82,2.49
2015-08-28,4307.05,4340.7,4295.56,4329.12,0.1
2015-08-31,4299.88,4324.73,4262.09,4274.58,-1.26
2015-09-01,4177.94,4229.31,4121.83,4142.63,-3.09
2015-09-02,4207.68,4256.23,4166.08,4256.23,2.74
2015-09-03,4267.34,4300.3,4222.38,4234.65,-0.51
2015-09-04,4175.62,4210.81,4160.43,4184.72,-1.18
2015-09-08,4267.4,4306.5,4247.14,4303.53,2.84
2015-09-09,4346.36,4352.96,4242.47,4253.45,-1.16
2015-09-10,4248.48,4326.77,4243.69,4296.3,1.01
2015-09-11,4273.62,4323.23,4268.1,4323.23,0.63
2015-09-14,4334.86,4334.94,4293.77,4308.76,-0.33
2015-09-15,4322.41,4373.19,4303.89,4360.28,1.2
2015-09-16,4357.36,4388.32,4346.47,4383.67,0.54
2015-09-17,4378.99,4450.66,4368.8,4384.96,0.03
2015-09-18,4325.29,4374.92,4317.09,4323.86,-1.39
2015-09-21,4343.77,4372.42,4299.94,4336.13,0.28
2015-09-22,4273.3,4286.6,4233.9,4274.1,-1.43
2015-09-23,4280.01,4294.73,4255.06,4273.53,-0.01
2015-09-24,4239.85,4275.64,4198.11,4261.1,-0.29
2015-09-25,4305.39,4308.66,4198.96,4224.74,-0.85
2015-09-28,4206.68,4207.02,4092.29,4103.47,-2.87
2015-09-29,4110.26,4155.31,4053.12,4083.37,-0.49
2015-09-30,4137.18,4181.06,4125.2,4181.06,2.39
2015-10-01,4185.28,4194.18,4128.34,4192.96,0.28
2015-10-02,4136.96,4267.45,4124.55,4267.45,1.78
2015-10-05,4296.54,4339.23,4290.25,4331.43,1.5
2015-10-06,4315.32,4332.03,4273.7,4306.7,-0.57
2015-10-07,4331.87,4342.59,4279.21,4333.46,0.62
2015-10-08,4316.18,4358.09,4275.59,4350.15,0.39
2015-10-09,4355.24,4378.26,4341.51,4370.01,0.46
2015-10-12,4378.64,4389.77,4363.96,4382.56,0.29
2015-10-13,4354.06,4399.93,4349.18,4352.94,-0.68
2015-10-14,4356.82,4373.71,4328.96,4346.92,-0.14
2015-10-15,4361.98,4418.25,4357.22,4418.22,1.64
2015-10-16,4419.95,4438.75,4405.88,4438.62,0.46
2015-10-19,4428.06,4464.78,4420.8,4462.07,0.53
2015-10-20,4454.62,4463.11,4424.34,4438.18,-0.54
2015-10-21,4462.22,4464.73,4409.9,4413.52,-0.56
2015-10-22,4451.32,4504.7,4438.6,4503.22,2.03
2015-10-23,4623.72,4645.96,4598.74,4624.09,2.68
2015-10-26,4621.14,4638.75,4606.66,4630.85,0.15
2015-10-27,4617.6,4645.94,4617.44,4639.23,0.18
2015-10-28,4649.1,4678.58,4609.93,4678.58,0.85
2015-10-29,4657.78,4678.2,4653.0,4670.77,-0.17
2015-10-30,4676.3,4681.23,4648.83,4648.83,-0.47
2015-11-02,4658.79,4707.77,4652.45,4703.92,1.19
2015-11-03,4692.03,4735.31,4685.98,4719.05,0.32
2015-11-04,4729.07,4737.12,4698.84,4717.55,-0.03
2015-11-05,4718.51,4731.56,4678.79,4702.9,-0.31
2015-11-06,4695.88,4710.47,4665.41,4707.23,0.09
2015-11-09,4687.35,4694.27,4627.12,4655.52,-1.1
2015-11-10,4628.83,4647.32,4616.71,4641.73,-0.3
2015-11-11,4657.19,4677.78,4631.06,4636.94,-0.1
2015-11-12,4617.78,4639.26,4588.08,4588.93,-1.04
2015-11-13,4566.12,4575.8,4499.15,4502.14,-1.89
2015-11-16,4494.56,4566.03,4486.09,4565.47,1.41
2015-11-17,4571.55,4598.27,4554.89,4565.82,0.01
2015-11-18,4586.24,4657.63,4580.72,4653.44,1.92
2015-11-19,4657.61,4678.02,4648.94,4655.35,0.04
2015-11-20,4680.51,4691.59,4674.61,4686.36,0.67
2015-11-23,4689.98,4706.62,4655.6,4674.79,-0.25
2015-11-24,4645.52,4682.13,4621.63,4669.41,-0.12
2015-11-25,4674.23,4683.55,4666.24,4672.88,0.07
2015-11-27,4680.44,4689.58,4665.92,4680.47,0.16
2015-11-30,4692.57,4695.06,4654.53,4664.51,-0.34
2015-12-01,4685.74,4716.16,4682.4,4716.16,1.11
2015-12-02,4720.27,4739.75,4680.06,4686.22,-0.63
2015-12-03,4704.2,4705.78,4579.91,4606.75,-1.7
2015-12-04,4621.48,4722.39,4612.11,4716.12,2.37
2015-12-07,4718.55,4720.82,4671.87,4693.62,-0.48
2015-12-08,4646.43,4708.47,4643.65,4694.77,0.02
2015-12-09,4674.8,4698.25,4595.01,4622.14,-1.55
2015-12-10,4627.77,4674.0,4619.98,4643.05,0.45
2015-12-11,4583.08,4600.91,4534.05,4537.56,-2.27
2015-12-14,4535.56,4571.57,4478.25,4570.16,0.72
2015-12-15,4607.2,4636.77,4592.72,4597.33,0.59
2015-12-16,4633.85,4673.54,4582.87,4664.56,1.46
2015-12-17,4680.63,4681.13,4597.65,4598.14,-1.42
2015-12-18,4578.69,4593.4,4513.23,4514.83,-1.81
2015-12-21,4547.92,4560.71,4519.82,4560.55,1.01
2015-12-22,4580.61,4596.08,4560.54,4589.26,0.63
2015-12-23,4612.16,4626.17,4605.36,4624.59,0.77
2015-12-24,4626.32,4635.59,4620.8,4622.77,-0.04
2015-12-28,4610.41,4621.68,4580.13,4621.35,-0.03
2015-12-29,4645.08,4702.74,4644.32,4691.08,1.51
2015-12-30,4687.16,4688.66,4651.73,4652.01,-0.83
2015-12-31,4634.16,4642.55,4592.88,4593.27,-1.26
2016-01-04,4485.06,4497.86,4439.13,4497.86,-2.08
2016-01-05,4512.04,4522.12,4466.05,4484.18,-0.3
2016-01-06,4409.78,4467.55,4409.49,4443.99,-0.9
2016-01-07,4349.14,4403.61,4303.66,4305.72,-3.11
2016-01-08,4336.12,4362.46,4264.81,4270.78,-0.81
2016-01-11,4300.97,4311.14,4217.63,4283.55,0.3
2016-01-12,4322.77,4353.19,4273.02,4333.72,1.17
2016-01-13,4352.64,4359.5,4177.3,4183.12,-3.48
2016-01-14,4201.23,4308.25,4133.32,4272.97,2.15
2016-01-15,4123.87,4184.69,4085.79,4141.08,-3.09
2016-01-19,4199.56,4202.04,4101.05,4147.07,0.14
2016-01-20,4078.23,4178.64,3992.91,4136.28,-0.26
2016-01-21,4146.45,4200.36,4099.3,4142.6,0.15
2016-01-22,4226.44,4260.55,4209.24,4259.77,2.83
2016-01-25,4245.47,4268.11,4193.32,4196.53,-1.48
2016-01-26,4211.92,4250.97,4177.85,4233.85,0.89
2016-01-27,4214.94,4226.09,4111.93,4128.86,-2.48
2016-01-28,4197.2,4197.48,4116.5,4186.06,1.39
2016-01-29,4186.35,4279.17,4184.31,4279.17,2.22
2016-02-01,4254.41,4301.63,4238.2,4286.56,0.17
2016-02-02,4262.45,4265.04,4180.57,4193.1,-2.18
2016-02-03,4213.67,4218.16,4099.24,4171.97,-0.5
2016-02-04,4158.05,4200.99,4120.58,4167.77,-0.1
2016-02-05,4150.35,4152.73,4008.45,4024.47,-3.44
2016-02-08,3947.99,3979.09,3888.78,3960.67,-1.59
2016-02-09,3903.93,4008.06,3902.74,3947.8,-0.32
2016-02-10,3996.76,4045.48,3962.7,3966.28,0.47
2016-02-11,3910.57,3988.71,3902.86,3962.22,-0.1
2016-02-12,3996.64,4022.12,3965.74,4019.19,1.44
2016-02-16,4077.33,4104.33,4049.88,4104.33,2.12
2016-02-17,4138.43,4204.62,4125.83,4199.1,2.31
2016-02-18,4212.22,4212.58,4146.1,4151.49,-1.13
2016-02-19,4129.75,4175.08,4121.59,4164.09,0.3
2016-02-22,4203.6,4235.12,4199.93,4231.27,1.61
2016-02-23,4209.32,4217.99,4158.56,4162.54,-1.62
2016-02-24,4116.02,4205.98,4088.12,4200.66,0.92
2016-02-25,4212.48,4241.25,4173.25,4241.06,0.96
2016-02-26,4273.59,4275.83,4227.29,4235.62,-0.13
2016-02-29,4228.57,4263.31,4200.15,4201.12,-0.81
2016-03-01,4238.08,4333.61,4225.93,4333.61,3.15
2016-03-02,4328.72,4335.43,4301.09,4334.39,0.02
2016-03-03,4330.4,4331.49,4296.32,4325.86,-0.2
2016-03-04,4334.03,4356.34,4301.35,4329.0,0.07
2016-03-07,4303.81,4330.28,4271.56,4303.33,-0.59
2016-03-08,4272.72,4308.84,4258.82,4265.51,-0.88
2016-03-09,4281.1,4293.23,4258.08,4293.23,0.65
2016-03-10,4307.87,4335.33,4232.08,4286.97,-0.15
2016-03-11,4337.12,4361.83,4320.55,4361.83,1.75
2016-03-14,4347.94,4378.35,4347.55,4367.33,0.13
2016-03-15,4354.38,4371.29,4339.86,4367.08,-0.01
2016-03-16,4359.67,4416.11,4357.74,4404.2,0.85
2016-03-17,4390.06,4413.08,4376.87,4400.26,-0.09
2016-03-18,4408.82,4420.88,4387.8,4410.83,0.24
2016-03-21,4403.09,4430.44,4400.35,4426.98,0.37
2016-03-22,4403.47,4450.76,4401.26,4437.62,0.24
2016-03-23,4431.82,4434.76,4394.96,4402.56,-0.79
2016-03-24,4380.23,4405.99,4374.71,4405.53,0.07
2016-03-28,4415.04,4417.57,4393.08,4398.07,-0.17
2016-03-29,4391.19,4471.77,4384.27,4467.72,1.58
2016-03-30,4494.7,4518.18,4481.84,4490.88,0.52
2016-03-31,4491.01,4504.24,4478.13,4483.66,-0.16
2016-04-01,4461.77,4534.32,4452.11,4532.08,1.08
2016-04-04,4526.39,4533.43,4503.65,4511.7,-0.45
2016-04-05,4479.11,4494.71,4465.04,4470.75,-0.91
2016-04-06,4476.35,4544.59,4476.35,4543.78,1.63
2016-04-07,4519.02,4525.69,4459.72,4475.29,-1.51
2016-04-08,4506.97,4515.91,4459.56,4474.93,-0.01
2016-04-11,4496.26,4516.1,4458.47,4458.71,-0.36
2016-04-12,4464.07,4503.89,4435.05,4496.05,0.84
2016-04-13,4526.92,4560.11,4524.26,4554.72,1.3
2016-04-14,4554.66,4569.73,4541.66,4554.63,0.0
2016-04-15,4550.31,4558.92,4531.0,4543.16,-0.25
2016-04-18,4535.21,4570.58,4531.11,4569.31,0.58
2016-04-19,4573.58,4574.38,4515.98,4537.09,-0.71
2016-04-20,4539.2,4562.34,4523.9,4540.44,0.07
2016-04-21,4540.71,4558.67,4522.85,4540.8,0.01
2016-04-22,4478.45,4502.39,4440.14,4474.19,-1.47
2016-04-25,4459.67,4474.77,4452.87,4474.13,0.0
2016-04-26,4480.6,4490.06,4439.38,4452.97,-0.47
2016-04-27,4412.82,4426.28,4381.17,4416.63,-0.82
2016-04-28,4419.12,4447.2,4355.3,4363.99,-1.19
2016-04-29,4367.59,4372.97,4307.1,4341.3,-0.52
2016-05-02,4350.83,4386.98,4334.59,4381.3,0.92
2016-05-03,4349.08,4368.76,4329.76,4341.39,-0.91
2016-05-04,4314.5,4328.22,4301.07,4312.01,-0.68
2016-05-05,4326.91,4333.12,4299.61,4309.48,-0.06
2016-05-06,4290.36,4330.24,4282.0,4330.17,0.48
2016-05-09,4331.66,4361.87,4329.9,4341.23,0.26
2016-05-10,4360.73,4404.09,4351.16,4402.04,1.4
2016-05-11,4395.88,4407.93,4360.73,4361.03,-0.93
2016-05-12,4376.09,4377.86,4312.88,4342.81,-0.42
2016-05-13,4337.83,4364.24,4318.7,4326.53,-0.37
2016-05-16,4335.33,4395.7,4329.89,4380.48,1.25
2016-05-17,4376.55,4385.06,4311.18,4322.56,-1.32
2016-05-18,4314.34,4360.91,4305.73,4338.23,0.36
2016-05-19,4319.86,4331.58,4284.37,4315.58,-0.52
2016-05-20,4330.07,4379.98,4329.57,4362.9,1.1
2016-05-23,4364.73,4382.4,4353.36,4355.1,-0.18
2016-05-24,4381.34,4449.21,4380.46,4444.3,2.05
2016-05-25,4459.26,4488.52,4453.05,4476.43,0.72
2016-05-26,4478.57,4494.03,4469.76,4487.96,0.26
2016-05-27,4490.96,4512.54,4489.16,4512.54,0.55
2016-05-31,4513.85,4526.84,4497.65,4523.89,0.25
2016-06-01,4507.18,4530.39,4502.78,4520.07,-0.08
2016-06-02,4510.81,4531.35,4488.08,4531.35,3.59
2016-06-03,4520.98,4523.36,4480.8,4509.79,3.32
2016-06-06,4517.88,4536.55,4510.33,4523.63,2.4
2016-06-07,4527.86,4532.3,4511.42,4513.09,-0.23
2016-06-08,4521.1,4529.09,4505.39,4520.63,0.17
2016-06-09,4501.15,4518.5,4494.76,4512.69,-0.18
2016-06-10,4473.08,4480.48,4447.33,4461.05,-1.14
2016-06-13,4436.12,4461.26,4419.73,4422.76,-0.86
2016-06-14,4413.71,4439.73,4392.43,4424.91,0.05
2016-06-15,4433.68,4439.61,4404.58,4409.51,-0.35
2016-06-16,4387.9,4428.27,4362.16,4424.23,0.33
2016-06-17,4409.75,4409.75,4363.63,4374.38,-1.13
2016-06-20,4424.11,4444.06,4397.36,4400.16,0.59
2016-06-21,4408.03,4422.67,4398.64,4413.4,0.3
2016-06-22,4415.46,4442.02,4400.88,4404.73,-0.2
2016-06-23,4437.61,4467.48,4420.16,4467.48,1.42
2016-06-24,4294.8,4373.15,4274.54,4285.7,-4.07
2016-06-27,4247.71,4249.0,4179.73,4201.06,-1.97
2016-06-28,4245.32,4291.43,4245.29,4290.47,2.13
2016-06-29,4323.33,4373.96,4322.36,4364.74,1.73
2016-06-30,4378.75,4417.96,4359.57,4417.7,1.21
2016-07-01,4411.77,4453.86,4411.76,4437.45,-1.67
2016-07-05,4414.35,4418.04,4386.56,4410.75,-6.75
2016-07-06,4388.43,4447.23,4375.72,4444.7,0.77
2016-07-07,4451.15,4468.31,4438.8,4459.58,0.33
2016-07-08,4484.92,4529.72,4476.5,4528.36,1.54
2016-07-11,4544.33,4569.97,4544.33,4554.71,0.58
2016-07-12,4579.85,4588.24,4570.56,4577.61,0.5
2016-07-13,4589.13,4589.95,4565.7,4565.77,-0.26
2016-07-14,4597.19,4604.76,4585.7,4596.49,0.67
2016-07-15,4602.0,4607.18,4579.83,4589.83,-0.14
2016-07-18,4595.06,4627.57,4591.83,4619.68,0.65
2016-07-19,4601.68,4617.47,4595.38,4603.28,-0.36
2016-07-20,4630.85,4665.67,4623.93,4657.2,1.17
2016-07-21,4662.95,4669.53,4634.07,4647.02,-0.22
2016-07-22,4650.98,4670.54,4635.22,4666.07,0.41
2016-07-25,4662.9,4667.09,4650.5,4665.93,0.0
2016-07-26,4664.1,4687.9,4648.92,4672.11,0.13
2016-07-27,4711.11,4716.07,4685.11,4702.89,0.66
2016-07-28,4710.23,4725.78,4696.08,4721.41,0.39
2016-07-29,4734.7,4743.25,4715.77,4730.23,0.19
2016-08-01,4734.44,4767.24,4728.73,4756.04,5.03
2016-08-02,4748.42,4752.29,4689.55,4719.21,-1.81
2016-08-03,4716.58,4734.33,4712.1,4734.33,-1.03
2016-08-04,4731.54,4749.09,4719.01,4743.81,0.2
2016-08-05,4769.17,4799.86,4763.58,4791.21,1.0
2016-08-08,4791.1,4794.14,4770.22,4784.74,-0.14
2016-08-09,4787.92,4811.02,4786.38,4795.75,0.23
2016-08-10,4799.83,4799.88,4771.98,4783.39,-0.26
2016-08-11,4800.59,4813.36,4790.65,4803.31,0.42
2016-08-12,4794.35,4807.53,4790.49,4807.08,0.08
2016-08-15,4814.77,4837.67,4812.45,4827.12,0.42
2016-08-16,4814.21,4814.96,4796.92,4797.19,-0.62
2016-08-17,4799.03,4807.05,4772.43,4805.45,0.17
2016-08-18,4802.33,4814.54,4794.29,4808.68,0.07
2016-08-19,4800.2,4816.0,4786.27,4806.14,-0.05
2016-08-22,4797.95,4817.36,4791.06,4808.56,0.05
2016-08-23,4828.79,4836.45,4816.76,4818.48,0.21
2016-08-24,4812.49,4821.3,4770.73,4783.49,-0.73
2016-08-25,4773.68,4792.47,4768.0,4775.43,-0.17
2016-08-26,4782.46,4815.58,4758.1,4783.69,0.17
2016-08-29,4787.93,4804.42,4784.63,4791.09,0.15
2016-08-30,4787.77,4797.62,4760.28,4775.99,-0.32
2016-08-31,4770.23,4775.19,4751.69,4771.05,-0.1
2016-09-01,4774.81,4787.94,4750.24,4783.94,0.27
2016-09-02,4806.14,4816.7,4781.61,4798.74,0.31
2016-09-06,4806.66,4829.51,4797.34,4829.51,0.64
2016-09-07,4829.91,4839.59,4813.99,4831.86,0.05
2016-09-08,4816.48,4816.48,4791.22,4804.0,-0.58
2016-09-09,4763.04,4773.77,4681.54,4681.54,-2.55
2016-09-12,4656.59,4772.45,4656.51,4764.65,1.78
2016-09-13,4740.0,4756.2,4701.79,4722.85,-0.88
2016-09-14,4726.75,4770.39,4726.75,4746.06,0.49
2016-09-15,4749.71,4826.02,4748.67,4819.9,1.56
2016-09-16,4811.79,4821.85,4794.2,4818.05,-0.04
2016-09-19,4833.84,4843.76,4787.44,4796.07,-0.46
2016-09-20,4813.78,4824.21,4797.78,4805.22,0.19
2016-09-21,4826.58,4858.57,4797.9,4853.75,1.01
2016-09-22,4879.28,4895.5,4876.37,4891.36,0.77
2016-09-23,4881.45,4882.42,4853.41,4858.91,-0.66
2016-09-26,4830.17,4837.34,4812.32,4817.17,-0.86
2016-09-27,4813.89,4868.38,4811.28,4866.71,1.03
2016-09-28,4871.84,4877.3,4850.04,4875.27,0.18
2016-09-29,4868.46,4875.52,4819.02,4838.3,-0.76
2016-09-30,4856.1,4889.23,4846.9,4875.7,0.77
2016-10-03,4864.63,4872.14,4848.21,4866.63,-0.19
2016-10-04,4880.57,4891.5,4841.72,4859.47,-0.15
2016-10-05,4872.98,4891.35,4870.81,4877.75,0.38
2016-10-06,4871.95,4883.97,4851.53,4873.92,-0.08
2016-10-07,4883.94,4884.7,4840.93,4864.52,-0.19
2016-10-10,4887.73,4904.72,4885.59,4893.77,0.6
2016-10-11,4890.17,4890.17,4804.24,4821.91,-1.47
2016-10-12,4824.27,4836.55,4806.33,4819.64,-0.05
2016-10-13,4785.59,4816.33,4760.07,4803.1,-0.34
2016-10-14,4828.9,4845.99,4806.73,4808.48,0.11
2016-10-17,4808.47,4814.88,4790.45,4796.17,-0.26
2016-10-18,4849.91,4860.68,4837.31,4839.72,0.91
2016-10-19,4833.81,4845.07,4830.68,4836.61,-0.06
2016-10-20,4831.31,4842.32,4805.84,4832.71,-0.08
2016-10-21,4836.54,4853.61,4822.78,4851.86,0.4
2016-10-24,4884.16,4911.59,4880.77,4909.97,1.2
2016-10-25,4908.18,4911.76,4885.9,4891.45,-0.38
2016-10-26,4863.52,4886.32,4846.44,4860.59,-0.63
2016-10-27,4883.07,4885.83,4831.69,4836.45,-0.5
2016-10-28,4820.5,4848.55,4794.07,4805.59,-0.64
2016-10-31,4821.31,4823.92,4801.16,4801.27,-0.09
2016-11-01,4810.3,4811.02,4726.35,4766.94,-0.72
2016-11-02,4764.83,4773.65,4717.56,4726.91,-0.84
2016-11-03,4718.53,4732.2,4673.05,4679.1,-1.01
2016-11-04,4647.59,4697.94,4647.59,4660.46,-0.4
2016-11-07,4737.98,4777.06,4731.79,4773.73,2.43
2016-11-08,4766.48,4824.97,4757.25,4804.92,0.65
2016-11-09,4748.91,4832.95,4747.35,4825.18,0.42
2016-11-10,4849.71,4855.79,4685.74,4747.03,-1.62
2016-11-11,4729.14,4759.83,4711.96,4751.95,0.1
2016-11-14,4752.61,4753.27,4677.41,4702.04,-1.05
2016-11-15,4733.57,4778.65,4727.98,4764.47,1.33
2016-11-16,4745.03,4794.57,4742.95,4792.27,0.58
2016-11-17,4789.79,4826.75,4781.72,4826.59,0.72
2016-11-18,4832.81,4840.81,4804.44,4808.04,-0.38
2016-11-21,4822.03,4862.23,4819.57,4859.0,1.06
2016-11-22,4876.92,4884.63,4861.08,4873.84,0.31
2016-11-23,4856.72,4859.67,4832.59,4853.86,-0.41
2016-11-25,4861.47,4870.9,4853.04,4870.02,0.33
2016-11-28,4861.73,4878.87,4852.71,4857.02,-0.27
2016-11-29,4859.85,4896.57,4848.89,4873.21,0.33
2016-11-30,4876.3,4880.76,4810.81,4810.81,-1.28
2016-12-01,4806.77,4810.44,4723.57,4734.1,-1.59
2016-12-02,4734.38,4759.03,4721.41,4739.37,0.11
2016-12-05,4762.34,4795.28,4743.53,4778.14,0.82
2016-12-06,4786.06,4796.58,4769.39,4788.67,0.22
2016-12-07,4778.86,4854.32,4765.44,4851.94,1.32
2016-12-08,4849.75,4869.56,4843.04,4859.19,0.15
2016-12-09,4878.54,4897.24,4877.18,4895.9,0.76
2016-12-12,4878.04,4882.98,4854.27,4874.3,-0.44
2016-12-13,4893.65,4960.48,4890.15,4935.84,1.26
2016-12-14,4943.64,4955.25,4910.76,4921.22,-0.3
2016-12-15,4925.65,4959.9,4919.81,4933.41,0.25
2016-12-16,4945.04,4952.14,4904.38,4914.86,-0.38
2016-12-19,4919.16,4963.0,4911.75,4934.85,0.41
2016-12-20,4948.34,4961.55,4944.32,4953.8,0.38
2016-12-21,4952.07,4957.45,4938.24,4948.91,-0.1
2016-12-22,4948.36,4948.36,4917.33,4934.39,-0.29
2016-12-23,4927.53,4940.04,4922.95,4940.02,0.11
2016-12-27,4948.92,4992.08,4947.59,4965.81,0.52
2016-12-28,4976.42,4978.43,4922.09,4926.29,-0.8
2016-12-29,4923.93,4933.71,4903.28,4918.28,-0.16
2016-12-30,4925.36,4927.16,4853.93,4863.62,-1.11
2017-01-03,4900.85,4928.49,4884.52,4911.33,0.98
2017-01-04,4920.79,4944.74,4919.8,4937.21,0.53
2017-01-05,4936.35,4967.9,4935.34,4964.95,0.56
2017-01-06,4973.87,5020.7,4957.82,5007.08,0.85
2017-01-09,5013.82,5033.32,5009.45,5024.9,0.36
2017-01-10,5027.5,5049.83,5016.19,5035.17,0.2
2017-01-11,5033.88,5050.21,5012.65,5050.21,0.3
2017-01-12,5029.28,5044.37,4995.07,5041.43,-0.17
2017-01-13,5047.56,5066.95,5045.92,5059.51,0.36
2017-01-17,5043.07,5053.2,5029.61,5044.65,-0.29
2017-01-18,5050.26,5058.2,5039.18,5055.85,0.22
2017-01-19,5061.1,5078.41,5041.21,5051.17,-0.09
2017-01-20,5070.15,5085.34,5050.02,5063.2,0.24
2017-01-23,5055.97,5073.24,5035.49,5065.7,0.05
2017-01-24,5079.61,5108.22,5068.37,5101.06,0.7
2017-01-25,5132.87,5153.18,5129.0,5151.47,0.99
2017-01-26,5164.12,5168.2,5148.85,5156.92,0.11
2017-01-27,5169.49,5172.43,5150.18,5168.06,0.22
2017-01-30,5146.41,5146.88,5098.34,5129.33,-0.75
2017-01-31,5107.47,5116.8,5086.33,5116.77,-0.24
2017-02-01,5157.83,5162.46,5128.9,5152.69,0.7
2017-02-02,5141.27,5162.56,5128.76,5147.7,-0.1
2017-02-03,5153.61,5165.47,5147.58,5161.6,0.27
2017-02-06,5154.18,5167.96,5148.06,5167.96,0.12
2017-02-07,5178.85,5196.27,5174.34,5185.88,0.35
2017-02-08,5176.5,5201.57,5168.98,5196.58,0.21
2017-02-09,5200.17,5221.62,5196.07,5212.16,0.3
2017-02-10,5219.81,5234.27,5212.84,5226.69,0.28
2017-02-13,5242.49,5262.42,5241.0,5256.82,0.58
2017-02-14,5251.36,5271.1,5238.69,5271.07,0.27
2017-02-15,5266.12,5304.34,5264.44,5302.39,0.59
2017-02-16,5306.38,5316.79,5287.54,5300.64,-0.03
2017-02-17,5295.49,5324.72,5291.7,5324.72,0.45
2017-02-21,5334.57,5353.16,5330.47,5350.73,0.49
2017-02-22,5345.18,5354.73,5335.8,5352.13,0.03
2017-02-23,5358.03,5358.53,5309.99,5332.37,-0.37
2017-02-24,5305.23,5343.31,5304.01,5343.31,0.21
2017-02-27,5330.56,5347.88,5322.14,5347.55,0.08
2017-02-28,5344.18,5347.47,5316.7,5330.31,-0.32
2017-03-01,5368.65,5398.43,5355.38,5390.99,1.14
2017-03-02,5386.34,5387.73,5355.53,5363.26,-0.51
2017-03-03,5355.21,5373.48,5344.48,5373.48,0.19
2017-03-06,5352.61,5368.27,5338.61,5360.31,-0.25
2017-03-07,5348.2,5373.26,5341.43,5351.28,-0.17
2017-03-08,5351.35,5375.77,5348.73,5359.81,0.16
2017-03-09,5355.78,5370.66,5336.08,5363.98,0.08
2017-03-10,5390.46,5394.66,5364.1,5385.9,0.41
2017-03-13,5387.73,5396.39,5382.02,5394.57,0.16
2017-03-14,5382.79,5384.88,5360.7,5382.17,-0.23
2017-03-15,5392.48,5426.84,5375.88,5416.25,0.63
2017-03-16,5421.46,5423.66,5399.27,5412.08,-0.08
2017-03-17,5413.47,5423.28,5406.81,5408.76,-0.06
2017-03-20,5406.02,5426.47,5400.16,5413.31,0.08
2017-03-21,5433.28,5439.58,5328.71,5332.53,-1.49
2017-03-22,5332.64,5372.27,5327.25,5367.55,0.66
2017-03-23,5356.71,5375.43,5346.3,5355.14,-0.23
2017-03-24,5376.74,5392.28,5345.94,5364.0,0.17
2017-03-27,5320.96,5383.22,5316.02,5374.27,0.19
2017-03-28,5371.9,5422.25,5363.29,5407.21,0.61
2017-03-29,5410.14,5433.36,5405.1,5430.27,0.43
2017-03-30,5430.31,5446.51,5425.3,5439.74,0.17
2017-03-31,5430.99,5451.5,5427.5,5436.23,-0.06
2017-04-03,5440.2,5453.44,5403.31,5432.2,-0.07
2017-04-04,5415.53,5441.34,5415.3,5440.41,0.15
2017-04-05,5447.27,5479.86,5409.04,5418.52,-0.4
2017-04-06,5423.65,5435.06,5407.87,5420.88,0.04
2017-04-07,5420.94,5434.18,5400.08,5418.37,-0.05
2017-04-10,5423.57,5442.71,5406.58,5421.68,0.06
2017-04-11,5413.91,5422.79,5359.14,5398.4,-0.43
2017-04-12,5394.61,5399.55,5370.24,5377.03,-0.4
2017-04-13,5370.69,5398.99,5353.59,5353.59,-0.44
2017-04-17,5369.21,5399.2,5367.59,5399.2,0.85
2017-04-18,5383.74,5405.54,5377.91,5391.66,-0.14
2017-04-19,5416.3,5431.0,5392.28,5399.64,0.15
2017-04-20,5422.47,5455.88,5413.32,5443.53,0.81
2017-04-21,5447.28,5450.81,5430.22,5442.05,-0.03
2017-04-24,5503.27,5513.57,5494.46,5508.03,1.21
2017-04-25,5523.48,5557.93,5521.52,5548.19,0.73
2017-04-26,5553.6,5563.97,5537.99,5541.09,-0.13
2017-04-27,5555.27,5573.26,5551.55,5571.28,0.54
2017-04-28,5598.47,5600.0,5575.21,5583.53,0.22
2017-05-01,5602.44,5640.48,5600.31,5629.63,0.83
2017-05-02,5642.41,5645.08,5625.49,5644.07,0.26
2017-05-03,5624.88,5629.78,5608.16,5625.16,-0.34
2017-05-04,5623.57,5633.49,5606.05,5626.32,0.02
2017-05-05,5640.78,5646.09,5619.6,5646.09,0.35
2017-05-08,5649.18,5659.07,5638.0,5659.07,0.23
2017-05-09,5667.98,5691.21,5664.0,5678.31,0.34
2017-05-10,5681.33,5683.64,5661.44,5681.68,0.06
2017-05-11,5662.59,5675.5,5637.4,5674.22,-0.13
2017-05-12,5683.58,5687.42,5672.04,5686.81,0.22
2017-05-15,5687.97,5706.61,5683.1,5704.48,0.31
2017-05-16,5715.15,5724.71,5699.41,5724.44,0.35
2017-05-17,5673.62,5688.74,5578.16,5580.55,-2.51
2017-05-18,5569.81,5645.08,5568.47,5626.31,0.82
2017-05-19,5640.71,5673.63,5640.68,5651.56,0.45
2017-05-22,5662.95,5701.05,5661.59,5699.4,0.85
2017-05-23,5714.94,5716.55,5690.2,5703.35,0.07
2017-05-24,5720.83,5732.57,5705.17,5730.3,0.47
2017-05-25,5748.29,5793.13,5738.82,5778.37,0.84
2017-05-26,5782.17,5790.2,5771.71,5788.36,0.17
2017-05-30,5785.38,5799.99,5781.37,5794.63,0.11
2017-05-31,5812.97,5813.26,5762.56,5788.8,-0.1
2017-06-01,5804.17,5816.6,5779.89,5816.51,0.48
2017-06-02,5834.41,5881.46,5825.74,5881.46,1.12
2017-06-05,5881.22,5888.92,5871.09,5878.12,-0.06
2017-06-06,5869.48,5890.88,5848.32,5856.77,-0.36
2017-06-07,5871.77,5883.19,5845.96,5877.59,0.36
2017-06-08,5894.75,5895.18,5852.65,5885.3,0.13
2017-06-09,5891.67,5897.69,5657.76,5741.94,-2.44
2017-06-12,5677.16,5716.2,5633.34,5708.18,-0.59
2017-06-13,5740.21,5760.54,5709.17,5751.82,0.76
2017-06-14,5774.12,5774.2,5682.35,5727.07,-0.43
2017-06-15,5661.36,5707.37,5634.58,5700.89,-0.46
2017-06-16,5694.21,5695.74,5656.62,5681.48,-0.34
2017-06-19,5729.54,5776.37,5724.49,5772.22,1.6
2017-06-20,5763.0,5772.17,5725.01,5726.31,-0.8
2017-06-21,5740.58,5784.92,5737.01,5782.39,0.98
2017-06-22,5787.44,5802.46,5767.87,5779.87,-0.04
2017-06-23,5775.03,5810.31,5759.7,5803.11,0.4
2017-06-26,5832.31,5845.15,5765.87,5777.59,-0.44
2017-06-27,5752.72,5761.04,5671.6,5671.6,-1.83
2017-06-28,5693.48,5757.23,5660.53,5753.03,1.44
2017-06-29,5723.31,5723.66,5599.44,5653.02,-1.74
2017-06-30,5676.4,5681.9,5637.74,5646.92,-0.11
2017-07-03,5680.36,5684.98,5592.53,5596.96,-0.88
2017-07-05,5611.0,5663.6,5593.66,5648.82,0.93
2017-07-06,5606.42,5628.84,5579.64,5597.9,-0.9
2017-07-07,5618.85,5673.02,5618.85,5656.47,1.05
2017-07-10,5662.71,5708.62,5650.26,5694.15,0.67
2017-07-11,5687.03,5717.91,5667.27,5709.8,0.27
2017-07-12,5757.2,5785.0,5749.65,5778.95,1.21
2017-07-13,5785.32,5806.18,5776.62,5793.36,0.25
2017-07-14,5815.04,5844.8,5799.85,5838.08,0.77
2017-07-17,5845.82,5860.64,5830.25,5839.74,0.03
2017-07-18,5832.92,5880.55,5818.2,5880.1,0.69
2017-07-19,5898.4,5922.37,5895.54,5916.16,0.61
2017-07-20,5929.58,5932.61,5896.61,5921.22,0.09
2017-07-21,5905.6,5921.53,5890.25,5921.53,0.01
2017-07-24,5920.93,5950.58,5912.74,5941.37,0.34
2017-07-25,5927.1,5945.06,5916.29,5930.65,-0.18
2017-07-26,5944.16,5954.38,5939.17,5950.73,0.34
2017-07-27,5994.02,5995.77,5847.05,5917.03,-0.57
2017-07-28,5883.7,5918.31,5868.92,5908.92,-0.14
2017-07-31,5928.68,5932.37,5871.79,5880.33,-0.48
2017-08-01,5900.64,5905.29,5880.45,5895.17,0.25
2017-08-02,5934.07,5936.15,5859.62,5914.23,0.32
2017-08-03,5915.73,5917.47,5879.72,5891.2,-0.39
2017-08-04,5899.69,5912.56,5877.06,5899.91,0.15
2017-08-07,5909.45,5936.79,5903.75,5934.73,0.59
2017-08-08,5922.64,5972.93,5910.5,5926.35,-0.14
2017-08-09,5879.55,5920.96,5866.17,5919.39,-0.12
2017-08-10,5880.14,5887.27,5783.36,5788.19,-2.22
2017-08-11,5792.32,5844.61,5785.26,5831.53,0.75
2017-08-14,5878.64,5916.33,5878.0,5908.17,1.31
2017-08-15,5917.29,5919.75,5893.85,5907.73,-0.01
2017-08-16,5920.68,5944.98,5899.56,5917.42,0.16
2017-08-17,5896.32,5903.87,5796.32,5796.32,-2.05
2017-08-18,5803.9,5831.08,5770.14,5790.91,-0.09
2017-08-21,5791.04,5804.3,5750.5,5786.54,-0.08
2017-08-22,5817.29,5879.0,5817.02,5873.33,1.5
2017-08-23,5842.16,5864.78,5840.71,5851.78,-0.37
2017-08-24,5863.99,5871.87,5802.77,5834.44,-0.3
2017-08-25,5854.31,5870.47,5815.6,5822.53,-0.2
2017-08-28,5839.27,5852.8,5821.87,5838.08,0.27
2017-08-29,5785.29,5871.79,5785.22,5862.14,0.41
2017-08-30,5870.88,5940.57,5865.34,5932.9,1.21
2017-08-31,5948.74,5995.45,5945.95,5988.6,0.94
2017-09-01,6001.82,6009.61,5972.27,5987.9,-0.01
2017-09-05,5966.64,5980.91,5890.25,5932.73,-0.92
2017-09-06,5949.54,5964.38,5909.92,5951.13,0.31
2017-09-07,5960.44,5980.15,5943.89,5964.31,0.22
2017-09-08,5957.19,5958.81,5907.96,5913.37,-0.85
2017-09-11,5962.35,5990.87,5960.87,5980.53,1.14
2017-09-12,5998.75,6002.97,5968.09,5995.64,0.25
2017-09-13,5982.85,6004.47,5974.88,6004.38,0.15
2017-09-14,5981.85,5997.23,5965.06,5968.82,-0.59
2017-09-15,5965.66,6009.45,5957.85,5988.0,0.32
2017-09-18,5997.51,6012.95,5963.17,5981.12,-0.11
2017-09-19,5991.93,5998.24,5971.17,5991.08,0.17
2017-09-20,5987.72,5994.53,5927.7,5973.61,-0.29
2017-09-21,5965.6,5965.6,5915.74,5934.91,-0.65
2017-09-22,5912.2,5937.59,5911.48,5932.32,-0.04
2017-09-25,5904.06,5908.57,5839.89,5867.35,-1.1
2017-09-26,5893.18,5908.47,5862.99,5881.34,0.24
2017-09-27,5912.96,5957.75,5900.35,5937.79,0.96
2017-09-28,5920.65,5939.22,5908.62,5933.07,-0.08
2017-09-29,5941.78,5980.22,5930.82,5979.3,0.78
2017-10-02,5988.96,6005.2,5955.83,5981.92,0.04
2017-10-03,5986.85,5999.19,5976.65,5995.06,0.22
2017-10-04,5983.31,6009.81,5976.12,5998.84,0.06
2017-10-05,6018.27,6059.21,6014.77,6057.14,0.97
2017-10-06,6037.44,6064.67,6037.02,6064.57,0.12
2017-10-09,6071.96,6078.81,6051.33,6058.53,-0.1
2017-10-10,6078.27,6084.14,6036.72,6063.52,0.08
2017-10-11,6062.73,6082.25,6052.44,6081.25,0.29
2017-10-12,6072.21,6093.76,6063.47,6069.99,-0.19
2017-10-13,6094.72,6100.06,6087.03,6092.45,0.37
2017-10-16,6108.66,6115.53,6095.63,6114.53,0.36
2017-10-17,6111.32,6122.82,6103.66,6122.61,0.13
2017-10-18,6128.91,6129.49,6106.85,6114.35,-0.13
2017-10-19,6074.28,6092.87,6051.47,6092.62,-0.36
2017-10-20,6114.46,6122.56,6102.16,6108.82,0.27
2017-10-23,6122.24,6122.24,6061.08,6067.83,-0.67
2017-10-24,6078.02,6090.89,6057.69,6080.22,0.2
2017-10-25,6069.35,6087.58,6011.24,6055.04,-0.41
2017-10-26,6056.05,6066.61,6035.96,6037.87,-0.28
2017-10-27,6138.23,6223.52,6129.8,6213.47,2.91
2017-10-30,6209.8,6250.85,6202.53,6227.59,0.23
2017-10-31,6241.88,6258.42,6229.15,6248.56,0.34
2017-11-01,6274.26,6276.67,6224.58,6248.65,0.0
2017-11-02,6238.29,6243.74,6194.58,6236.39,-0.2
2017-11-03,6266.19,6297.62,6237.65,6295.58,0.95
2017-11-06,6292.15,6318.58,6291.84,6313.61,0.29
2017-11-07,6314.69,6328.58,6299.53,6320.78,0.11
2017-11-08,6319.03,6346.98,6308.62,6345.81,0.4
2017-11-09,6295.29,6315.16,6248.29,6312.21,-0.53
2017-11-10,6297.15,6313.17,6284.22,6309.07,-0.05
2017-11-13,6286.01,6325.18,6285.97,6316.18,0.11
2017-11-14,6293.33,6300.46,6263.77,6293.64,-0.36
2017-11-15,6261.27,6276.8,6227.99,6258.36,-0.56
2017-11-16,6293.46,6352.47,6293.46,6339.14,1.29
2017-11-17,6343.64,6345.56,6308.48,6314.51,-0.39
2017-11-20,6319.57,6324.59,6301.88,6308.61,-0.09
2017-11-21,6336.91,6380.07,6336.26,6378.63,1.11
2017-11-22,6384.13,6391.16,6371.75,6386.12,0.12
2017-11-24,6393.33,6410.77,6389.4,6409.29,0.36
2017-11-27,6409.52,6420.21,6392.01,6405.97,-0.05
2017-11-28,6419.48,6426.04,6385.32,6422.56,0.26
2017-11-29,6412.69,6412.69,6279.37,6311.38,-1.73
2017-11-30,6337.34,6374.19,6321.43,6365.56,0.86
2017-12-01,6325.61,6365.3,6244.84,6337.87,-0.43
2017-12-04,6380.68,6380.77,6256.81,6263.7,-1.17
2017-12-05,6242.47,6337.06,6235.77,6265.11,0.02
2017-12-06,6243.72,6304.1,6234.22,6293.05,0.45
2017-12-07,6300.64,6333.29,6290.65,6316.28,0.37
2017-12-08,6364.6,6377.55,6335.23,6344.57,0.45
2017-12-11,6351.24,6394.43,6347.91,6393.89,0.78
2017-12-12,6389.47,6403.5,6371.69,6383.65,-0.16
2017-12-13,6405.41,6416.83,6388.41,6394.67,0.17
2017-12-14,6407.26,6423.68,6386.25,6389.91,-0.07
2017-12-15,6405.15,6470.92,6405.03,6466.32,1.2
2017-12-18,6504.89,6522.7,6495.18,6513.27,0.73
2017-12-19,6505.36,6510.87,6462.79,6480.67,-0.5
2017-12-20,6504.55,6504.55,6447.93,6472.48,-0.13
2017-12-21,6481.08,6501.52,6467.78,6472.69,0.0
2017-12-22,6462.55,6467.83,6449.0,6465.17,-0.12
2017-12-26,6427.32,6438.24,6407.99,6433.16,-0.5
2017-12-27,6437.06,6448.94,6425.92,6435.15,0.03
2017-12-28,6449.53,6452.07,6432.68,6441.42,0.1
2017-12-29,6439.91,6442.53,6396.42,6396.42,-0.7
2018-01-02,6431.59,6513.02,6417.75,6511.34,1.8
2018-01-03,6520.03,6579.25,6519.26,6575.8,0.99
2018-01-04,6595.75,6603.17,6576.92,6584.58,0.13
2018-01-05,6613.13,6654.98,6605.03,6653.29,1.04
2018-01-08,6651.68,6680.32,6649.2,6676.63,0.35
2018-01-09,6692.87,6696.12,6658.27,6677.94,0.02
2018-01-10,6640.66,6663.51,6619.35,6662.66,-0.23
2018-01-11,6675.69,6708.49,6664.74,6708.49,0.69
2018-01-12,6699.32,6763.98,6695.52,6758.54,0.75
2018-01-16,6807.85,6835.79,6719.11,6737.14,-0.32
2018-01-17,6767.85,6820.04,6738.45,6810.28,1.09
2018-01-18,6804.59,6826.79,6784.72,6811.38,0.02
2018-01-19,6829.04,6843.24,6801.59,6834.33,0.34
2018-01-22,6829.55,6906.28,6822.85,6906.28,1.05
2018-01-23,6928.27,6969.4,6926.37,6963.46,0.83
2018-01-24,6975.38,6992.91,6880.68,6919.35,-0.63
2018-01-25,6965.01,6967.6,6894.84,6916.3,-0.04
2018-01-26,6956.66,7022.97,6941.48,7022.97,1.54
2018-01-29,7000.68,7020.64,6974.7,6988.32,-0.49
2018-01-30,6910.39,6958.79,6894.63,6930.73,-0.82
2018-01-31,6972.81,6983.61,6915.48,6949.99,0.28
2018-02-01,6910.57,6970.77,6879.02,6901.5,-0.7
2018-02-02,6866.38,6889.07,6756.54,6760.29,-2.05
2018-02-05,6687.47,6807.96,6495.39,6495.92,-3.91
2018-02-06,6378.6,6673.41,6370.48,6665.98,2.62
2018-02-07,6632.98,6716.25,6581.38,6582.02,-1.26
2018-02-08,6595.81,6606.05,6304.18,6306.1,-4.19
2018-02-09,6395.16,6453.43,6164.43,6412.68,1.69
2018-02-12,6477.04,6565.28,6424.3,6523.85,1.73
2018-02-13,6482.77,6567.62,6478.41,6553.86,0.46
2018-02-14,6523.26,6684.15,6520.39,6675.03,1.85
2018-02-15,6734.34,6795.92,6665.92,6794.92,1.8
2018-02-16,6778.28,6840.6,6758.51,6770.66,-0.36
2018-02-20,6742.15,6838.0,6740.48,6779.69,0.13
2018-02-21,6808.6,6879.47,6759.22,6759.26,-0.3
2018-02-22,6793.08,6826.01,6744.05,6761.85,0.04
2018-02-23,6816.43,6897.53,6789.03,6896.6,1.99
2018-02-26,6933.82,6989.36,6927.46,6989.1,1.34
2018-02-27,6984.83,7003.13,6900.35,6900.35,-1.27
2018-02-28,6945.2,6964.16,6854.42,6854.42,-0.67
2018-03-01,6862.94,6892.38,6687.44,6750.54,-1.52
2018-03-02,6661.91,6820.37,6645.03,6811.04,0.9
2018-03-05,6777.63,6901.63,6753.83,6881.28,1.03
2018-03-06,6919.79,6937.03,6872.06,6913.02,0.46
2018-03-07,6855.57,6935.48,6850.91,6929.39,0.24
2018-03-08,6955.85,6971.0,6931.35,6966.43,0.53
2018-03-09,7014.84,7101.31,7007.3,7101.18,1.93
2018-03-12,7122.47,7156.25,7108.04,7131.12,0.42
2018-03-13,7172.25,7186.09,7025.83,7046.51,-1.19
2018-03-14,7077.85,7084.07,7012.57,7040.98,-0.08
2018-03-15,7050.66,7075.55,7010.01,7030.97,-0.14
2018-03-16,7058.12,7061.67,7011.69,7019.95,-0.16
2018-03-19,6945.97,6949.02,6806.16,6864.88,-2.21
2018-03-20,6871.09,6902.23,6845.85,6885.92,0.31
2018-03-21,6863.29,6930.7,6828.88,6853.45,-0.47
2018-03-22,6763.94,6809.94,6679.35,6682.26,-2.5
2018-03-23,6683.19,6708.58,6507.84,6508.09,-2.61
2018-03-26,6644.4,6760.65,6538.79,6753.83,3.78
2018-03-27,6791.39,6793.5,6479.56,6529.84,-3.32
2018-03-28,6488.02,6559.88,6410.04,6460.81,-1.06
2018-03-29,6493.51,6640.76,6435.67,6581.13,1.86
2018-04-02,6528.23,6560.96,6322.6,6390.84,-2.89
2018-04-03,6448.05,6485.27,6343.9,6458.83,1.06
2018-04-04,6326.54,6578.56,6326.54,6560.06,1.57
2018-04-05,6619.22,6632.21,6550.28,6594.84,0.53
2018-04-06,6514.48,6587.36,6402.03,6433.21,-2.45
2018-04-09,6488.48,6604.26,6466.04,6472.34,0.61
2018-04-10,6585.53,6639.97,6534.89,6615.87,2.22
2018-04-11,6578.84,6650.29,6574.88,6583.44,-0.49
2018-04-12,6627.32,6682.69,6618.81,6656.26,1.11
2018-04-13,6696.02,6703.31,6598.34,6628.34,-0.42
2018-04-16,6675.92,6699.76,6633.08,6675.18,0.71
2018-04-17,6738.65,6834.31,6729.79,6816.37,2.12
2018-04-18,6824.58,6856.96,6788.32,6833.21,0.25
2018-04-19,6793.08,6815.04,6749.07,6774.89,-0.85
2018-04-20,6754.68,6757.68,6642.83,6667.75,-1.58
2018-04-23,6699.16,6721.65,6613.55,6648.8,-0.28
2018-04-24,6680.88,6688.89,6464.74,6509.05,-2.1
2018-04-25,6514.33,6540.76,6426.57,6513.94,0.08
2018-04-26,6606.61,6673.65,6579.12,6649.65,2.08
2018-04-27,6748.59,6750.78,6619.26,6656.35,0.1
2018-04-30,6669.44,6712.5,6593.6,6605.57,-0.76
2018-05-01,6592.93,6685.41,6578.26,6681.96,1.16
2018-05-02,6694.52,6715.96,6637.96,6644.48,-0.56
2018-05-03,6608.7,6667.29,6539.87,6643.48,-0.02
2018-05-04,6618.7,6783.36,6612.39,6769.12,1.89
2018-05-07,6803.45,6846.46,6796.05,6821.87,0.78
2018-05-08,6813.91,6830.87,6770.3,6815.48,-0.09
2018-05-09,6830.55,6895.93,6807.4,6893.21,1.14
2018-05-10,6909.18,6966.93,6906.77,6963.55,1.02
2018-05-11,6948.87,6969.3,6923.61,6952.56,-0.16
2018-05-14,6977.35,7008.26,6954.64,6964.37,0.17
2018-05-15,6909.32,6912.04,6852.73,6888.54,-1.09
2018-05-16,6892.89,6944.54,6891.65,6929.97,0.6
2018-05-17,6905.75,6952.98,6869.39,6901.63,-0.41
2018-05-18,6876.65,6897.91,6857.58,6866.25,-0.51
2018-05-21,6920.32,6948.27,6876.35,6905.53,0.57
2018-05-22,6934.7,6947.43,6883.75,6893.62,-0.17
2018-05-23,6847.27,6954.7,6846.94,6953.63,0.87
2018-05-24,6951.52,6963.68,6882.57,6949.7,-0.06
2018-05-25,6951.47,6982.52,6941.85,6960.92,0.16
2018-05-29,6928.5,6964.65,6887.12,6926.54,-0.49
2018-05-30,6955.59,6987.63,6938.02,6976.37,0.72
2018-05-31,6969.93,7016.42,6955.99,6967.73,-0.12
2018-06-01,7010.08,7084.84,7008.02,7083.93,1.67
2018-06-04,7099.5,7146.77,7099.09,7143.57,0.84
2018-06-05,7162.41,7179.82,7137.13,7166.75,0.32
2018-06-06,7180.24,7212.45,7140.92,7210.08,0.6
2018-06-07,7212.43,7212.43,7115.86,7152.83,-0.79
2018-06-08,7121.76,7161.92,7100.73,7152.62,0.0
2018-06-11,7149.65,7187.45,7146.09,7168.48,0.22
2018-06-12,7181.67,7214.49,7173.76,7209.18,0.57
2018-06-13,7219.58,7261.17,7193.02,7205.26,-0.05
2018-06-14,7233.7,7291.31,7233.7,7279.59,1.03
2018-06-15,7245.16,7268.84,7220.97,7255.76,-0.33
2018-06-18,7201.18,7256.43,7186.16,7251.41,-0.06
2018-06-19,7158.8,7229.99,7138.02,7228.04,-0.32
2018-06-20,7264.85,7309.99,7256.87,7280.7,0.73
2018-06-21,7304.05,7308.26,7203.93,7217.49,-0.87
2018-06-22,7239.72,7239.75,7177.46,7197.51,-0.28
2018-06-25,7131.05,7144.29,6976.96,7038.17,-2.21
2018-06-26,7061.23,7108.45,7040.06,7068.2,0.43
2018-06-27,7096.6,7128.77,6968.3,6969.67,-1.39
2018-06-28,6963.37,7055.25,6950.23,7031.6,0.89
2018-06-29,7071.49,7101.83,7031.4,7040.8,0.13
2018-07-02,6979.54,7099.27,6969.16,7097.82,0.81
2018-07-03,7121.71,7122.45,7009.51,7014.55,-1.17
2018-07-05,7064.0,7105.54,7025.25,7101.05,1.23
2018-07-06,7114.17,7217.0,7106.1,7207.33,1.5
2018-07-09,7251.18,7277.58,7221.32,7276.0,0.95
2018-07-10,7287.05,7297.79,7257.49,7282.6,0.09
2018-07-11,7221.66,7271.12,7220.23,7243.98,-0.53
2018-07-12,7276.38,7368.72,7274.16,7366.25,1.69
2018-07-13,7372.28,7387.74,7348.96,7375.82,0.13
2018-07-16,7381.03,7390.64,7346.34,7357.9,-0.24
2018-07-17,7291.48,7418.43,7288.3,7403.89,0.63
2018-07-18,7407.25,7411.25,7368.36,7390.13,-0.19
2018-07-19,7364.66,7388.99,7344.33,7352.36,-0.51
2018-07-20,7379.13,7398.59,7343.37,7350.23,-0.03
2018-07-23,7335.42,7376.82,7301.34,7371.78,0.29
2018-07-24,7455.51,7475.99,7375.74,7406.25,0.47
2018-07-25,7406.1,7511.39,7405.64,7508.59,1.38
2018-07-26,7404.56,7430.12,7385.72,7400.75,-1.44
2018-07-27,7443.24,7443.24,7255.32,7296.78,-1.4
2018-07-30,7292.72,7299.08,7158.78,7193.1,-1.42
2018-07-31,7219.67,7272.96,7179.41,7231.98,0.54
2018-08-01,7269.2,7294.8,7234.64,7272.89,0.57
2018-08-02,7221.35,7380.56,7221.35,7372.15,1.36
2018-08-03,7389.36,7395.49,7356.33,7395.49,0.32
2018-08-06,7390.82,7439.55,7381.58,7438.99,0.59
2018-08-07,7459.32,7478.96,7443.88,7462.65,0.32
2018-08-08,7454.42,7486.21,7435.77,7469.55,0.09
2018-08-09,7467.51,7498.37,7458.57,7466.96,-0.03
2018-08-10,7409.05,7436.69,7382.83,7408.3,-0.79
2018-08-13,7420.18,7468.82,7398.53,7401.17,-0.1
2018-08-14,7430.45,7455.42,7390.0,7447.17,0.62
2018-08-15,7385.67,7409.48,7308.52,7354.66,-1.24
2018-08-16,7409.61,7422.83,7361.88,7374.29,0.27
2018-08-17,7352.63,7394.94,7312.65,7377.54,0.04
2018-08-20,7393.58,7395.75,7343.47,7371.42,-0.08
2018-08-21,7393.46,7441.42,7388.37,7397.23,0.35
2018-08-22,7379.84,7434.48,7374.69,7424.6,0.37
2018-08-23,7420.31,7465.87,7405.4,7413.84,-0.14
2018-08-24,7443.71,7489.54,7442.99,7485.4,0.97
2018-08-27,7527.37,7560.76,7512.02,7559.13,0.98
2018-08-28,7580.85,7588.72,7556.71,7570.25,0.15
2018-08-29,7585.13,7661.95,7583.52,7660.18,1.19
2018-08-30,7645.11,7691.1,7619.73,7642.67,-0.23
2018-08-31,7634.44,7676.46,7628.54,7654.55,0.16
2018-09-04,7629.34,7643.45,7581.35,7622.32,-0.42
2018-09-05,7600.95,7607.18,7498.38,7523.26,-1.3
2018-09-06,7527.22,7532.3,7405.32,7453.17,-0.93
2018-09-07,7402.19,7489.4,7400.99,7430.26,-0.31
2018-09-10,7466.76,7473.75,7410.74,7447.68,0.23
2018-09-11,7415.09,7519.45,7401.72,7507.87,0.81
2018-09-12,7493.38,7501.24,7422.91,7488.06,-0.26
2018-09-13,7535.23,7578.76,7531.66,7561.69,0.98
2018-09-14,7575.38,7581.3,7515.04,7545.5,-0.21
2018-09-17,7522.59,7533.92,7427.79,7434.73,-1.47
2018-09-18,7440.86,7531.2,7436.53,7494.4,0.8
2018-09-19,7498.24,7513.34,7441.56,7490.32,-0.05
2018-09-20,7534.02,7582.43,7523.87,7569.03,1.05
2018-09-21,7587.39,7603.86,7522.12,7531.07,-0.5
2018-09-24,7477.45,7554.95,7447.23,7548.75,0.23
2018-09-25,7552.02,7568.17,7525.19,7563.19,0.19
2018-09-26,7563.96,7637.62,7553.26,7563.09,0.0
2018-09-27,7600.35,7657.8,7596.96,7629.57,0.88
2018-09-28,7612.65,7649.3,7598.69,7627.65,-0.03
2018-10-01,7673.0,7700.56,7627.47,7645.45,0.23
2018-10-02,7632.37,7685.36,7610.25,7628.28,-0.22
2018-10-03,7663.09,7676.9,7625.6,7637.43,0.12
2018-10-04,7603.01,7608.24,7436.26,7490.0,-1.93
2018-10-05,7482.04,7510.45,7327.44,7399.01,-1.21
2018-10-08,7356.54,7415.54,7267.02,7352.82,-0.62
2018-10-09,7352.44,7430.36,7339.86,7371.62,0.26
2018-10-10,7319.81,7329.24,7042.06,7044.5,-4.44
2018-10-11,7013.48,7120.1,6892.89,6964.03,-1.14
2018-10-12,7150.21,7179.04,7019.89,7157.21,2.77
2018-10-15,7129.31,7144.16,7047.47,7068.67,-1.24
2018-10-16,7141.67,7291.26,7133.29,7276.43,2.94
2018-10-17,7310.0,7311.85,7205.76,7278.63,0.03
2018-10-18,7250.92,7251.54,7081.89,7116.09,-2.23
2018-10-19,7169.45,7227.96,7080.74,7107.23,-0.12
2018-10-22,7146.03,7193.72,7088.9,7141.21,0.48
2018-10-23,7002.69,7149.13,6933.56,7118.67,-0.32
2018-10-24,7101.85,7117.34,6777.47,6789.15,-4.63
2018-10-25,6891.27,7063.92,6866.75,7016.39,3.35
2018-10-26,6804.69,6976.94,6743.78,6852.4,-2.34
2018-10-29,6954.69,6973.19,6574.75,6713.9,-2.02
2018-10-30,6673.84,6816.27,6652.53,6810.12,1.43
2018-10-31,6933.11,7030.51,6924.09,6967.1,2.31
2018-11-01,6980.79,7071.84,6932.21,7069.17,1.47
2018-11-02,7042.3,7085.27,6909.07,6965.29,-1.47
2018-11-05,6946.15,6952.93,6859.8,6937.09,-0.4
2018-11-06,6939.13,7024.78,6928.0,6988.85,0.75
2018-11-07,7068.5,7205.96,7057.71,7203.13,3.07
2018-11-08,7176.19,7192.32,7125.14,7158.59,-0.62
2018-11-09,7095.45,7104.39,6982.89,7039.15,-1.67
2018-11-12,6990.37,6998.8,6819.38,6829.1,-2.98
2018-11-13,6858.59,6951.44,6811.68,6830.91,0.03
2018-11-14,6896.2,6916.1,6736.18,6769.87,-0.89
2018-11-15,6750.63,6908.83,6702.42,6890.45,1.78
2018-11-16,6823.03,6898.13,6797.43,6867.02,-0.34
2018-11-19,6832.25,6841.44,6623.37,6642.92,-3.26
2018-11-20,6475.68,6614.01,6442.36,6526.96,-1.75
2018-11-21,6608.12,6639.37,6566.31,6575.66,0.75
2018-11-23,6525.02,6591.56,6524.55,6527.35,-0.73
2018-11-26,6616.79,6679.91,6590.89,6678.34,2.31
2018-11-27,6639.39,6715.41,6609.08,6701.04,0.34
2018-11-28,6756.13,6914.79,6713.29,6913.33,3.17
2018-11-29,6890.84,6938.02,6839.45,6892.4,-0.3
2018-11-30,6902.24,6951.13,6872.29,6949.01,0.82
2018-12-03,7106.84,7107.0,7013.2,7062.13,1.63
2018-12-04,7026.81,7045.68,6785.85,6795.21,-3.78
2018-12-06,6652.13,6840.5,6630.82,6838.85,0.64
2018-12-07,6806.63,6849.38,6594.54,6613.28,-3.3
2018-12-10,6603.36,6710.39,6534.33,6682.74,1.05
2018-12-11,6782.41,6788.47,6650.83,6704.24,0.32
2018-12-12,6800.55,6867.66,6761.78,6763.96,0.89
2018-12-13,6805.7,6833.78,6724.04,6767.97,0.06
2018-12-14,6679.91,6710.41,6585.31,6594.96,-2.56
2018-12-17,6571.0,6621.63,6399.55,6448.39,-2.22
2018-12-18,6503.12,6551.04,6434.6,6491.52,0.67
2018-12-19,6480.31,6575.39,6284.72,6342.97,-2.29
2018-12-20,6312.72,6380.97,6161.85,6243.19,-1.57
2018-12-21,6293.05,6308.31,6013.98,6046.56,-3.15
2018-12-24,5994.08,6075.17,5895.12,5899.35,-2.43
2018-12-26,5969.08,6263.82,5921.86,6262.77,6.16
2018-12-27,6168.6,6291.99,6043.45,6288.3,0.41
2018-12-28,6326.62,6388.36,6233.69,6285.27,-0.05
2018-12-31,6354.84,6365.39,6273.94,6329.96,0.71
2019-01-02,6198.68,6394.74,6198.68,6360.87,0.49
2019-01-03,6274.76,6292.68,6139.4,6147.13,-3.36
2019-01-04,6250.05,6445.2,6234.59,6422.67,4.48
2019-01-07,6434.55,6521.44,6412.98,6488.25,1.02
2019-01-08,6555.91,6574.73,6457.0,6551.85,0.98
2019-01-09,6576.54,6631.06,6549.44,6600.69,0.75
2019-01-10,6551.05,6625.11,6517.54,6620.94,0.31
2019-01-11,6579.89,6604.56,6562.04,6601.4,-0.3
2019-01-14,6536.37,6566.87,6512.64,6541.04,-0.91
2019-01-15,6571.15,6674.53,6567.32,6669.64,1.97
2019-01-16,6677.38,6720.41,6665.05,6668.56,-0.02
2019-01-17,6646.19,6747.28,6637.1,6718.45,0.75
2019-01-18,6771.52,6816.23,6727.94,6784.61,0.98
2019-01-22,6736.65,6738.57,6603.56,6646.81,-2.03
2019-01-23,6689.08,6712.86,6584.5,6658.76,0.18
2019-01-24,6680.34,6710.73,6656.52,6702.55,0.66
2019-01-25,6755.67,6800.97,6733.32,6787.37,1.27
2019-01-28,6691.84,6697.53,6644.31,6697.09,-1.33
2019-01-29,6695.71,6701.47,6613.42,6632.79,-0.96
2019-01-30,6708.56,6826.92,6688.33,6807.91,2.64
2019-01-31,6840.93,6936.34,6837.92,6906.84,1.45
2019-02-01,6872.73,6921.95,6857.31,6875.52,-0.45
2019-02-04,6876.56,6960.97,6872.6,6959.96,1.23
2019-02-05,6969.37,7029.77,6967.94,7023.52,0.91
2019-02-06,7023.89,7034.94,6969.83,6997.62,-0.37
2019-02-07,6934.33,6954.77,6854.35,6904.98,-1.32
2019-02-08,6843.33,6914.56,6836.7,6913.13,0.12
2019-02-11,6941.26,6958.33,6893.8,6909.18,-0.06
2019-02-12,6960.55,7021.76,6948.33,7014.67,1.53
2019-02-13,7038.32,7062.58,7009.73,7015.88,0.02
2019-02-14,6986.51,7047.88,6969.69,7022.42,0.09
2019-02-15,7066.38,7073.99,7022.3,7055.18,0.47
2019-02-19,7033.37,7089.1,7032.78,7066.61,0.16
2019-02-20,7070.24,7096.15,7027.37,7062.34,-0.06
2019-02-21,7047.08,7063.07,7001.8,7035.16,-0.38
2019-02-22,7055.2,7094.29,7050.01,7090.63,0.79
2019-02-25,7144.34,7161.73,7111.78,7115.43,0.35
2019-02-26,7098.97,7144.65,7087.14,7123.22,0.11
2019-02-27,7095.75,7125.78,7045.41,7117.0,-0.09
2019-02-28,7093.2,7125.92,7081.92,7097.53,-0.27
2019-03-01,7152.08,7159.96,7101.07,7151.57,0.76
2019-03-04,7193.88,7205.94,7073.4,7150.83,-0.01
2019-03-05,7156.66,7178.3,7120.69,7156.79,0.08
2019-03-06,7156.24,7162.24,7104.55,7112.47,-0.62
2019-03-07,7089.63,7097.91,7001.81,7026.88,-1.2
2019-03-08,6940.9,7018.92,6940.72,7015.69,-0.16
2019-03-11,7050.05,7166.93,7049.56,7164.02,2.11
2019-03-12,7176.23,7219.41,7166.95,7201.28,0.52
2019-03-13,7231.05,7292.86,7229.88,7256.98,0.77
2019-03-14,7257.31,7267.94,7240.96,7243.01,-0.19
2019-03-15,7274.14,7331.3,7265.63,7306.99,0.88
2019-03-18,7311.63,7348.69,7293.85,7326.28,0.26
2019-03-19,7357.58,7390.29,7321.93,7349.28,0.31
2019-03-20,7348.99,7422.75,7318.42,7380.75,0.43
2019-03-21,7356.94,7505.41,7356.94,7493.27,1.52
2019-03-22,7458.44,7482.35,7323.52,7326.06,-2.23
2019-03-25,7299.93,7342.51,7265.28,7316.96,-0.12
2019-03-26,7378.23,7417.26,7314.38,7351.15,0.47
2019-03-27,7364.47,7376.99,7252.06,7308.19,-0.58
2019-03-28,7325.06,7346.04,7277.69,7320.47,0.17
2019-03-29,7377.77,7381.69,7333.17,7378.77,0.8
2019-04-01,7450.81,7481.84,7422.44,7478.42,1.35
2019-04-02,7473.51,7507.05,7461.51,7499.64,0.28
2019-04-03,7538.17,7589.69,7520.4,7544.97,0.6
2019-04-04,7542.16,7571.13,7496.3,7540.57,-0.06
2019-04-05,7564.27,7581.9,7554.91,7578.84,0.51
2019-04-08,7565.06,7602.08,7536.42,7599.74,0.28
2019-04-09,7571.88,7596.75,7555.62,7568.49,-0.41
2019-04-10,7581.39,7613.41,7573.28,7611.49,0.57
2019-04-11,7621.4,7621.4,7580.71,7594.89,-0.22
2019-04-12,7624.15,7630.52,7596.56,7628.15,0.44
2019-04-15,7630.6,7636.8,7578.54,7629.12,0.01
2019-04-16,7651.19,7670.4,7631.64,7654.73,0.34
2019-04-17,7705.32,7715.07,7659.85,7680.72,0.34
2019-04-18,7688.93,7694.18,7647.4,7689.72,0.12
2019-04-22,7658.37,7715.33,7653.89,7713.49,0.31
2019-04-23,7724.17,7819.34,7719.09,7810.71,1.26
2019-04-24,7813.02,7827.05,7783.59,7784.41,-0.34
2019-04-25,7850.71,7851.97,7778.23,7816.92,0.42
2019-04-26,7791.15,7826.89,7742.6,7826.68,0.12
2019-04-29,7825.64,7851.85,7812.97,7839.04,0.16
2019-04-30,7769.3,7792.32,7726.07,7781.46,-0.73
2019-05-01,7828.14,7851.03,7749.74,7751.85,-0.38
2019-05-02,7751.64,7791.51,7672.54,7724.06,-0.36
2019-05-03,7784.29,7847.52,7772.44,7845.73,1.58
2019-05-06,7662.92,7804.54,7662.92,7794.09,-0.66
2019-05-07,7713.49,7743.06,7572.61,7640.15,-1.98
2019-05-08,7623.32,7678.82,7593.75,7617.55,-0.13
2019-05-09,7525.81,7605.03,7472.71,7582.75,-0.36
2019-05-10,7556.04,7623.01,7426.75,7586.53,-0.35
2019-05-13,7385.55,7433.92,7303.64,7324.13,-2.79
2019-05-14,7366.64,7449.03,7337.94,7401.88,1.62
2019-05-15,7354.82,7524.22,7353.9,7503.25,0.36
2019-05-16,7509.91,7627.03,7502.76,7580.14,1.26
2019-05-17,7513.15,7605.67,7496.92,7503.68,-0.76
2019-05-20,7391.73,7424.59,7351.92,7376.7,-1.14
2019-05-21,7442.31,7472.71,7417.07,7451.02,1.03
2019-05-22,7413.84,7458.11,7410.71,7420.66,-0.13
2019-05-23,7331.67,7337.47,7261.46,7307.93,-1.43
2019-05-24,7353.97,7371.3,7294.1,7300.96,0.65
2019-05-28,7321.27,7362.29,7274.7,7278.38,0.62
2019-05-29,7222.55,7254.2,7176.67,7216.86,-0.47
2019-05-30,7234.83,7262.77,7204.42,7245.4,0.5
2019-05-31,7148.71,7183.23,7125.97,7127.96,-1.62
2019-06-03,7110.34,7126.43,6936.68,6978.02,-0.77
2019-06-04,7056.18,7169.79,7023.09,7166.75,1.42
2019-06-05,7230.81,7235.23,7146.43,7220.9,-0.09
2019-06-06,7229.86,7293.22,7201.59,7275.93,0.09
2019-06-07,7315.33,7445.99,7309.01,7417.29,1.2
2019-06-10,7472.6,7573.0,7468.17,7501.93,1.23
2019-06-11,7584.75,7595.57,7489.99,7513.85,0.91
2019-06-12,7493.55,7507.52,7459.2,7472.29,-0.58
2019-06-13,7500.85,7530.91,7487.09,7510.68,0.55
2019-06-14,7476.47,7500.74,7454.87,7479.11,-0.51
2019-06-17,7500.28,7546.99,7492.17,7526.52,0.71
2019-06-18,7606.61,7689.08,7595.59,7635.4,2.05
2019-06-19,7652.52,7681.56,7606.28,7667.74,-0.15
2019-06-20,7770.17,7770.61,7681.43,7738.05,0.98
2019-06-21,7719.42,7772.53,7708.25,7728.78,-0.03
2019-06-24,7737.0,7746.68,7720.78,7723.02,0.15
2019-06-25,7720.91,7723.04,7584.17,7591.54,-0.6
2019-06-26,7642.92,7688.64,7616.91,7627.05,0.87
2019-06-27,7656.68,7672.98,7636.72,7657.05,0.5
2019-06-28,7674.52,7682.26,7639.45,7671.08,-0.15
2019-07-01,7816.56,7820.81,7735.67,7768.14,1.84
2019-07-02,7763.03,7800.47,7746.01,7799.82,-0.01
2019-07-03,7819.06,7857.69,7811.29,7857.69,0.74
2019-07-05,7806.07,7854.71,7774.59,7841.3,-0.45
2019-07-08,7790.46,7841.3,7756.11,7785.79,-0.84
2019-07-09,7748.29,7833.93,7748.23,7826.86,0.01
2019-07-10,7869.73,7923.93,7858.68,7903.4,1.0
2019-07-11,7918.65,7934.6,7873.16,7896.78,0.12
2019-07-12,7908.58,7944.08,7900.39,7943.24,0.38
2019-07-15,7961.07,7969.79,7940.45,7966.93,0.15
2019-07-16,7958.44,7965.76,7904.95,7927.08,-0.6
2019-07-17,7927.91,7941.1,7887.98,7888.76,-0.1
2019-07-18,7850.12,7912.33,7827.49,7904.13,-0.43
2019-07-19,7944.86,7950.22,7832.39,7834.9,0.34
2019-07-22,7862.38,7918.47,7862.27,7905.12,0.74
2019-07-23,7946.05,7955.09,7895.05,7954.56,0.44
2019-07-24,7928.78,8010.83,7926.99,8010.61,0.06
2019-07-25,7979.14,7983.96,7921.21,7929.87,-0.91
2019-07-26,7992.13,8027.18,7986.72,8016.95,1.04
2019-07-29,8010.05,8010.05,7939.98,7989.08,-0.79
2019-07-30,7927.56,7983.11,7923.45,7952.47,-0.5
2019-07-31,7972.76,7979.2,7774.93,7848.78,0.32
2019-08-01,7866.6,8000.94,7769.02,7801.15,0.8
2019-08-02,7740.91,7755.09,7645.18,7692.8,-1.86
2019-08-05,7510.02,7528.9,7356.27,7415.69,-3.66
2019-08-06,7492.02,7541.74,7432.31,7521.32,1.35
2019-08-07,7436.14,7569.9,7386.39,7551.9,-1.72
2019-08-08,7608.03,7726.46,7576.82,7724.83,0.84
2019-08-09,7684.56,7709.51,7591.14,7646.27,-0.6
2019-08-12,7597.19,7623.44,7528.95,7561.68,-0.84
2019-08-13,7553.43,7778.34,7553.33,7728.15,2.56
2019-08-14,7594.64,7621.7,7480.58,7490.13,-0.68
2019-08-15,7503.14,7523.5,7429.36,7484.89,0.29
2019-08-16,7548.9,7622.73,7548.9,7604.11,1.07
2019-08-19,7715.41,7740.74,7604.11,7719.32,1.38
2019-08-20,7708.31,7731.31,7664.21,7664.47,-0.28
2019-08-21,7731.75,7754.66,7706.57,7733.22,0.39
2019-08-22,7750.98,7764.79,7649.28,7707.43,0.29
2019-08-23,7658.48,7722.43,7442.93,7464.99,-0.89
2019-08-26,7540.69,7577.77,7506.17,7575.02,0.7
2019-08-27,7630.46,7640.68,7531.96,7566.03,0.53
2019-08-28,7536.7,7598.15,7500.22,7587.9,-0.21
2019-08-29,7678.69,7723.94,7654.31,7702.31,1.61
2019-08-30,7743.23,7747.08,7642.9,7691.0,0.32
2019-09-03,7634.03,7670.17,7584.82,7609.51,-0.37
2019-09-04,7683.78,7724.91,7663.64,7719.25,0.99
2019-09-05,7803.45,7879.97,7803.45,7862.54,1.58
2019-09-06,7868.87,7874.99,7835.89,7852.54,-0.2
2019-09-09,7876.4,7877.41,7795.86,7832.4,0.18
2019-09-10,7793.28,7817.58,7743.61,7814.74,-1.1
2019-09-11,7820.71,7888.34,7812.07,7887.58,0.32
2019-09-12,7931.96,7975.33,7907.33,7917.34,0.43
2019-09-13,7903.73,7923.41,7879.59,7892.95,-0.12
2019-09-16,7833.73,7868.74,7831.76,7852.41,-0.53
2019-09-17,7849.88,7891.21,7840.99,7888.79,0.18
2019-09-18,7877.58,7891.17,7791.58,7888.56,0.0
2019-09-19,7904.39,7950.21,7888.31,7901.79,0.17
2019-09-20,7901.46,7920.53,7794.27,7823.55,-0.99
2019-09-23,7815.23,7842.98,7790.29,7818.61,-0.06
2019-09-24,7855.97,7873.25,7684.8,7710.04,-1.39
2019-09-25,7706.5,7822.43,7647.63,7803.54,1.21
2019-09-26,7794.28,7798.12,7718.69,7771.99,-0.4
2019-09-27,7786.03,7790.8,7626.82,7681.58,-1.16
2019-09-30,7705.97,7761.84,7693.49,7749.45,0.88
2019-10-01,7782.82,7821.72,7675.42,7684.14,-0.84
2019-10-02,7627.59,7631.34,7513.69,7550.79,-1.74
2019-10-03,7557.19,7640.42,7463.57,7638.39,1.16
2019-10-04,7677.33,7759.36,7670.92,7754.1,1.51
2019-10-07,7725.68,7784.79,7712.68,7725.13,-0.37
2019-10-08,7671.38,7707.17,7603.76,7604.27,-1.56
2019-10-09,7678.66,7717.94,7655.48,7690.53,1.13
2019-10-10,7688.42,7772.68,7682.61,7740.36,0.65
2019-10-11,7835.93,7904.05,7831.11,7843.88,1.34
2019-10-14,7834.74,7865.67,7827.16,7842.33,-0.02
2019-10-15,7867.96,7960.14,7863.65,7942.85,1.28
2019-10-16,7911.99,7941.76,7898.31,7920.21,-0.29
2019-10-17,7976.64,7981.14,7914.94,7942.14,0.28
2019-10-18,7938.3,7946.81,7829.75,7868.49,-0.93
2019-10-21,7911.58,7941.48,7887.74,7940.33,0.91
2019-10-22,7968.25,7977.01,7871.98,7874.62,-0.83
2019-10-23,7858.48,7890.21,7845.09,7889.47,0.19
2019-10-24,7956.23,7969.66,7912.72,7966.72,0.98
2019-10-25,7926.6,8033.29,7926.6,8029.22,0.78
2019-10-28,8071.39,8119.73,8070.9,8110.67,1.01
2019-10-29,8101.55,8108.61,8045.64,8047.51,-0.78
2019-10-30,8056.9,8096.33,8017.92,8083.11,0.44
2019-10-31,8100.62,8110.44,8041.65,8083.83,0.01
2019-11-01,8121.95,8161.98,8111.73,8161.17,0.96
2019-11-04,8218.93,8228.33,8197.32,8210.66,0.61
2019-11-05,8225.35,8229.09,8191.05,8210.18,-0.01
2019-11-06,8204.34,8204.34,8157.36,8196.03,-0.17
2019-11-07,8237.68,8271.82,8198.91,8219.65,0.29
2019-11-08,8208.37,8256.29,8186.31,8255.89,0.44
2019-11-11,8212.37,8245.89,8202.36,8241.91,-0.17
2019-11-12,8249.62,8293.18,8238.33,8263.79,0.27
2019-11-13,8235.68,8274.61,8233.38,8259.81,-0.05
2019-11-14,8238.85,8264.94,8212.59,8257.83,-0.02
2019-11-15,8303.84,8315.9,8284.2,8315.52,0.7
2019-11-18,8303.22,8340.41,8274.68,8328.48,0.16
2019-11-19,8357.43,8357.8,8308.28,8338.74,0.12
2019-11-20,8315.55,8339.26,8226.25,8283.75,-0.66
2019-11-21,8273.95,8282.33,8242.22,8265.62,-0.22
2019-11-22,8287.25,8292.11,8229.49,8272.05,0.08
2019-11-25,8309.55,8372.82,8309.55,8371.93,1.21
2019-11-26,8374.26,8398.04,8364.11,8385.75,0.17
2019-11-27,8407.23,8445.61,8399.63,8444.71,0.7
2019-11-29,8422.02,8435.96,8402.13,8403.68,-0.49
2019-12-02,8409.87,8409.87,8274.61,8309.26,-1.12
2019-12-03,8201.63,8258.4,8167.36,8254.74,-0.66
2019-12-04,8291.86,8316.46,8285.88,8296.53,0.51
2019-12-05,8321.19,8321.19,8272.83,8308.4,0.14
2019-12-06,8370.23,8405.85,8365.25,8397.37,1.07
2019-12-09,8388.75,8425.77,8359.87,8362.74,-0.41
2019-12-10,8364.55,8392.89,8339.37,8354.29,-0.1
2019-12-11,8371.65,8408.08,8361.37,8402.61,0.58
2019-12-12,8391.92,8493.11,8380.09,8466.89,0.76
2019-12-13,8461.42,8517.52,8441.89,8487.71,0.25
2019-12-16,8544.27,8584.78,8542.42,8570.33,0.97
2019-12-17,8586.33,8592.45,8564.15,8575.7,0.06
2019-12-18,8587.2,8608.1,8578.56,8580.62,0.06
2019-12-19,8592.68,8642.74,8592.68,8641.29,0.71
2019-12-20,8666.57,8687.66,8656.48,8678.49,0.43
2019-12-23,8703.06,8710.9,8690.15,8696.01,0.2
2019-12-24,8705.3,8708.22,8684.12,8699.51,0.04
2019-12-26,8717.95,8778.33,8716.03,8778.31,0.91
2019-12-27,8805.86,8811.1,8749.86,8770.98,-0.08
2019-12-30,8766.39,8768.3,8671.92,8709.73,-0.7
2019-12-31,8681.33,8735.43,8674.38,8733.07,0.27
2020-01-02,8802.22,8873.63,8786.9,8872.22,1.59
2020-01-03,8755.17,8843.65,8755.17,8793.9,-0.88
2020-01-06,8713.89,8849.98,8713.89,8848.52,0.62
2020-01-07,8857.14,8872.47,8821.68,8846.45,-0.02
2020-01-08,8845.45,8953.55,8834.94,8912.37,0.75
2020-01-09,8990.04,9004.55,8938.53,8989.63,0.87
2020-01-10,9021.88,9024.87,8951.83,8966.64,-0.26
2020-01-13,9007.94,9071.53,8991.35,9070.65,1.16
2020-01-14,9068.02,9080.16,9020.92,9033.42,-0.41
2020-01-15,9039.31,9078.87,9008.95,9035.67,0.02
2020-01-16,9088.08,9126.07,9066.31,9125.0,0.99
2020-01-17,9159.48,9176.47,9118.98,9173.73,0.53
2020-01-21,9145.64,9187.42,9141.78,9166.63,-0.08
2020-01-22,9212.35,9242.48,9179.27,9188.58,0.24
2020-01-23,9186.14,9221.13,9145.23,9216.98,0.31
2020-01-24,9266.35,9272.37,9101.44,9141.47,-0.82
2020-01-27,8913.16,9001.44,8910.97,8952.18,-2.07
2020-01-28,9013.23,9111.32,8994.28,9090.93,1.55
2020-01-29,9141.52,9153.08,9067.29,9101.61,0.12
2020-01-30,9038.92,9140.69,9019.72,9136.09,0.38
2020-01-31,9169.91,9170.22,8961.59,8991.51,-1.58
2020-02-03,9033.52,9148.5,9031.07,9126.23,1.5
2020-02-04,9256.94,9352.96,9224.86,9334.06,2.28
2020-02-05,9441.34,9442.75,9311.88,9367.48,0.36
2020-02-06,9395.69,9448.72,9357.86,9445.92,0.84
2020-02-07,9397.77,9453.24,9376.91,9401.1,-0.47
2020-02-10,9373.2,9517.74,9373.2,9516.84,1.23
2020-02-11,9567.81,9600.05,9493.63,9517.86,0.01
2020-02-12,9569.82,9615.91,9552.03,9613.2,1.0
2020-02-13,9540.67,9636.41,9532.74,9595.7,-0.18
2020-02-14,9613.88,9634.75,9583.08,9623.58,0.29
2020-02-18,9567.28,9647.72,9567.28,9629.8,0.06
2020-02-19,9683.94,9736.57,9676.07,9718.73,0.92
2020-02-20,9696.66,9714.23,9513.23,9627.83,-0.94
2020-02-21,9582.54,9594.0,9406.38,9446.69,-1.88
2020-02-24,9055.3,9194.91,9028.87,9079.63,-3.89
2020-02-25,9167.33,9183.78,8807.11,8834.87,-2.7
2020-02-26,8883.01,9032.88,8813.92,8873.76,0.44
2020-02-27,8632.54,8786.68,8430.53,8436.67,-4.93
2020-02-28,8133.85,8490.47,8133.85,8461.83,0.3
2020-03-02,8569.91,8879.39,8446.5,8877.98,4.92
2020-03-03,8892.68,9000.46,8516.58,8594.49,-3.19
2020-03-04,8745.64,8952.11,8669.76,8949.28,4.13
2020-03-05,8713.19,8864.19,8613.91,8671.66,-3.1
2020-03-06,8395.95,8571.88,8319.9,8530.34,-1.63
2020-03-09,7912.14,8241.77,7912.14,7948.03,-6.83
2020-03-10,8213.97,8376.44,7942.13,8372.27,5.34
2020-03-11,8166.26,8224.73,7900.99,8006.12,-4.37
2020-03-12,7452.76,7808.31,7255.62,7263.65,-9.27
2020-03-13,7683.04,7998.51,7301.88,7995.26,10.07
2020-03-16,7502.26,7563.45,6993.61,7020.38,-12.19
2020-03-17,7198.53,7550.13,6959.15,7473.95,6.46
2020-03-18,7023.86,7336.88,6837.53,7175.18,-4.0
2020-03-19,7190.21,7514.14,7037.47,7288.52,1.58
2020-03-20,7391.22,7487.83,6969.77,6994.29,-4.04
2020-03-23,6952.71,7145.29,6771.91,7006.92,0.18
2020-03-24,7349.0,7555.91,7304.39,7553.83,7.81
2020-03-25,7543.96,7777.61,7390.41,7469.62,-1.11
2020-03-26,7549.83,7913.11,7549.83,7897.13,5.72
2020-03-27,7657.44,7817.74,7580.22,7588.37,-3.91
2020-03-30,7678.83,7902.09,7651.43,7889.01,3.96
2020-03-31,7855.74,8011.6,7765.46,7813.5,-0.96
2020-04-01,7582.78,7701.68,7423.97,7486.29,-4.19
2020-04-02,7445.88,7641.87,7432.28,7635.66,2.0
2020-04-03,7631.57,7673.49,7439.78,7528.11,-1.41
2020-04-06,7819.06,8110.66,7763.09,8081.66,7.35
2020-04-07,8287.48,8305.59,8043.07,8049.31,-0.4
2020-04-08,8134.3,8254.41,8058.41,8229.54,2.24
2020-04-09,8284.31,8334.23,8167.93,8238.53,0.11
2020-04-13,8209.68,8338.15,8158.58,8332.74,1.14
2020-04-14,8489.27,8708.55,8470.74,8692.16,4.31
2020-04-15,8548.47,8666.24,8500.56,8591.96,-1.15
2020-04-16,8689.09,8793.35,8605.51,8757.83,1.93
2020-04-17,8876.66,8879.24,8704.38,8832.41,0.85
2020-04-20,8742.54,8855.18,8725.33,8726.51,-1.2
2020-04-21,8639.74,8663.09,8359.84,8403.0,-3.71
2020-04-22,8575.57,8708.48,8550.61,8664.64,3.11
2020-04-23,8693.73,8796.49,8624.63,8641.5,-0.27
2020-04-24,8666.57,8791.36,8599.99,8786.6,1.68
2020-04-27,8865.58,8887.62,8803.89,8837.66,0.58
2020-04-28,8913.28,8918.38,8668.67,8677.6,-1.81
2020-04-29,8871.04,9025.82,8832.0,8982.76,3.52
2020-04-30,9005.24,9023.03,8920.42,9000.51,0.2
2020-05-01,8791.88,8887.58,8688.58,8718.18,-3.14
2020-05-04,8683.94,8840.33,8665.4,8834.11,1.33
2020-05-05,8922.39,9031.0,8900.57,8930.62,1.09
2020-05-06,8997.02,9065.58,8950.89,8984.86,0.61
2020-05-07,9104.67,9136.18,9045.23,9101.88,1.3
2020-05-08,9165.7,9224.49,9126.97,9220.35,1.3
2020-05-11,9155.21,9346.27,9155.21,9298.92,0.85
2020-05-12,9326.06,9354.45,9109.09,9112.45,-2.01
2020-05-13,9123.69,9209.49,8890.16,9000.08,-1.23
2020-05-14,8946.45,9097.75,8860.77,9094.42,1.05
2020-05-15,8976.29,9157.46,8958.08,9152.64,0.64
2020-05-18,9281.36,9367.54,9248.78,9331.93,1.96
2020-05-19,9326.28,9422.9,9296.25,9298.54,-0.36
2020-05-20,9415.25,9498.28,9412.83,9485.02,2.01
2020-05-21,9487.63,9515.05,9361.83,9377.99,-1.13
2020-05-22,9363.67,9421.93,9325.07,9413.99,0.38
2020-05-26,9570.53,9570.53,9379.9,9389.98,-0.26
2020-05-27,9366.63,9445.06,9182.45,9442.05,0.55
2020-05-28,9404.83,9568.89,9391.84,9416.71,-0.27
2020-05-29,9440.64,9573.55,9379.93,9555.53,1.47
2020-06-01,9526.43,9609.38,9515.34,9598.89,0.45
2020-06-02,9603.18,9660.08,9511.88,9657.31,0.61
2020-06-03,9689.72,9729.69,9648.93,9704.69,0.49
2020-06-04,9672.17,9741.97,9577.71,9629.66,-0.77
2020-06-05,9673.09,9846.63,9659.45,9824.39,2.02
2020-06-08,9805.69,9904.52,9753.87,9901.52,0.79
2020-06-09,9861.18,10006.9,9859.0,9967.17,0.66
2020-06-10,10037.98,10155.2,10022.44,10094.26,1.28
2020-06-11,9907.56,9978.19,9586.25,9588.48,-5.01
2020-06-12,9785.58,9849.01,9499.09,9663.78,0.79
2020-06-15,9517.14,9809.41,9489.58,9776.89,1.17
2020-06-16,9983.65,10010.89,9801.45,9949.37,1.76
2020-06-17,9998.86,10058.65,9952.5,9982.48,0.33
2020-06-18,9972.35,10018.56,9942.11,10012.05,0.3
2020-06-19,10104.63,10121.67,9937.81,10008.64,-0.03
2020-06-22,10009.0,10134.64,9989.49,10130.33,1.22
2020-06-23,10192.42,10306.9,10172.07,10209.82,0.78
2020-06-24,10183.77,10232.42,9943.24,10002.7,-2.03
2020-06-25,10003.5,10110.29,9901.21,10101.83,0.99
2020-06-26,10087.08,10093.98,9837.74,9849.36,-2.5
2020-06-29,9850.55,9965.08,9742.89,9961.16,1.14
2020-06-30,9970.21,10185.35,9956.83,10156.85,1.96
2020-07-01,10160.41,10321.77,10142.75,10279.25,1.21
2020-07-02,10386.38,10432.55,10328.78,10341.89,0.61
2020-07-06,10487.7,10625.1,10485.82,10604.06,2.54
2020-07-07,10595.94,10704.93,10516.63,10524.01,-0.75
2020-07-08,10594.41,10669.13,10528.82,10666.7,1.36
2020-07-09,10745.87,10785.96,10574.97,10754.59,0.82
2020-07-10,10751.77,10842.78,10639.48,10836.33,0.76
2020-07-13,10951.54,11069.26,10574.56,10602.21,-2.16
2020-07-14,10502.85,10701.88,10370.79,10689.52,0.82
2020-07-15,10752.11,10780.4,10570.96,10701.68,0.11
2020-07-16,10589.86,10658.9,10495.09,10626.46,-0.7
2020-07-17,10651.6,10680.7,10558.78,10645.22,0.18
2020-07-20,10672.96,10971.52,10621.9,10952.08,2.88
2020-07-21,11015.54,11017.43,10800.87,10833.07,-1.09
2020-07-22,10850.92,10910.24,10776.24,10870.75,0.35
2020-07-23,10853.16,10885.38,10531.22,10580.59,-2.67
2020-07-24,10389.54,10543.42,10313.94,10483.13,-0.92
2020-07-27,10547.11,10689.55,10527.64,10674.38,1.82
2020-07-28,10644.34,10662.19,10527.43,10532.5,-1.33
2020-07-29,10602.4,10694.88,10587.2,10662.98,1.24
2020-07-30,10578.63,10737.03,10531.79,10715.51,0.49
2020-07-31,10886.36,10908.34,10707.4,10905.88,1.78
2020-08-03,11018.02,11085.5,10997.67,11055.08,1.37
2020-08-04,11048.5,11097.85,11002.55,11096.54,0.38
2020-08-05,11107.24,11141.69,11077.7,11125.44,0.26
2020-08-06,11116.49,11282.24,11090.5,11267.08,1.27
2020-08-07,11235.24,11276.3,11044.6,11139.39,-1.13
2020-08-10,11153.51,11159.38,10941.87,11085.17,-0.49
2020-08-11,11039.68,11090.92,10855.06,10876.08,-1.89
2020-08-12,10972.07,11190.26,10970.87,11157.72,2.59
2020-08-13,11174.64,11271.22,11139.64,11178.37,0.19
2020-08-14,11187.82,11213.27,11106.93,11164.45,-0.12
2020-08-17,11231.97,11306.47,11228.14,11288.57,1.11
2020-08-18,11339.76,11421.1,11279.08,11399.03,0.98
2020-08-19,11397.23,11440.22,11303.4,11318.64,-0.71
2020-08-20,11277.05,11497.18,11268.46,11477.05,1.4
2020-08-21,11476.85,11574.79,11461.53,11555.16,0.68
2020-08-24,11703.34,11728.09,11535.55,11626.17,0.61
2020-08-25,11610.58,11723.95,11580.89,11721.81,0.82
2020-08-26,11779.35,11979.65,11768.0,11971.94,2.13
2020-08-27,11997.89,12047.99,11842.84,11926.16,-0.38
2020-08-28,11992.68,12018.14,11928.69,11995.85,0.58
2020-08-31,12017.46,12167.46,12000.11,12110.7,0.96
2020-09-01,12203.36,12300.44,12132.78,12292.86,1.5
2020-09-02,12417.45,12439.48,12176.18,12420.54,1.04
2020-09-03,12195.75,12235.0,11662.11,11771.37,-5.23
2020-09-04,11686.24,11846.18,11145.99,11622.13,-1.27
2020-09-08,11143.91,11400.46,11055.16,11068.26,-4.77
2020-09-09,11308.25,11480.37,11197.13,11395.85,2.96
2020-09-10,11501.43,11566.34,11095.94,11154.12,-2.12
2020-09-11,11251.19,11280.41,10945.22,11087.4,-0.6
2020-09-14,11250.8,11363.25,11192.82,11277.76,1.72
2020-09-15,11432.94,11495.4,11367.2,11438.87,1.43
2020-09-16,11467.9,11486.09,11242.96,11247.6,-1.67
2020-09-17,10965.74,11160.04,10936.8,11080.95,-1.48
2020-09-18,11147.8,11153.97,10769.4,10936.98,-1.3
2020-09-21,10768.01,10984.76,10677.85,10980.22,0.4
2020-09-22,11082.09,11207.08,10943.26,11186.37,1.88
2020-09-23,11167.22,11179.59,10806.05,10833.33,-3.16
2020-09-24,10746.35,11026.43,10728.41,10896.47,0.58
2020-09-25,10910.5,11177.73,10851.68,11151.13,2.34
2020-09-28,11332.32,11369.4,11243.24,11364.45,1.91
2020-09-29,11354.7,11396.22,11305.79,11322.95,-0.37
2020-09-30,11328.55,11535.01,11328.55,11418.06,0.84
2020-10-01,11554.96,11606.73,11488.6,11583.2,1.45
2020-10-02,11328.85,11479.08,11225.17,11255.69,-2.83
2020-10-05,11345.24,11512.06,11336.07,11509.06,2.25
2020-10-06,11476.68,11536.42,11256.26,11291.27,-1.89
2020-10-07,11412.65,11519.55,11382.48,11503.19,1.88
2020-10-08,11576.44,11582.78,11510.24,11550.94,0.42
2020-10-09,11615.57,11727.6,11600.86,11725.85,1.51
2020-10-12,11900.12,12204.75,11880.23,12088.11,3.09
2020-10-13,12131.07,12187.78,12032.75,12083.17,-0.04
2020-10-14,12105.1,12159.21,11913.57,11985.36,-0.81
2020-10-15,11767.27,11928.63,11765.49,11898.57,-0.72
2020-10-16,11952.12,12034.13,11824.14,11852.17,-0.39
2020-10-19,11913.01,11962.47,11606.48,11634.35,-1.84
2020-10-20,11679.08,11801.4,11613.76,11677.84,0.37
2020-10-21,11686.19,11789.46,11646.48,11665.37,-0.11
2020-10-22,11712.64,11739.22,11529.73,11662.91,-0.02
2020-10-23,11680.73,11693.01,11569.09,11692.57,0.25
2020-10-26,11584.17,11708.08,11360.73,11504.52,-1.61
2020-10-27,11560.86,11633.49,11503.1,11598.95,0.82
2020-10-28,11400.48,11426.1,11136.1,11142.76,-3.93
2020-10-29,11214.33,11467.37,11187.08,11350.74,1.87
2020-10-30,11265.7,11293.76,10960.02,11052.95,-2.62
2020-11-02,11152.48,11222.52,10957.11,11084.76,0.29
2020-11-03,11155.85,11356.08,11115.55,11279.91,1.76
2020-11-04,11627.76,11846.46,11564.91,11777.02,4.41
2020-11-05,12021.77,12117.04,11977.07,12078.07,2.56
2020-11-06,12044.29,12116.91,11895.5,12091.35,0.11
2020-11-09,12194.71,12268.66,11818.24,11830.39,-2.16
2020-11-10,11704.46,11761.95,11512.46,11624.29,-1.74
2020-11-11,11734.81,11904.13,11714.32,11892.93,2.31
2020-11-12,11924.15,11976.89,11786.09,11827.14,-0.55
2020-11-13,11910.62,11957.09,11808.95,11937.84,0.94
2020-11-16,11925.36,12035.5,11891.85,12013.38,0.63
2020-11-17,12030.27,12047.13,11964.2,11977.49,-0.3
2020-11-18,11963.36,12027.15,11892.54,11894.71,-0.69
2020-11-19,11863.12,12000.29,11842.66,11985.43,0.76
2020-11-20,11976.0,12017.42,11903.57,11906.44,-0.66
2020-11-23,11959.89,12001.83,11817.53,11905.94,0.0
2020-11-24,11952.7,12094.16,11878.31,12079.81,1.46
2020-11-25,12112.11,12174.99,12081.51,12152.22,0.6
2020-11-27,12220.37,12306.71,12214.45,12258.21,0.87
2020-11-30,12278.78,12299.61,12090.93,12268.32,0.08
2020-12-01,12387.62,12510.02,12338.36,12455.33,1.52
2020-12-02,12390.58,12472.25,12318.27,12456.41,0.01
2020-12-03,12469.16,12538.92,12445.36,12467.13,0.09
2020-12-04,12479.91,12531.21,12450.51,12528.48,0.49
2020-12-07,12523.57,12610.0,12523.12,12596.47,0.54
2020-12-08,12574.84,12651.35,12504.97,12635.72,0.31
2020-12-09,12626.97,12643.24,12311.3,12364.64,-2.15
2020-12-10,12268.47,12447.85,12226.13,12401.74,0.3
2020-12-11,12327.07,12378.61,12236.8,12375.41,-0.21
2020-12-14,12427.86,12544.31,12426.25,12462.21,0.7
2020-12-15,12565.28,12596.84,12467.57,12595.92,1.07
2020-12-16,12607.87,12698.11,12568.71,12668.16,0.57
2020-12-17,12741.64,12760.97,12685.98,12752.06,0.66
2020-12-18,12786.92,12793.47,12611.22,12738.18,-0.11
2020-12-21,12575.6,12706.44,12474.03,12690.26,-0.38
2020-12-22,12715.48,12761.23,12606.42,12717.56,0.22
2020-12-23,12733.75,12737.59,12649.6,12653.14,-0.51
2020-12-24,12668.2,12732.55,12665.8,12711.01,0.46
2020-12-28,12813.97,12861.91,12747.05,12838.86,1.01
2020-12-29,12909.86,12925.53,12816.59,12843.49,0.04
2020-12-30,12900.03,12917.45,12828.79,12845.36,0.01
2020-12-31,12852.96,12904.09,12804.75,12888.28,0.33
2021-01-04,12950.22,12950.22,12537.42,12694.66,-1.5
2021-01-05,12663.13,12809.67,12663.13,12802.38,0.85
2021-01-06,12601.26,12803.29,12569.42,12623.35,-1.4
2021-01-07,12745.41,12966.68,12744.82,12939.57,2.51
2021-01-08,13037.24,13113.09,12939.73,13105.2,1.28
2021-01-11,12961.5,13023.21,12883.59,12902.49,-1.55
2021-01-12,12916.1,12957.43,12783.71,12892.09,-0.08
2021-01-13,12911.87,13008.85,12878.02,12973.63,0.63
2021-01-14,13010.94,13037.05,12886.16,12898.69,-0.58
2021-01-15,12898.09,12941.29,12758.1,12803.93,-0.73
2021-01-19,12921.61,13012.09,12861.3,12996.54,1.5
2021-01-20,13155.12,13332.26,13138.3,13296.45,2.31
2021-01-21,13356.7,13433.69,13297.79,13404.99,0.82
2021-01-22,13356.18,13404.77,13336.9,13366.4,-0.29
2021-01-25,13515.63,13563.7,13205.59,13483.29,0.87
2021-01-26,13507.47,13536.3,13440.32,13490.19,0.05
2021-01-27,13371.16,13393.51,13034.14,13112.65,-2.8
2021-01-28,13163.32,13401.85,13150.1,13201.53,0.68
2021-01-29,13124.7,13167.87,12845.43,12925.38,-2.09
2021-02-01,13067.65,13280.22,12983.1,13248.9,2.5
2021-02-02,13371.37,13501.23,13363.76,13456.12,1.56
2021-02-03,13555.03,13561.45,13400.08,13402.37,-0.4
2021-02-04,13454.85,13563.13,13406.44,13560.89,1.18
2021-02-05,13592.77,13642.96,13527.81,13603.96,0.32
2021-02-08,13672.33,13698.41,13607.96,13695.02,0.67
2021-02-09,13667.14,13741.79,13664.7,13687.08,-0.06
2021-02-10,13751.42,13770.91,13531.93,13655.27,-0.23
2021-02-11,13723.63,13747.2,13637.19,13734.35,0.58
2021-02-12,13695.9,13816.25,13656.78,13807.7,0.53
2021-02-16,13841.03,13879.77,13726.78,13773.77,-0.25
2021-02-17,13636.15,13713.14,13552.66,13699.71,-0.54
2021-02-18,13556.01,13669.94,13477.17,13637.51,-0.45
2021-02-19,13686.23,13701.69,13545.45,13580.78,-0.42
2021-02-22,13414.04,13447.37,13220.77,13223.74,-2.63
2021-02-23,12982.36,13259.85,12758.12,13194.71,-0.22
2021-02-24,13095.86,13312.43,12971.82,13302.19,0.81
2021-02-25,13197.75,13294.56,12773.76,12828.31,-3.56
2021-02-26,12958.96,13090.36,12764.34,12909.44,0.63
2021-03-01,13106.02,13293.78,13051.7,13282.95,2.89
2021-03-02,13297.76,13301.62,13052.12,13059.95,-1.68
2021-03-03,13020.1,13057.29,12679.89,12683.33,-2.88
2021-03-04,12655.92,12799.08,12314.16,12464.0,-1.73
2021-03-05,12594.16,12700.96,12208.39,12668.51,1.64
2021-03-08,12629.56,12718.58,12287.57,12299.08,-2.92
2021-03-09,12635.45,12868.52,12592.83,12794.49,4.03
2021-03-10,12950.25,12979.38,12726.85,12752.07,-0.33
2021-03-11,12960.53,13117.86,12920.01,13052.9,2.36
2021-03-12,12873.39,12943.58,12778.13,12937.29,-0.89
2021-03-15,12936.13,13085.01,12885.64,13082.54,1.12
2021-03-16,13156.65,13297.48,13091.78,13152.28,0.53
2021-03-17,13024.83,13280.29,12950.08,13202.38,0.38
2021-03-18,13006.29,13040.36,12781.53,12789.14,-3.13
2021-03-19,12792.67,12906.02,12704.07,12866.99,0.61
2021-03-22,12943.14,13167.46,12943.14,13086.51,1.71
2021-03-23,13127.17,13180.66,12993.5,13017.79,-0.53
2021-03-24,13072.82,13077.49,12797.85,12798.88,-1.68
2021-03-25,12707.58,12845.66,12627.93,12780.51,-0.14
2021-03-26,12777.27,12992.3,12721.66,12979.12,1.55
2021-03-29,12950.51,13013.47,12836.6,12965.74,-0.1
2021-03-30,12904.01,12929.46,12798.03,12896.53,-0.53
2021-03-31,12970.33,13167.06,12966.65,13091.44,1.51
2021-04-01,13268.88,13333.41,13255.82,13329.52,1.82
2021-04-05,13434.04,13623.6,13420.81,13598.16,2.02
2021-04-06,13567.2,13660.29,13551.6,13578.46,-0.14
2021-04-07,13553.9,13648.8,13532.63,13616.7,0.28
2021-04-08,13730.73,13763.18,13703.51,13758.51,1.04
2021-04-09,13709.67,13849.31,13674.92,13845.06,0.63
2021-04-12,13792.74,13839.39,13747.63,13819.35,-0.19
2021-04-13,13874.58,14002.53,13874.58,13986.49,1.21
2021-04-14,13988.86,13990.54,13782.18,13803.91,-1.31
2021-04-15,13934.87,14040.11,13931.01,14026.19,1.61
2021-04-16,14035.96,14050.38,13966.54,14041.91,0.11
2021-04-19,13970.83,14025.64,13835.75,13907.67,-0.96
2021-04-20,13891.96,13934.89,13730.59,13809.3,-0.71
2021-04-21,13768.92,13939.7,13717.44,13935.15,0.91
2021-04-22,13920.88,13954.03,13716.76,13762.36,-1.24
2021-04-23,13794.49,13989.43,13789.45,13941.44,1.3
2021-04-26,13954.94,14039.4,13919.93,14026.16,0.61
2021-04-27,14048.13,14048.34,13931.18,13960.28,-0.47
2021-04-28,13953.61,13992.08,13895.15,13901.62,-0.42
2021-04-29,14063.94,14073.48,13836.1,13970.2,0.49
2021-04-30,13857.79,13969.21,13838.82,13860.76,-0.78
2021-05-03,13923.04,13955.0,13784.66,13799.72,-0.44
2021-05-04,13680.63,13705.38,13396.11,13544.67,-1.85
2021-05-05,13649.12,13676.86,13478.58,13503.37,-0.3
2021-05-06,13490.94,13617.34,13403.46,13613.73,0.82
2021-05-07,13715.56,13814.65,13669.78,13719.63,0.78
2021-05-10,13647.73,13648.49,13358.62,13359.08,-2.63
2021-05-11,13102.64,13381.66,13094.76,13351.27,-0.06
2021-05-12,13155.07,13236.89,12967.18,13001.63,-2.62
2021-05-13,13133.73,13226.64,13006.77,13109.15,0.83
2021-05-14,13238.99,13430.0,13220.19,13393.12,2.17
2021-05-17,13329.86,13350.14,13196.57,13312.91,-0.6
2021-05-18,13352.26,13400.52,13212.85,13217.68,-0.72
2021-05-19,12998.53,13243.98,12994.35,13237.91,0.15
2021-05-20,13294.59,13526.01,13293.1,13494.09,1.94
2021-05-21,13573.22,13573.84,13401.53,13411.74,-0.61
2021-05-24,13504.39,13687.61,13500.12,13641.75,1.71
2021-05-25,13701.3,13734.41,13614.54,13657.73,0.12
2021-05-26,13687.71,13726.06,13661.06,13702.74,0.33
2021-05-27,13686.86,13724.76,13652.13,13657.85,-0.33
2021-05-28,13717.0,13765.8,13684.83,13686.51,0.21
2021-06-01,13764.27,13773.45,13602.12,13654.59,-0.23
2021-06-02,13655.71,13712.68,13610.16,13675.79,0.16
2021-06-03,13568.91,13608.54,13469.85,13529.68,-1.07
2021-06-04,13619.79,13784.77,13613.58,13770.77,1.78
2021-06-07,13744.15,13808.42,13710.11,13802.89,0.23
2021-06-08,13873.46,13913.4,13746.42,13810.86,0.06
2021-06-09,13865.51,13900.71,13811.05,13814.94,0.03
2021-06-10,13834.26,13962.98,13817.83,13960.35,1.05
2021-06-11,13959.47,13998.65,13934.0,13998.3,0.27
2021-06-14,14002.14,14129.33,13963.94,14128.2,0.93
2021-06-15,14120.81,14126.26,14008.93,14030.41,-0.69
2021-06-16,14053.12,14100.11,13843.6,13983.01,-0.34
2021-06-17,13946.7,14205.43,13946.52,14163.81,1.29
2021-06-18,14125.12,14140.62,14024.6,14049.58,-0.81
2021-06-21,14055.04,14150.91,13967.89,14137.23,0.62
2021-06-22,14140.3,14288.49,14128.01,14270.42,0.94
2021-06-23,14275.09,14324.74,14247.58,14274.24,0.03
2021-06-24,14358.3,14429.14,14337.65,14365.96,0.64
2021-06-25,14396.63,14401.71,14324.26,14345.18,-0.14
2021-06-28,14401.63,14530.07,14400.59,14524.98,1.25
2021-06-29,14523.63,14575.19,14481.85,14572.75,0.33
2021-06-30,14560.07,14582.3,14530.87,14554.8,-0.12
2021-07-01,14530.63,14576.64,14483.42,14560.05,0.04
2021-07-02,14633.51,14738.14,14626.82,14727.63,1.15
2021-07-06,14755.15,14797.45,14635.31,14786.36,0.4
2021-07-07,14889.76,14891.19,14735.75,14810.54,0.16
2021-07-08,14577.67,14763.67,14551.76,14722.14,-0.6
2021-07-09,14709.32,14838.72,14685.54,14826.09,0.71
2021-07-12,14878.71,14899.46,14813.79,14877.89,0.35
2021-07-13,14871.04,15002.28,14843.8,14874.54,-0.02
2021-07-14,14984.86,15001.13,14871.73,14900.44,0.17
2021-07-15,14903.49,14907.51,14717.55,14794.69,-0.71
2021-07-16,14842.08,14875.97,14667.1,14681.38,-0.77
2021-07-19,14517.96,14578.96,14455.07,14549.09,-0.9
2021-07-20,14601.34,14790.6,14530.78,14728.21,1.23
2021-07-21,14723.67,14843.17,14710.11,14842.63,0.78
2021-07-22,14865.47,14941.38,14865.47,14940.17,0.66
2021-07-23,15004.43,15125.84,14948.04,15111.79,1.15
2021-07-26,15088.28,15142.35,15048.23,15125.95,0.09
2021-07-27,15103.01,15107.74,14787.8,14956.97,-1.12
2021-07-28,15005.17,15078.85,14913.55,15018.1,0.41
2021-07-29,15015.3,15091.96,15004.42,15048.36,0.2
2021-07-30,14882.39,14990.86,14882.39,14959.9,-0.59
2021-08-02,15046.1,15059.89,14945.13,14963.62,0.02
2021-08-03,14997.2,15063.66,14864.53,15061.42,0.65
2021-08-04,15059.16,15117.38,15017.14,15083.39,0.15
2021-08-05,15105.4,15184.27,15083.84,15181.64,0.65
2021-08-06,15125.74,15162.34,15063.02,15109.36,-0.48
2021-08-09,15136.14,15154.68,15081.75,15133.11,0.16
2021-08-10,15157.37,15169.45,15010.16,15053.58,-0.53
2021-08-11,15101.82,15127.78,14972.6,15027.76,-0.17
2021-08-12,15012.6,15097.91,14956.25,15088.98,0.41
2021-08-13,15101.84,15150.48,15079.3,15136.68,0.32
2021-08-16,15090.05,15142.03,14931.15,15140.77,0.03
2021-08-17,15018.94,15062.7,14906.22,15002.83,-0.91
2021-08-18,14975.02,15039.9,14846.51,14857.92,-0.97
2021-08-19,14773.19,15000.19,14773.19,14933.94,0.51
2021-08-20,14974.06,15103.94,14968.87,15092.57,1.06
2021-08-23,15140.14,15341.47,15140.14,15312.82,1.46
2021-08-24,15338.92,15384.42,15319.55,15357.68,0.29
2021-08-25,15384.83,15404.36,15341.92,15368.92,0.07
2021-08-26,15348.98,15369.28,15265.23,15278.52,-0.59
2021-08-27,15305.75,15447.03,15292.74,15432.95,1.01
2021-08-30,15460.93,15620.62,15459.74,15605.09,1.12
2021-08-31,15601.34,15604.45,15522.78,15582.51,-0.14
2021-09-01,15637.13,15696.42,15603.67,15611.57,0.19
2021-09-02,15656.28,15681.76,15554.29,15604.25,-0.05
2021-09-03,15578.96,15668.12,15554.97,15652.86,0.31
2021-09-07,15662.3,15701.4,15610.23,15675.76,0.15
2021-09-08,15669.01,15669.01,15528.45,15620.85,-0.35
2021-09-09,15639.44,15675.46,15556.74,15561.05,-0.38
2021-09-10,15648.05,15673.5,15433.43,15440.75,-0.77
2021-09-13,15545.66,15562.28,15351.7,15434.5,-0.04
2021-09-14,15505.78,15525.97,15352.06,15382.9,-0.33
2021-09-15,15419.95,15518.95,15316.4,15503.53,0.78
2021-09-16,15452.67,15539.14,15370.88,15515.91,0.08
2021-09-17,15481.43,15485.21,15291.04,15333.47,-1.18
2021-09-20,15068.65,15157.26,14821.03,15012.19,-2.1
2021-09-21,15096.97,15139.9,14986.98,15027.77,0.1
2021-09-22,15073.96,15230.34,15029.9,15176.51,0.99
2021-09-23,15231.2,15356.92,15199.43,15316.58,0.92
2021-09-24,15222.97,15345.54,15209.16,15329.68,0.09
2021-09-27,15205.23,15240.58,15106.45,15204.82,-0.81
2021-09-28,15001.98,15040.57,14758.98,14770.3,-2.86
2021-09-29,14835.51,14914.92,14727.41,14752.89,-0.12
2021-09-30,14830.3,14888.22,14684.55,14689.62,0.39
2021-10-04,14713.6,14727.6,14384.93,14472.12,-2.16
2021-10-05,14533.43,14763.64,14520.23,14674.15,1.4
2021-10-06,14529.89,14775.64,14499.48,14766.75,0.63
2021-10-07,14899.07,15010.32,14878.22,14897.13,0.88
2021-10-08,14942.36,14948.35,14805.5,14820.75,-0.51
2021-10-11,14765.69,14907.57,14709.05,14713.73,-0.72
2021-10-12,14772.29,14784.78,14636.33,14662.11,-0.35
2021-10-13,14751.8,14800.83,14676.58,14774.6,0.77
2021-10-14,14925.58,15059.89,14901.59,15052.42,1.88
2021-10-15,15106.97,15150.14,15064.59,15146.92,0.63
2021-10-18,15091.58,15307.51,15074.71,15300.89,1.02
2021-10-19,15349.45,15414.97,15320.62,15410.72,0.72
2021-10-20,15448.0,15457.11,15333.43,15388.71,-0.14
2021-10-21,15365.81,15497.58,15350.5,15489.59,0.66
2021-10-22,15422.07,15474.28,15291.95,15355.07,-0.87
2021-10-25,15417.25,15555.65,15338.49,15514.19,1.04
2021-10-26,15615.36,15710.79,15518.59,15559.49,0.29
2021-10-27,15603.16,15729.75,15578.68,15598.39,0.25
2021-10-28,15674.39,15784.0,15650.01,15778.16,1.15
2021-10-29,15638.74,15856.9,15638.74,15850.47,0.46
2021-11-01,15879.61,15910.35,15785.31,15905.28,0.35
2021-11-02,15885.34,15988.33,15877.27,15972.49,0.42
2021-11-03,16000.6,16157.6,15950.59,16144.5,1.08
2021-11-04,16193.22,16387.95,16169.56,16346.24,1.25
2021-11-05,16397.59,16454.48,16302.06,16359.38,0.08
2021-11-08,16351.49,16401.93,16314.0,16336.03,-0.14
2021-11-09,16389.99,16401.89,16168.63,16219.94,-0.71
2021-11-10,16087.02,16224.51,15905.28,15985.57,-1.44
2021-11-11,16114.05,16116.25,16019.39,16032.47,0.29
2021-11-12,16078.13,16218.55,16012.78,16199.89,1.04
2021-11-15,16227.01,16256.73,16096.37,16189.12,-0.07
2021-11-16,16170.29,16329.5,16156.69,16309.77,0.75
2021-11-17,16329.07,16398.95,16276.77,16308.07,-0.01
2021-11-18,16398.76,16501.92,16309.51,16482.97,1.07
2021-11-19,16558.56,16625.86,16523.83,16573.34,0.55
2021-11-22,16644.77,16764.86,16374.78,16380.98,-1.16
2021-11-23,16330.18,16417.5,16121.7,16306.72,-0.45
2021-11-24,16202.26,16370.56,16106.02,16367.81,0.37
2021-11-26,16237.41,16302.58,15988.95,16025.58,-2.09
2021-11-29,16263.43,16437.16,16214.56,16399.24,2.33
2021-11-30,16333.95,16454.56,16073.76,16135.92,-1.61
2021-12-01,16347.96,16427.19,15864.0,15877.72,-1.6
2021-12-02,15791.3,16066.32,15770.92,15990.76,0.71
2021-12-03,16039.41,16089.61,15543.31,15712.04,-1.74
2021-12-06,15744.91,15898.59,15557.78,15846.16,0.85
2021-12-07,16139.56,16343.67,16128.44,16325.66,3.03
2021-12-08,16313.88,16401.1,16250.39,16394.34,0.42
2021-12-09,16337.81,16413.28,16141.39,16149.57,-1.49
2021-12-10,16278.3,16339.12,16139.0,16331.98,1.13
2021-12-13,16317.9,16332.63,16075.54,16082.55,-1.53
2021-12-14,15877.65,15995.21,15742.8,15914.9,-1.04
2021-12-15,15908.45,16301.27,15746.94,16289.59,2.35
2021-12-16,16335.03,16340.53,15802.63,15863.94,-2.61
2021-12-17,15714.54,15960.25,15664.1,15801.46,-0.39
2021-12-20,15566.83,15662.61,15508.74,15627.64,-1.1
2021-12-21,15794.38,15997.61,15617.48,15986.28,2.29
2021-12-22,15963.54,16186.25,15947.56,16180.14,1.21
2021-12-23,16203.76,16360.75,16188.03,16308.21,0.79
2021-12-27,16361.07,16567.64,16361.07,16567.5,1.59
2021-12-28,16602.92,16607.19,16458.49,16488.66,-0.48
2021-12-29,16510.63,16548.92,16396.16,16491.01,0.01
2021-12-30,16485.4,16569.62,16415.12,16429.1,-0.38
2021-12-31,16411.26,16464.62,16317.26,16320.08,-0.66
2022-01-03,16395.51,16504.14,16306.64,16501.77,1.11
2022-01-04,16513.87,16513.87,16151.9,16279.73,-1.35
2022-01-05,16190.55,16249.23,15763.84,15771.78,-3.12
2022-01-06,15675.22,15900.6,15608.57,15765.36,-0.04
2022-01-07,15774.13,15835.0,15526.8,15592.19,-1.1
2022-01-10,15383.18,15627.92,15165.53,15614.43,0.14
2022-01-11,15582.72,15848.56,15496.91,15844.12,1.47
2022-01-12,15955.48,16017.39,15815.95,15905.1,0.38
2022-01-13,15970.09,15990.38,15468.09,15495.62,-2.57
2022-01-14,15396.47,15617.18,15396.47,15611.59,0.75
2022-01-18,15378.06,15446.3,15182.96,15210.76,-2.57
2022-01-19,15287.25,15382.0,15038.44,15047.84,-1.07
2022-01-20,15176.38,15347.62,14832.69,14846.46,-1.34
2022-01-21,14728.66,14868.45,14432.64,14438.4,-2.75
2022-01-24,14160.91,14532.57,13724.85,14509.58,0.49
2022-01-25,14237.6,14410.43,14033.81,14149.12,-2.48
2022-01-26,14492.52,14646.54,14006.4,14172.76,0.17
2022-01-27,14346.46,14419.45,13972.88,14003.11,-1.2
2022-01-28,14091.31,14457.78,13880.48,14454.61,3.22
2022-01-31,14505.07,14934.52,14442.88,14930.05,3.29
2022-02-01,14966.6,15034.42,14749.49,15019.68,0.6
2022-02-02,15173.03,15196.4,14960.85,15139.74,0.8
2022-02-03,14693.85,14856.51,14471.2,14501.11,-4.22
2022-02-04,14566.28,14832.05,14452.28,14694.35,1.33
2022-02-07,14716.43,14813.86,14524.63,14571.25,-0.84
2022-02-08,14533.25,14785.22,14485.78,14747.03,1.21
2022-02-09,14930.99,15057.9,14870.36,15056.96,2.1
2022-02-10,14770.68,15037.26,14636.62,14705.64,-2.33
2022-02-11,14739.46,14769.64,14194.54,14253.84,-3.07
2022-02-14,14233.4,14400.78,14119.73,14268.59,0.1
2022-02-15,14482.11,14624.53,14444.46,14620.82,2.47
2022-02-16,14514.84,14647.79,14399.29,14603.64,-0.12
2022-02-17,14485.08,14497.46,14155.43,14171.74,-2.96
2022-02-18,14207.55,14225.72,13918.76,14009.54,-1.14
2022-02-22,13892.81,14109.26,13720.92,13870.53,-0.99
2022-02-23,14016.94,14035.93,13502.58,13509.43,-2.6
2022-02-24,13065.44,13989.1,13065.44,13974.67,3.44
2022-02-25,13973.9,14193.0,13850.29,14189.16,1.53
2022-02-28,14058.61,14296.6,14009.36,14237.81,0.34
2022-03-01,14197.66,14271.58,13906.92,14005.99,-1.63
2022-03-02,14075.11,14292.72,13962.69,14243.69,1.7
2022-03-03,14339.7,14342.56,13965.11,14035.21,-1.46
2022-03-04,13957.6,13992.97,13738.61,13837.83,-1.41
2022-03-07,13853.53,13879.1,13314.44,13319.38,-3.75
2022-03-08,13275.23,13663.27,13129.4,13267.61,-0.39
2022-03-09,13610.48,13793.11,13504.48,13742.2,3.58
2022-03-10,13577.84,13633.69,13399.46,13591.0,-1.1
2022-03-11,13701.8,13714.44,13285.19,13301.83,-2.13
2022-03-14,13248.09,13386.67,13020.4,13046.64,-1.92
2022-03-15,13174.97,13488.18,13092.45,13458.56,3.16
2022-03-16,13633.12,13960.25,13475.09,13956.79,3.7
2022-03-17,13878.99,14125.67,13827.34,14118.6,1.16
2022-03-18,14061.29,14427.47,14014.43,14420.08,2.14
2022-03-21,14377.15,14470.68,14190.53,14376.09,-0.31
2022-03-22,14396.03,14688.97,14385.55,14654.33,1.94
2022-03-23,14525.22,14681.33,14446.04,14447.55,-1.41
2022-03-24,14529.72,14767.73,14440.67,14765.69,2.2
2022-03-25,14766.9,14805.88,14577.59,14754.31,-0.08
2022-03-28,14763.16,14989.08,14705.92,14987.4,1.58
2022-03-29,15142.93,15265.42,15039.61,15239.32,1.68
2022-03-30,15177.15,15229.01,15010.34,15071.55,-1.1
2022-03-31,15074.23,15088.38,14835.16,14838.49,-1.55
2022-04-01,14886.91,14925.93,14723.83,14861.21,0.15
2022-04-04,14903.38,15161.89,14884.57,15159.58,2.01
2022-04-05,15109.27,15120.67,14782.57,14820.64,-2.24
2022-04-06,14600.3,14639.35,14395.4,14498.89,-2.17
2022-04-07,14469.5,14624.24,14315.69,14531.81,0.23
2022-04-08,14450.53,14490.19,14307.68,14327.26,-1.41
2022-04-11,14149.6,14187.67,13979.14,13990.21,-2.35
2022-04-12,14175.66,14264.74,13882.75,13940.24,-0.36
2022-04-13,13939.61,14258.81,13919.48,14217.29,1.99
2022-04-14,14225.47,14235.39,13884.82,13893.21,-2.28
2022-04-18,13859.47,13997.93,13788.96,13910.76,0.13
2022-04-19,13882.75,14236.51,13844.74,14210.26,2.15
2022-04-20,14246.2,14263.61,13962.86,13998.53,-1.49
2022-04-21,14174.92,14277.21,13682.68,13720.45,-1.99
2022-04-22,13714.63,13769.4,13342.79,13356.87,-2.65
2022-04-25,13275.41,13541.77,13239.73,13533.22,1.32
2022-04-26,13447.66,13447.66,13009.65,13009.71,-3.87
2022-04-27,13009.4,13241.94,12936.41,13003.36,-0.05
2022-04-28,13254.96,13542.56,13038.17,13456.06,3.48
2022-04-29,13274.94,13428.53,12835.48,12854.8,-4.47
2022-05-02,12864.83,13083.57,12716.63,13075.85,1.72
2022-05-03,13045.35,13178.74,12982.7,13089.9,0.11
2022-05-04,13110.3,13556.67,12887.53,13535.71,3.41
2022-05-05,13344.79,13344.79,12710.59,12850.55,-5.06
2022-05-06,12776.86,12926.58,12522.77,12693.53,-1.22
2022-05-09,12465.91,12542.32,12136.19,12187.72,-3.98
2022-05-10,12496.84,12537.89,12173.47,12345.86,1.3
2022-05-11,12240.21,12470.89,11939.09,11967.56,-3.06
2022-05-12,11790.13,12128.73,11692.12,11945.5,-0.18
2022-05-13,12125.93,12429.28,12069.13,12387.4,3.7
2022-05-16,12297.07,12395.51,12196.21,12243.58,-1.16
2022-05-17,12496.63,12572.99,12333.99,12564.1,2.62
2022-05-18,12352.92,12389.96,11887.0,11928.31,-5.06
2022-05-19,11872.56,12066.85,11795.79,11875.63,-0.44
2022-05-20,12037.03,12044.7,11492.29,11835.62,-0.34
2022-05-23,11867.08,12047.81,11785.76,12034.28,1.68
2022-05-24,11807.78,11842.81,11576.11,11769.84,-2.2
2022-05-25,11732.45,12028.89,11714.27,11943.93,1.48
2022-05-26,11906.83,12337.73,11901.87,12276.79,2.79
2022-05-27,12421.8,12682.58,12405.29,12681.42,3.3
2022-05-31,12688.95,12762.84,12482.32,12642.1,-0.31
2022-06-01,12750.31,12820.47,12457.91,12548.36,-0.74
2022-06-02,12498.63,12897.63,12447.77,12892.89,2.75
2022-06-03,12650.38,12724.81,12505.76,12548.03,-2.67
2022-06-06,12745.89,12804.46,12534.58,12599.63,0.41
2022-06-07,12456.49,12737.3,12413.56,12711.68,0.89
2022-06-08,12682.81,12776.65,12578.55,12615.13,-0.76
2022-06-09,12543.37,12666.41,12265.86,12269.78,-2.74
2022-06-10,12052.59,12082.69,11825.35,11832.82,-3.56
2022-06-13,11472.19,11568.65,11254.19,11288.32,-4.6
2022-06-14,11385.18,11418.22,11205.92,11311.69,0.21
2022-06-15,11468.13,11751.29,11346.54,11593.77,2.49
2022-06-16,11286.87,11311.05,11037.21,11127.57,-4.02
2022-06-17,11172.65,11357.97,11089.93,11265.99,1.24
2022-06-21,11446.98,11638.47,11446.98,11546.76,2.49
2022-06-22,11427.74,11708.08,11423.2,11527.71,-0.16
2022-06-23,11622.09,11729.62,11515.48,11697.68,1.47
2022-06-24,11826.95,12112.82,11812.18,12105.85,3.49
2022-06-27,12157.93,12175.98,11965.67,12008.24,-0.81
2022-06-28,12021.34,12133.87,11633.13,11637.77,-3.09
2022-06-29,11619.01,11710.21,11537.72,11658.26,0.18
2022-06-30,11532.32,11650.96,11322.86,11503.72,-1.33
2022-07-01,11472.63,11592.85,11378.63,11585.68,0.71
2022-07-05,11419.34,11781.74,11366.07,11779.9,1.68
2022-07-06,11807.08,11941.31,11727.36,11852.59,0.62
2022-07-07,11913.73,12137.71,11897.51,12109.05,2.16
2022-07-08,11977.95,12179.32,11956.03,12125.69,0.14
2022-07-11,12008.76,12026.06,11830.89,11860.28,-2.19
2022-07-12,11926.84,11990.44,11684.02,11744.99,-0.97
2022-07-13,11523.91,11819.69,11498.96,11728.53,-0.14
2022-07-14,11637.18,11801.11,11488.27,11768.4,0.34
2022-07-15,11896.15,11987.52,11828.13,11983.62,1.83
2022-07-18,12089.68,12156.09,11836.52,11877.5,-0.89
2022-07-19,12046.69,12258.37,11967.92,12249.42,3.13
2022-07-20,12269.07,12488.39,12232.2,12439.68,1.55
2022-07-21,12466.13,12620.5,12351.42,12619.41,1.44
2022-07-22,12575.76,12662.86,12322.82,12396.47,-1.77
2022-07-25,12391.21,12415.59,12244.4,12328.41,-0.55
2022-07-26,12248.21,12259.01,12051.21,12086.9,-1.96
2022-07-27,12299.34,12660.77,12256.94,12601.47,4.26
2022-07-28,12580.61,12741.83,12433.55,12717.87,0.92
2022-07-29,12784.2,12986.64,12726.25,12947.97,1.81
2022-08-01,12877.04,13084.61,12833.16,12940.78,-0.06
2022-08-02,12853.04,13073.27,12809.01,12901.6,-0.3
2022-08-03,12983.58,13289.19,12974.85,13253.26,2.73
2022-08-04,13253.77,13326.72,13170.44,13311.04,0.44
2022-08-05,13107.45,13286.02,13070.36,13207.69,-0.78
2022-08-08,13227.09,13394.54,13103.8,13159.16,-0.37
2022-08-09,13064.24,13095.7,12945.6,13008.17,-1.15
2022-08-10,13330.66,13386.85,13220.05,13378.32,2.85
2022-08-11,13471.03,13555.38,13271.35,13291.99,-0.65
2022-08-12,13384.65,13565.87,13341.65,13565.87,2.06
2022-08-15,13529.66,13685.65,13524.53,13667.18,0.75
2022-08-16,13617.66,13720.91,13508.47,13635.21,-0.23
2022-08-17,13499.24,13591.58,13389.82,13470.86,-1.21
2022-08-18,13474.24,13553.28,13405.74,13505.99,0.26
2022-08-19,13370.25,13402.61,13210.82,13242.9,-1.95
2022-08-22,13056.39,13073.07,12859.82,12890.54,-2.66
2022-08-23,12885.28,13000.71,12852.7,12881.79,-0.07
2022-08-24,12876.23,12995.14,12843.58,12917.86,0.28
2022-08-25,12984.74,13146.84,12951.61,13143.58,1.75
2022-08-26,13129.91,13175.25,12603.41,12605.17,-4.1
2022-08-29,12488.46,12594.34,12440.4,12484.32,-0.96
2022-08-30,12562.4,12572.88,12240.82,12342.7,-1.13
2022-08-31,12448.07,12502.15,12268.08,12272.03,-0.57
2022-09-01,12158.88,12290.33,12012.98,12274.62,0.02
2022-09-02,12392.46,12451.28,12035.53,12098.44,-1.44
2022-09-06,12106.57,12152.42,11928.81,12011.31,-0.72
2022-09-07,12038.18,12298.12,12026.98,12259.39,2.07
2022-09-08,12139.57,12374.13,12120.26,12321.19,0.5
2022-09-09,12424.15,12610.43,12424.15,12588.29,2.17
2022-09-12,12649.23,12752.83,12639.76,12739.72,1.2
2022-09-13,12364.83,12420.01,12004.42,12033.62,-5.54
2022-09-14,12092.03,12170.25,12016.43,12134.4,0.84
2022-09-15,12034.43,12153.34,11867.88,11927.49,-1.71
2022-09-16,11775.94,11875.09,11710.26,11861.38,-0.55
2022-09-19,11753.6,11956.79,11752.43,11953.27,0.77
2022-09-20,11855.84,11951.13,11761.69,11851.54,-0.85
2022-09-21,11892.72,12062.52,11636.25,11637.79,-1.8
2022-09-22,11574.32,11617.99,11448.86,11501.65,-1.17
2022-09-23,11398.75,11402.41,11169.66,11311.24,-1.66
2022-09-26,11283.14,11473.36,11235.74,11254.11,-0.51
2022-09-27,11411.34,11502.38,11175.29,11271.75,0.16
2022-09-28,11258.74,11546.87,11210.81,11493.83,1.97
2022-09-29,11334.57,11339.91,11038.94,11164.78,-2.86
2022-09-30,11123.11,11296.16,10966.95,10971.22,-1.73
2022-10-03,11059.17,11296.43,10985.01,11229.73,2.36
2022-10-04,11477.85,11609.25,11462.37,11582.54,3.14
2022-10-05,11429.47,11647.62,11312.52,11573.18,-0.08
2022-10-06,11556.4,11660.55,11472.83,11485.5,-0.76
2022-10-07,11272.46,11293.65,10991.66,11039.47,-3.88
2022-10-10,11048.51,11063.21,10824.25,10926.97,-1.02
2022-10-11,10865.32,10981.91,10716.33,10791.35,-1.24
2022-10-12,10810.3,10886.49,10754.85,10785.62,-0.05
2022-10-13,10481.58,11087.66,10440.64,11033.58,2.3
2022-10-14,11130.08,11152.89,10677.48,10692.06,-3.1
2022-10-17,10967.25,11090.87,10959.74,11062.53,3.46
2022-10-18,11368.76,11374.38,11035.8,11147.74,0.77
2022-10-19,11081.82,11231.46,11008.11,11103.38,-0.4
2022-10-20,11081.22,11279.81,11001.28,11046.71,-0.51
2022-10-21,10998.17,11327.77,10962.01,11310.33,2.39
2022-10-24,11321.11,11468.18,11166.49,11430.26,1.06
2022-10-25,11482.87,11681.85,11480.41,11669.99,2.1
2022-10-26,11409.79,11657.06,11388.34,11405.9,-2.26
2022-10-27,11387.71,11417.04,11179.9,11191.63,-1.88
2022-10-28,11176.99,11563.16,11176.99,11546.21,3.17
2022-10-31,11465.21,11482.99,11331.26,11405.57,-1.22
2022-11-01,11571.53,11574.39,11278.28,11288.95,-1.02
2022-11-02,11300.27,11410.91,10903.48,10906.34,-3.39
2022-11-03,10769.43,10852.18,10680.83,10690.6,-1.98
2022-11-04,10911.98,10934.62,10632.39,10857.03,1.56
2022-11-07,10900.83,11001.16,10817.59,10977.0,1.1
2022-11-08,11039.58,11191.9,10897.53,11059.5,0.75
2022-11-09,10971.43,11012.66,10790.35,10797.55,-2.37
2022-11-10,11350.42,11612.2,11235.74,11605.96,7.49
2022-11-11,11604.36,11840.07,11535.56,11817.01,1.82
2022-11-14,11728.11,11863.82,11669.1,11700.94,-0.98
2022-11-15,12006.45,12024.95,11735.4,11871.15,1.45
2022-11-16,11767.42,11796.99,11673.14,11699.09,-1.45
2022-11-17,11521.64,11737.61,11519.38,11676.86,-0.19
2022-11-18,11791.85,11794.68,11579.64,11677.02,0.0
2022-11-21,11623.35,11664.94,11524.44,11553.45,-1.06
2022-11-22,11590.83,11731.76,11503.34,11724.84,1.48
2022-11-23,11725.08,11866.42,11722.01,11838.72,0.97
2022-11-25,11777.33,11803.91,11748.79,11756.03,-0.7
2022-11-28,11684.07,11764.83,11555.26,11587.75,-1.43
2022-11-29,11590.3,11613.33,11450.34,11503.45,-0.73
2022-11-30,11505.74,12031.34,11481.89,12030.06,4.58
2022-12-01,12030.24,12115.34,11928.66,12041.89,0.1
2022-12-02,11845.53,12027.62,11825.53,11994.26,-0.4
2022-12-05,11899.54,11957.36,11732.15,11786.8,-1.73
2022-12-06,11775.2,11790.93,11488.6,11549.69,-2.01
2022-12-07,11490.99,11577.69,11431.96,11497.39,-0.45
2022-12-08,11543.68,11672.14,11470.68,11637.5,1.22
2022-12-09,11594.38,11707.09,11550.31,11563.33,-0.64
2022-12-12,11572.26,11707.71,11529.41,11706.44,1.24
2022-12-13,12141.24,12166.41,11724.9,11834.21,1.09
2022-12-14,11824.54,11941.28,11617.41,11740.92,-0.79
2022-12-15,11573.38,11591.33,11300.35,11345.22,-3.37
2022-12-16,11313.64,11383.39,11175.54,11243.72,-0.89
2022-12-19,11243.0,11251.57,11029.77,11084.59,-1.42
2022-12-20,11023.47,11143.62,10967.07,11072.42,-0.11
2022-12-21,11110.65,11285.78,11083.36,11235.88,1.48
2022-12-22,11099.36,11114.23,10784.02,10956.14,-2.49
2022-12-23,10911.04,11007.09,10830.9,10985.45,0.27
2022-12-27,10944.3,10957.44,10807.61,10822.51,-1.48
2022-12-28,10807.12,10898.64,10671.19,10679.34,-1.32
2022-12-29,10800.8,10981.06,10776.62,10951.05,2.54
2022-12-30,10835.59,10942.9,10778.64,10939.76,-0.1
2023-01-03,11038.42,11093.1,10770.93,10862.64,-0.7
2023-01-04,10949.34,10981.46,10785.53,10914.8,0.48
2023-01-05,10837.25,10842.33,10728.26,10741.22,-1.59
2023-01-06,10807.46,11082.59,10696.42,11040.35,2.78
2023-01-09,11133.07,11304.84,11085.32,11108.45,0.62
2023-01-10,11069.05,11207.56,11050.68,11205.78,0.88
2023-01-11,11259.16,11403.89,11220.75,11402.52,1.76
2023-01-12,11441.45,11500.86,11246.02,11459.61,0.5
2023-01-13,11362.13,11547.96,11347.6,11541.48,0.71
2023-01-17,11531.54,11615.95,11484.02,11557.19,0.14
2023-01-18,11636.61,11690.27,11403.31,11410.29,-1.27
2023-01-19,11345.19,11388.46,11251.94,11295.67,-1.0
2023-01-20,11363.85,11623.2,11329.54,11619.03,2.86
2023-01-23,11652.0,11918.86,11617.83,11872.54,2.18
2023-01-24,11802.95,11889.37,11780.07,11846.64,-0.22
2023-01-25,11636.01,11841.81,11550.07,11814.69,-0.27
2023-01-26,11972.57,12055.81,11853.37,12051.48,2.0
2023-01-27,12000.21,12248.15,11999.87,12166.6,0.96
2023-01-30,12047.16,12087.68,11906.11,11912.39,-2.09
2023-01-31,11915.94,12104.13,11915.94,12101.93,1.59
2023-02-01,12087.92,12458.87,12010.73,12363.1,2.16
2023-02-02,12655.18,12880.98,12600.76,12803.14,3.56
2023-02-03,12520.95,12828.71,12520.95,12573.36,-1.79
2023-02-06,12468.8,12558.87,12411.88,12464.51,-0.87
2023-02-07,12474.95,12771.59,12419.71,12728.27,2.12
2023-02-08,12680.03,12709.45,12471.12,12495.38,-1.83
2023-02-09,12677.54,12679.54,12327.44,12381.17,-0.91
2023-02-10,12306.59,12375.72,12204.21,12304.92,-0.62
2023-02-13,12356.5,12522.78,12313.45,12502.31,1.6
2023-02-14,12413.1,12627.4,12356.32,12590.89,0.71
2023-02-15,12531.6,12689.34,12486.42,12687.89,0.77
2023-02-16,12495.07,12653.4,12440.0,12442.48,-1.93
2023-02-17,12352.3,12385.52,12233.79,12358.18,-0.68
2023-02-21,12205.21,12257.06,12058.23,12060.3,-2.41
2023-02-22,12085.67,12156.21,12006.04,12066.27,0.05
2023-02-23,12224.44,12227.4,12003.31,12180.14,0.94
2023-02-24,11979.8,12018.32,11900.84,11969.65,-1.73
2023-02-27,12106.79,12159.64,12034.61,12057.79,0.74
2023-02-28,12041.75,12146.52,12021.32,12042.12,-0.13
2023-03-01,12026.72,12054.48,11906.58,11938.57,-0.86
2023-03-02,11830.09,12074.59,11830.09,12044.87,0.89
2023-03-03,12110.71,12300.46,12095.24,12290.81,2.04
2023-03-06,12344.65,12466.88,12297.57,12302.48,0.09
2023-03-07,12303.19,12344.04,12130.01,12152.17,-1.22
2023-03-08,12181.06,12237.72,12102.28,12215.33,0.52
2023-03-09,12230.84,12340.45,11970.34,11995.88,-1.8
2023-03-10,12001.7,12069.62,11789.86,11830.28,-1.38
2023-03-13,11752.1,12073.96,11695.41,11923.17,0.79
2023-03-14,12078.46,12217.87,12035.22,12199.79,2.32
2023-03-15,12083.24,12269.45,12026.18,12251.32,0.42
2023-03-16,12211.87,12595.69,12190.65,12581.39,2.69
2023-03-17,12570.16,12674.34,12444.08,12519.88,-0.49
2023-03-20,12487.79,12578.35,12407.82,12562.61,0.34
2023-03-21,12643.35,12762.45,12582.76,12741.44,1.42
2023-03-22,12742.41,12943.62,12563.78,12567.15,-1.37
2023-03-23,12735.6,12900.1,12611.67,12729.23,1.29
2023-03-24,12700.51,12770.28,12608.15,12767.05,0.3
2023-03-27,12797.9,12839.42,12647.94,12673.07,-0.74
2023-03-28,12654.91,12654.91,12517.87,12610.57,-0.49
2023-03-29,12768.14,12867.32,12734.68,12846.03,1.87
2023-03-30,12934.99,12987.97,12894.14,12963.14,0.91
2023-03-31,12968.96,13188.83,12968.0,13181.35,1.68
2023-04-03,13084.1,13157.47,13036.55,13148.35,-0.25
2023-04-04,13165.32,13204.08,13049.98,13100.08,-0.37
2023-04-05,13056.79,13065.28,12894.44,12967.2,-1.01
2023-04-06,12892.9,13078.1,12846.03,13062.6,0.74
2023-04-10,12936.52,13051.85,12861.52,13051.23,-0.09
2023-04-11,13040.49,13049.56,12947.66,12964.15,-0.67
2023-04-12,13043.97,13071.98,12833.31,12848.35,-0.89
2023-04-13,12922.9,13124.41,12920.02,13109.39,2.03
2023-04-14,13044.69,13152.28,12962.51,13079.52,-0.23
2023-04-17,13053.26,13105.68,12981.26,13087.71,0.06
2023-04-18,13180.31,13196.18,13044.21,13091.79,0.03
2023-04-19,12992.51,13128.25,12988.2,13088.71,-0.02
2023-04-20,12962.29,13107.92,12933.8,12985.98,-0.78
2023-04-21,12970.32,13030.85,12899.64,13000.77,0.11
2023-04-24,12981.71,13044.22,12883.77,12969.76,-0.24
2023-04-25,12905.09,12933.28,12724.24,12725.11,-1.89
2023-04-26,12866.64,12929.62,12783.42,12806.48,0.64
2023-04-27,12963.21,13175.62,12938.5,13160.03,2.76
2023-04-28,13139.35,13247.39,13096.94,13245.99,0.65
2023-05-01,13229.11,13287.47,13186.4,13231.47,-0.11
2023-05-02,13225.48,13241.53,13046.79,13113.66,-0.89
2023-05-03,13123.1,13231.71,13026.04,13030.21,-0.64
2023-05-04,13014.07,13064.02,12938.45,12982.48,-0.37
2023-05-05,13070.7,13291.11,13059.91,13259.13,2.13
2023-05-08,13247.09,13302.43,13193.08,13291.64,0.25
2023-05-09,13228.64,13254.81,13193.88,13201.11,-0.68
2023-05-10,13308.41,13384.42,13204.79,13347.83,1.11
2023-05-11,13376.85,13411.7,13306.08,13389.78,0.31
2023-05-12,13407.02,13427.42,13256.56,13340.18,-0.37
2023-05-15,13352.26,13419.81,13297.85,13413.51,0.55
2023-05-16,13385.37,13498.44,13384.77,13426.01,0.09
2023-05-17,13474.52,13608.33,13419.35,13589.26,1.22
2023-05-18,13608.95,13844.76,13606.81,13834.62,1.81
2023-05-19,13842.69,13874.42,13763.9,13803.49,-0.23
2023-05-22,13805.33,13893.71,13792.97,13849.74,0.34
2023-05-23,13773.68,13827.1,13662.91,13672.54,-1.28
2023-05-24,13589.02,13655.73,13520.92,13604.48,-0.5
2023-05-25,13920.89,13986.87,13812.18,13938.53,2.46
2023-05-26,13990.55,14329.49,13982.16,14298.41,2.58
2023-05-30,14465.59,14520.17,14301.08,14354.99,0.4
2023-05-31,14293.56,14375.38,14216.16,14254.09,-0.7
2023-06-01,14269.09,14493.31,14219.94,14441.51,1.31
2023-06-02,14517.08,14595.81,14442.15,14546.64,0.73
2023-06-05,14550.13,14662.95,14516.88,14556.5,0.07
2023-06-06,14526.1,14593.5,14476.99,14558.09,0.01
2023-06-07,14573.27,14647.91,14283.88,14303.29,-1.75
2023-06-08,14319.24,14503.31,14314.69,14484.54,1.27
2023-06-09,14574.24,14672.85,14487.48,14528.36,0.3
2023-06-12,14617.35,14789.6,14571.36,14784.3,1.76
2023-06-13,14911.26,14931.83,14770.14,14900.85,0.79
2023-06-14,14894.1,15017.1,14784.62,15005.69,0.7
2023-06-15,14949.7,15246.62,14930.12,15185.48,1.2
2023-06-16,15272.65,15284.65,15073.45,15083.92,-0.67
2023-06-20,15036.48,15127.42,14946.72,15070.15,-0.09
2023-06-21,15019.01,15038.9,14826.02,14867.45,-1.35
2023-06-22,14797.89,15044.22,14794.95,15042.32,1.18
2023-06-23,14879.23,14983.73,14821.81,14891.48,-1.0
2023-06-26,14866.66,14982.82,14687.02,14689.02,-1.36
2023-06-27,14751.57,14972.31,14726.75,14945.91,1.75
2023-06-28,14876.25,15051.08,14865.81,14964.57,0.12
2023-06-29,14965.55,14986.89,14876.94,14939.95,-0.16
2023-06-30,15085.24,15213.75,15081.57,15179.21,1.6
2023-07-03,15190.54,15232.96,15153.6,15208.69,0.19
2023-07-05,15165.36,15275.18,15162.66,15203.78,-0.03
2023-07-06,15054.1,15106.45,14969.14,15089.45,-0.75
2023-07-07,15070.5,15210.63,15032.56,15036.85,-0.35
2023-07-10,15031.95,15066.44,14924.64,15045.64,0.06
2023-07-11,15068.13,15135.29,14974.16,15119.06,0.49
2023-07-12,15279.35,15364.09,15209.71,15307.23,1.24
2023-07-13,15432.48,15602.74,15420.71,15571.98,1.73
2023-07-14,15610.0,15720.06,15531.0,15565.6,-0.04
2023-07-17,15608.28,15745.67,15576.51,15713.28,0.95
2023-07-18,15671.72,15895.68,15607.71,15841.35,0.82
2023-07-19,15888.16,15932.05,15781.96,15826.35,-0.09
2023-07-20,15717.67,15771.84,15429.87,15466.09,-2.28
2023-07-21,15554.95,15600.54,15410.57,15425.67,-0.26
2023-07-24,15475.15,15504.67,15374.66,15448.02,0.14
2023-07-25,15483.06,15622.69,15482.04,15561.42,0.73
2023-07-26,15514.04,15571.16,15411.91,15499.26,-0.4
2023-07-27,15734.03,15795.51,15416.05,15464.93,-0.22
2023-07-28,15630.17,15788.48,15617.75,15750.93,1.85
2023-07-31,15774.3,15803.55,15702.74,15757.0,0.04
2023-08-01,15696.98,15748.43,15636.57,15718.01,-0.25
2023-08-02,15561.15,15561.36,15321.44,15370.74,-2.21
2023-08-03,15287.77,15436.59,15270.72,15353.54,-0.11
2023-08-04,15420.74,15523.31,15258.69,15274.92,-0.51
2023-08-07,15355.62,15410.85,15258.92,15407.85,0.87
2023-08-08,15279.41,15295.8,15148.25,15273.05,-0.87
2023-08-09,15286.99,15288.76,15077.91,15101.71,-1.12
2023-08-10,15217.29,15366.29,15072.49,15128.84,0.18
2023-08-11,15010.52,15102.53,14973.67,15028.07,-0.67
2023-08-14,14988.42,15206.26,14972.01,15205.59,1.18
2023-08-15,15172.08,15192.88,15014.36,15037.65,-1.1
2023-08-16,15021.63,15077.05,14874.02,14876.47,-1.07
2023-08-17,14943.34,14949.58,14698.29,14715.81,-1.08
2023-08-18,14589.71,14744.57,14557.83,14694.84,-0.14
2023-08-21,14762.01,14958.87,14739.37,14936.69,1.65
2023-08-22,15035.07,15037.79,14883.98,14908.96,-0.19
2023-08-23,14947.58,15188.86,14947.58,15148.06,1.6
2023-08-24,15278.93,15279.24,14814.83,14816.44,-2.19
2023-08-25,14858.93,15001.29,14715.36,14941.83,0.85
2023-08-28,15035.48,15086.23,14948.92,15052.46,0.74
2023-08-29,15043.02,15391.56,15034.54,15376.55,2.15
2023-08-30,15386.67,15484.83,15341.94,15462.43,0.56
2023-08-31,15475.43,15575.01,15466.41,15501.07,0.25
2023-09-01,15600.95,15618.85,15429.36,15490.86,-0.07
2023-09-05,15460.52,15556.85,15419.96,15508.24,0.11
2023-09-06,15467.32,15487.0,15289.48,15371.44,-0.88
2023-09-07,15174.22,15288.2,15138.73,15258.52,-0.73
2023-09-08,15265.57,15374.22,15244.06,15280.23,0.14
2023-09-11,15409.77,15482.84,15328.35,15461.87,1.19
2023-09-12,15390.59,15447.85,15278.88,15289.74,-1.11
2023-09-13,15293.27,15414.61,15256.6,15348.53,0.38
2023-09-14,15433.01,15512.82,15337.18,15473.89,0.82
2023-09-15,15425.95,15435.45,15173.71,15202.4,-1.75
2023-09-18,15161.17,15268.96,15155.46,15225.37,0.15
2023-09-19,15152.53,15219.92,15069.41,15191.23,-0.22
2023-09-20,15225.34,15245.19,14967.6,14969.92,-1.46
2023-09-21,14813.49,14849.25,14691.69,14694.24,-1.84
2023-09-22,14756.62,14855.92,14686.84,14701.1,0.05
2023-09-25,14662.69,14771.12,14615.45,14768.9,0.46
2023-09-26,14668.45,14678.48,14505.68,14545.83,-1.51
2023-09-27,14600.14,14657.21,14432.6,14580.16,0.24
2023-09-28,14530.96,14787.58,14510.17,14702.77,0.84
2023-09-29,14853.35,14901.85,14664.78,14715.24,0.08
2023-10-02,14717.9,14892.18,14701.52,14837.57,0.83
2023-10-03,14744.05,14819.87,14504.14,14565.62,-1.83
2023-10-04,14613.23,14803.04,14592.56,14776.25,1.45
2023-10-05,14769.55,14784.69,14584.39,14723.22,-0.36
2023-10-06,14622.23,15021.38,14575.95,14973.24,1.7
2023-10-09,14871.57,15070.64,14816.32,15047.15,0.49
2023-10-10,15074.04,15241.94,15050.54,15131.52,0.56
2023-10-11,15194.53,15248.22,15119.62,15241.12,0.72
2023-10-12,15264.11,15333.98,15090.69,15184.1,-0.37
2023-10-13,15225.73,15232.37,14943.42,14995.12,-1.24
2023-10-16,15054.48,15209.5,15047.27,15172.73,1.18
2023-10-17,15009.26,15187.06,14932.77,15122.01,-0.33
2023-10-18,15022.28,15103.87,14865.81,14909.26,-1.41
2023-10-19,14981.13,15023.91,14749.3,14783.13,-0.85
2023-10-20,14752.59,14781.22,14552.12,14560.88,-1.5
2023-10-23,14514.11,14746.37,14419.06,14604.85,0.3
2023-10-24,14678.41,14774.16,14610.33,14745.86,0.97
2023-10-25,14642.08,14643.69,14362.24,14381.64,-2.47
2023-10-26,14314.01,14372.51,14058.33,14109.57,-1.89
2023-10-27,14245.75,14321.04,14130.37,14180.42,0.5
2023-10-30,14283.98,14388.2,14225.86,14335.51,1.09
2023-10-31,14340.86,14420.44,14232.4,14409.78,0.52
2023-11-01,14453.68,14677.86,14441.89,14664.91,1.77
2023-11-02,14856.95,14930.76,14792.81,14919.55,1.74
2023-11-03,14985.12,15149.78,14965.29,15099.49,1.21
2023-11-06,15137.16,15180.19,15064.91,15154.93,0.37
2023-11-07,15201.77,15335.44,15153.31,15296.02,0.93
2023-11-08,15313.9,15343.19,15220.88,15313.24,0.11
2023-11-09,15351.12,15382.11,15171.32,15187.9,-0.82
2023-11-10,15252.36,15535.2,15237.17,15529.12,2.25
2023-11-13,15469.21,15524.66,15404.71,15482.79,-0.3
2023-11-14,15744.36,15850.34,15726.12,15812.47,2.13
2023-11-15,15881.72,15904.63,15765.31,15817.18,0.03
2023-11-16,15765.2,15842.63,15738.22,15833.17,0.1
2023-11-17,15803.98,15876.87,15766.94,15837.99,0.03
2023-11-20,15845.2,16056.76,15844.83,16027.06,1.19
2023-11-21,15951.55,15968.09,15866.82,15933.62,-0.58
2023-11-22,16025.74,16119.31,15964.04,16001.39,0.43
2023-11-24,15974.85,16007.43,15940.62,15982.01,-0.12
2023-11-27,15969.72,16045.3,15932.19,15961.98,-0.13
2023-11-28,15940.29,16031.52,15921.07,16010.43,0.3
2023-11-29,16111.36,16166.51,15976.69,15987.6,-0.14
2023-11-30,15987.66,16013.48,15825.67,15947.87,-0.25
2023-12-01,15892.59,16013.75,15834.93,15997.58,0.31
2023-12-04,15837.12,15852.45,15695.58,15839.67,-0.99
2023-12-05,15763.65,15931.84,15760.59,15877.71,0.24
2023-12-06,15990.2,15990.94,15776.95,15788.05,-0.56
2023-12-07,15888.23,16042.51,15875.48,16022.49,1.48
2023-12-08,15952.85,16100.86,15937.58,16084.69,0.39
2023-12-11,16069.62,16232.26,16061.87,16221.73,0.85
2023-12-12,16209.61,16354.25,16175.46,16354.25,0.82
2023-12-13,16392.18,16581.04,16357.21,16562.37,1.27
2023-12-14,16603.54,16660.71,16419.26,16537.83,-0.15
2023-12-15,16587.0,16669.77,16557.01,16623.45,0.52
2023-12-18,16631.11,16764.32,16629.29,16729.8,0.64
2023-12-19,16734.25,16813.01,16733.38,16811.85,0.49
2023-12-20,16763.64,16860.68,16552.06,16554.16,-1.53
2023-12-21,16719.61,16768.02,16621.52,16757.41,1.23
2023-12-22,16799.02,16839.25,16703.57,16777.4,0.12
2023-12-26,16816.78,16907.51,16813.57,16878.46,0.6
2023-12-27,16896.14,16922.01,16859.55,16906.8,0.17
2023-12-28,16963.52,16969.17,16891.32,16898.47,-0.05
2023-12-29,16902.44,16919.51,16757.89,16825.93,-0.43
2024-01-02,16667.3,16686.6,16453.15,16543.94,-1.68
2024-01-03,16413.26,16471.08,16352.14,16368.49,-1.06
2024-01-04,16290.78,16419.44,16276.43,16282.01,-0.53
2024-01-05,16281.74,16415.39,16249.19,16305.98,0.15
2024-01-08,16354.22,16655.23,16349.39,16649.87,2.11
2024-01-09,16531.96,16710.88,16513.73,16678.7,0.17
2024-01-10,16702.55,16827.37,16654.74,16793.05,0.69
2024-01-11,16852.19,16898.16,16618.86,16820.9,0.17
2024-01-12,16855.0,16900.37,16776.92,16832.92,0.07
2024-01-16,16775.1,16895.33,16726.59,16830.71,-0.01
2024-01-17,16705.51,16749.11,16561.49,16736.28,-0.56
2024-01-18,16894.33,16996.98,16818.13,16982.29,1.47
2024-01-19,17060.14,17317.21,17041.85,17314.0,1.95
2024-01-22,17403.62,17450.3,17309.87,17330.38,0.09
2024-01-23,17346.95,17410.86,17286.02,17404.21,0.43
2024-01-24,17562.32,17665.26,17481.97,17499.3,0.55
2024-01-25,17589.27,17631.34,17430.37,17516.99,0.1
2024-01-26,17432.87,17514.76,17395.54,17421.01,-0.55
2024-01-29,17438.03,17603.95,17414.62,17596.27,1.01
2024-01-30,17556.49,17578.46,17443.77,17476.71,-0.68
2024-01-31,17269.98,17375.32,17128.74,17137.24,-1.94
2024-02-01,17216.99,17356.76,17175.83,17344.71,1.21
2024-02-02,17415.94,17682.29,17378.37,17642.73,1.72
2024-02-05,17634.69,17655.77,17469.62,17613.04,-0.17
2024-02-06,17664.44,17680.62,17475.43,17572.73,-0.23
2024-02-07,17674.59,17784.17,17637.73,17755.07,1.04
2024-02-08,17757.6,17814.12,17728.55,17783.17,0.16
2024-02-09,17820.98,17987.9,17798.81,17962.41,1.01
2024-02-12,17942.28,18041.45,17859.66,17882.66,-0.44
2024-02-13,17519.8,17717.67,17478.23,17600.42,-1.58
2024-02-14,17728.9,17815.18,17619.92,17807.63,1.18
2024-02-15,17815.32,17864.59,17722.31,17845.72,0.21
2024-02-16,17853.59,17864.16,17663.4,17685.98,-0.9
2024-02-20,17591.17,17657.08,17399.41,17546.1,-0.79
2024-02-21,17412.79,17482.13,17319.44,17478.91,-0.38
2024-02-22,17857.76,18034.8,17808.26,18004.7,3.01
2024-02-23,18052.59,18091.62,17902.78,17937.61,-0.37
2024-02-26,17970.21,18014.11,17926.66,17933.33,-0.02
2024-02-27,17962.58,17987.54,17871.06,17971.05,0.21
2024-02-28,17895.03,17931.01,17840.36,17874.5,-0.54
2024-02-29,17991.67,18068.52,17866.26,18043.85,0.95
2024-03-01,18069.29,18333.26,18064.44,18302.91,1.44
2024-03-04,18290.1,18313.43,18218.25,18226.48,-0.42
2024-03-05,18088.71,18097.5,17804.5,17897.87,-1.8
2024-03-06,18083.51,18142.88,17941.64,18017.57,0.67
2024-03-07,18161.73,18337.95,18101.43,18297.99,1.56
2024-03-08,18312.79,18416.73,17995.38,18018.45,-1.53
2024-03-11,17959.68,18003.05,17873.33,17951.69,-0.37
2024-03-12,18063.02,18228.37,17919.33,18219.11,1.49
2024-03-13,18151.76,18163.74,18030.4,18068.47,-0.83
2024-03-14,18114.69,18142.9,17913.63,18014.81,-0.3
2024-03-15,17926.92,17930.47,17764.99,17808.25,-1.15
2024-03-18,18024.24,18124.32,17973.09,17985.01,0.99
2024-03-19,17902.52,18039.82,17809.15,18032.2,0.26
2024-03-20,18067.7,18249.12,18003.24,18240.11,1.15
2024-03-21,18438.24,18464.7,18317.1,18320.38,0.44
2024-03-22,18293.15,18386.25,18267.49,18339.44,0.1
2024-03-25,18215.54,18337.35,18189.28,18277.06,-0.34
2024-03-26,18329.29,18378.7,18207.88,18210.54,-0.36
2024-03-27,18338.19,18344.09,18168.2,18280.84,0.39
2024-03-28,18263.41,18308.32,18231.38,18254.69,-0.14
2024-04-01,18280.82,18391.58,18211.28,18293.2,0.21
2024-04-02,18076.43,18135.57,18002.27,18121.78,-0.94
2024-04-03,18054.44,18238.67,18045.42,18160.19,0.21
2024-04-04,18331.02,18362.29,17875.75,17878.78,-1.55
2024-04-05,17940.28,18202.96,17912.86,18108.46,1.28
2024-04-08,18130.44,18178.66,18050.69,18100.19,-0.05
2024-04-09,18188.87,18210.02,17973.07,18169.9,0.39
2024-04-10,17957.96,18040.83,17932.42,18011.66,-0.87
2024-04-11,18085.11,18337.15,17998.25,18307.98,1.65
2024-04-12,18117.67,18166.49,17952.09,18003.49,-1.66
2024-04-15,18143.25,18152.08,17676.35,17706.83,-1.65
2024-04-16,17691.45,17817.73,17660.89,17713.66,0.04
2024-04-17,17785.82,17788.54,17459.57,17493.62,-1.24
2024-04-18,17514.77,17590.81,17376.49,17394.31,-0.57
2024-04-19,17334.71,17362.28,16973.94,17037.65,-2.05
2024-04-22,17161.11,17305.15,17010.25,17210.89,1.02
2024-04-23,17297.24,17513.31,17277.25,17471.47,1.51
2024-04-24,17613.66,17653.66,17435.33,17526.8,0.32
2024-04-25,17205.28,17474.46,17172.42,17430.5,-0.55
2024-04-26,17566.22,17772.78,17533.08,17718.3,1.65
2024-04-29,17801.14,17820.0,17671.03,17782.72,0.36
2024-04-30,17720.35,17768.87,17440.69,17440.69,-1.92
2024-05-01,17382.78,17667.86,17284.37,17318.55,-0.7
2024-05-02,17474.92,17575.8,17290.64,17541.54,1.29
2024-05-03,17848.66,17926.98,17784.78,17890.8,1.99
2024-05-06,17950.98,18094.46,17937.28,18093.57,1.13
2024-05-07,18106.33,18156.32,18061.61,18091.45,-0.01
2024-05-08,17987.7,18135.34,17987.7,18085.01,-0.04
2024-05-09,18095.8,18138.02,18012.62,18113.46,0.16
2024-05-10,18171.15,18247.61,18099.73,18161.18,0.26
2024-05-13,18228.4,18233.5,18147.57,18198.61,0.21
2024-05-14,18187.51,18339.58,18175.3,18322.77,0.68
2024-05-15,18412.81,18607.53,18359.32,18596.65,1.49
2024-05-16,18589.98,18669.5,18553.3,18557.96,-0.21
2024-05-17,18571.82,18590.37,18462.25,18546.23,-0.06
2024-05-20,18559.22,18703.83,18549.84,18674.19,0.69
2024-05-21,18603.99,18721.18,18589.91,18713.8,0.21
2024-05-22,18733.54,18756.69,18606.16,18705.2,-0.05
2024-05-23,18907.14,18907.54,18554.89,18623.39,-0.44
2024-05-24,18669.36,18851.99,18664.79,18808.35,0.99
2024-05-28,18855.15,18875.2,18755.94,18869.44,0.32
2024-05-29,18708.07,18814.82,18706.62,18736.75,-0.7
2024-05-30,18683.25,18705.26,18487.76,18538.66,-1.06
2024-05-31,18550.8,18574.56,18189.78,18536.65,-0.01
2024-06-03,18666.72,18707.22,18392.57,18600.97,0.35
2024-06-04,18598.0,18697.95,18521.85,18654.84,0.29
2024-06-05,18791.28,19035.87,18768.25,19035.05,2.04
2024-06-06,19053.01,19071.79,18978.86,19021.19,-0.07
2024-06-07,18992.58,19113.88,18958.68,19000.95,-0.11
2024-06-10,18945.31,19089.83,18940.71,19074.67,0.39
2024-06-11,19031.4,19212.63,18966.56,19210.18,0.71
2024-06-12,19358.26,19556.9,19347.28,19465.18,1.33
2024-06-13,19609.05,19639.45,19473.71,19576.92,0.57
2024-06-14,19557.22,19664.59,19534.62,19659.8,0.42
2024-06-17,19681.86,19977.84,19623.71,19902.75,1.24
2024-06-18,19904.43,19940.5,19837.86,19908.86,0.03
2024-06-20,19962.97,19979.93,19685.03,19752.3,-0.79
2024-06-21,19722.37,19801.97,19643.52,19700.43,-0.26
2024-06-24,19648.23,19723.2,19472.53,19474.62,-1.15
2024-06-25,19555.84,19712.42,19523.51,19701.13,1.16
2024-06-26,19671.07,19763.55,19654.18,19751.05,0.25
2024-06-27,19740.52,19850.81,19701.34,19789.03,0.19
2024-06-28,19817.0,20017.71,19665.85,19682.87,-0.54
2024-07-01,19720.11,19827.75,19577.54,19812.22,0.66
2024-07-02,19746.22,20014.92,19741.81,20011.89,1.01
2024-07-03,19995.28,20186.63,19995.28,20186.63,0.87
2024-07-05,20224.13,20407.0,20201.5,20391.97,1.02
2024-07-08,20393.89,20455.38,20363.37,20439.54,0.23
2024-07-09,20504.17,20543.9,20395.57,20453.02,0.07
2024-07-10,20533.27,20690.97,20479.94,20675.38,1.09
2024-07-11,20661.41,20672.1,20165.0,20211.36,-2.24
2024-07-12,20226.23,20526.08,20217.99,20331.49,0.59
2024-07-15,20401.02,20585.17,20304.53,20386.88,0.27
2024-07-16,20441.53,20477.0,20266.51,20398.62,0.06
2024-07-17,20041.31,20080.27,19793.75,19799.14,-2.94
2024-07-18,19936.24,19947.98,19575.79,19705.09,-0.48
2024-07-19,19687.8,19784.48,19479.38,19522.62,-0.93
2024-07-22,19751.02,19861.72,19638.37,19822.87,1.54
2024-07-23,19783.33,19904.6,19736.22,19754.34,-0.35
2024-07-24,19475.66,19482.55,19005.47,19032.39,-3.65
2024-07-25,19041.15,19227.2,18721.71,18830.58,-1.06
2024-07-26,18990.2,19142.68,18899.31,19023.66,1.03
2024-07-29,19122.43,19224.59,18974.51,19059.49,0.19
2024-07-30,19129.56,19165.42,18667.22,18796.27,-1.38
2024-07-31,19222.85,19426.62,19162.91,19362.43,3.01
2024-08-01,19375.97,19538.97,18737.09,18890.39,-2.44
2024-08-02,18494.24,18628.78,18263.5,18440.85,-2.38
2024-08-05,17444.4,18169.49,17435.39,17895.16,-2.96
2024-08-06,17961.45,18368.68,17858.82,18077.92,1.02
2024-08-07,18345.45,18445.75,17851.08,17867.37,-1.16
2024-08-08,18102.05,18445.41,17965.07,18413.82,3.06
2024-08-09,18373.89,18567.63,18313.78,18513.1,0.54
2024-08-12,18548.23,18665.75,18433.61,18542.03,0.16
2024-08-13,18724.84,19013.01,18723.74,19006.43,2.5
2024-08-14,19043.76,19103.0,18837.1,19022.68,0.09
2024-08-15,19251.86,19502.92,19239.94,19490.15,2.46
2024-08-16,19393.73,19561.24,19376.72,19508.52,0.09
2024-08-19,19521.93,19767.43,19445.1,19766.49,1.32
2024-08-20,19736.35,19835.38,19652.18,19719.82,-0.24
2024-08-21,19758.47,19885.34,19690.64,19824.84,0.53
2024-08-22,19911.28,19938.89,19459.86,19491.84,-1.68
2024-08-23,19669.78,19818.4,19526.63,19720.87,1.18
2024-08-26,19679.24,19726.9,19437.34,19516.44,-1.04
2024-08-27,19450.57,19617.92,19369.53,19581.52,0.33
2024-08-28,19567.45,19587.04,19221.48,19350.78,-1.18
2024-08-29,19425.28,19622.73,19281.65,19325.45,-0.13
2024-08-30,19506.27,19582.17,19326.62,19574.64,1.29
2024-09-03,19438.11,19438.11,18869.8,18958.74,-3.15
2024-09-04,18832.64,19070.82,18808.76,18921.4,-0.2
2024-09-05,18864.42,19102.36,18806.83,18930.33,0.05
2024-09-06,18903.03,18930.77,18400.97,18421.31,-2.69
2024-09-09,18579.8,18693.86,18469.4,18660.78,1.3
2024-09-10,18722.15,18845.74,18570.67,18829.14,0.9
2024-09-11,18866.0,19266.39,18531.58,19237.3,2.17
2024-09-12,19236.42,19456.41,19166.8,19423.07,0.97
2024-09-13,19396.1,19556.8,19384.69,19514.59,0.47
2024-09-16,19412.79,19446.06,19294.18,19423.06,-0.47
2024-09-17,19539.75,19596.34,19337.12,19432.4,0.05
2024-09-18,19478.51,19643.51,19330.81,19344.49,-0.45
2024-09-19,19798.71,19951.79,19723.94,19839.83,2.56
2024-09-20,19816.29,19845.7,19632.73,19791.49,-0.24
2024-09-23,19848.71,19892.78,19797.82,19852.2,0.31
2024-09-24,19917.56,19984.47,19739.67,19944.84,0.47
2024-09-25,19922.28,20043.43,19921.22,19972.61,0.14
2024-09-26,20273.3,20273.3,19966.99,20115.54,0.72
2024-09-27,20147.28,20152.53,19964.13,20008.62,-0.53
2024-09-30,19959.26,20072.43,19852.85,20060.69,0.26
2024-10-01,20046.06,20056.2,19622.29,19773.3,-1.43
2024-10-02,19725.95,19876.7,19630.91,19802.59,0.15
2024-10-03,19712.33,19902.7,19688.22,19793.34,-0.05
2024-10-04,20025.16,20045.69,19829.49,20035.02,1.22
2024-10-07,19954.66,19990.12,19763.04,19800.74,-1.17
2024-10-08,19902.21,20132.67,19881.08,20107.78,1.55
2024-10-09,20097.56,20284.42,20047.86,20268.86,0.8
2024-10-10,20165.25,20314.24,20117.2,20241.76,-0.13
2024-10-11,20154.84,20313.2,20142.18,20271.97,0.15
2024-10-14,20366.06,20493.9,20355.06,20439.05,0.82
2024-10-15,20442.77,20484.31,20083.56,20159.83,-1.37
2024-10-16,20172.87,20200.59,20036.73,20174.05,0.07
2024-10-17,20375.29,20377.65,20186.43,20190.42,0.08
2024-10-18,20288.48,20360.29,20273.55,20324.04,0.66
2024-10-21,20280.49,20386.68,20193.03,20361.47,0.18
2024-10-22,20256.97,20437.93,20218.85,20390.46,0.14
2024-10-23,20303.55,20312.78,19934.92,20066.96,-1.59
2024-10-24,20197.62,20256.38,20116.88,20232.87,0.83
2024-10-25,20354.91,20552.82,20322.25,20352.02,0.59
2024-10-28,20455.01,20470.43,20344.82,20351.07,0.0
2024-10-29,20369.08,20600.1,20294.58,20550.65,0.98
2024-10-30,20510.92,20559.52,20378.75,20387.7,-0.79
2024-10-31,20227.19,20227.19,19880.26,19890.42,-2.44
2024-11-01,19955.83,20162.54,19950.99,20033.14,0.72
2024-11-04,20011.55,20106.99,19898.57,19963.6,-0.35
2024-11-05,20042.93,20249.21,20042.93,20227.46,1.32
2024-11-06,20571.29,20807.03,20526.64,20781.33,2.74
2024-11-07,20896.41,21132.8,20896.41,21101.57,1.54
2024-11-08,21083.58,21155.0,21050.32,21117.18,0.07
2024-11-11,21171.24,21182.03,20993.48,21106.59,-0.05
2024-11-12,21105.49,21144.67,20946.74,21070.79,-0.17
2024-11-13,21049.66,21154.94,20955.24,21036.16,-0.16
2024-11-14,21052.07,21067.66,20864.02,20896.67,-0.66
2024-11-15,20679.98,20684.56,20315.08,20394.13,-2.4
2024-11-18,20450.21,20622.28,20401.26,20539.19,0.71
2024-11-19,20435.68,20696.47,20423.3,20684.59,0.71
2024-11-20,20660.84,20676.57,20402.54,20667.1,-0.08
2024-11-21,20775.27,20814.93,20436.8,20740.78,0.36
2024-11-22,20737.49,20797.24,20655.72,20776.23,0.17
2024-11-25,20918.76,20998.49,20712.38,20804.89,0.14
2024-11-26,20871.55,20944.9,20832.4,20922.9,0.57
2024-11-27,20852.43,20853.08,20615.42,20744.49,-0.85
2024-11-29,20771.02,20956.31,20751.96,20930.37,0.9
2024-12-02,20971.76,21201.03,20971.76,21164.6,1.12
2024-12-03,21106.51,21235.79,21081.81,21229.32,0.31
2024-12-04,21361.81,21498.44,21340.84,21492.36,1.24
2024-12-05,21488.52,21517.49,21411.53,21425.22,-0.31
2024-12-06,21458.58,21626.31,21449.62,21622.25,0.92
2024-12-09,21573.76,21609.99,21400.77,21440.82,-0.84
2024-12-10,21492.51,21567.02,21313.27,21368.18,-0.34
2024-12-11,21540.38,21784.71,21533.89,21763.98,1.85
2024-12-12,21652.85,21715.83,21596.67,21615.27,-0.68
2024-12-13,21789.65,21886.74,21646.09,21780.25,0.76
2024-12-16,21891.36,22133.22,21879.74,22096.66,1.45
2024-12-17,22003.64,22062.0,21921.21,22001.08,-0.43
2024-12-18,21979.53,22038.08,21146.83,21209.32,-3.6
2024-12-19,21358.79,21413.74,21093.46,21110.51,-0.47
2024-12-20,20939.64,21540.32,20913.72,21289.15,0.85
2024-12-23,21364.26,21510.09,21224.27,21503.17,1.01
2024-12-24,21564.37,21797.65,21558.97,21797.65,1.37
2024-12-26,21733.98,21837.7,21645.62,21768.31,-0.13
2024-12-27,21633.1,21642.26,21292.19,21473.02,-1.36
2024-12-30,21189.1,21346.06,21046.63,21197.09,-1.29
2024-12-31,21256.02,21276.14,20979.52,21012.17,-0.87
2025-01-02,21120.05,21236.59,20800.5,20975.62,-0.17
2025-01-03,21096.79,21359.63,21075.89,21326.16,1.67
2025-01-06,21551.18,21703.49,21462.52,21559.5,1.09
2025-01-07,21619.89,21621.25,21101.09,21173.04,-1.79
2025-01-08,21156.76,21242.61,20992.08,21180.97,0.04
2025-01-10,21012.29,21015.51,20718.78,20847.58,-1.57
2025-01-13,20593.65,20797.1,20538.33,20784.72,-0.3
2025-01-14,20896.36,20969.52,20622.72,20757.41,-0.13
2025-01-15,21067.81,21286.01,21024.27,21237.85,2.31
2025-01-16,21324.98,21330.59,21087.85,21091.25,-0.69
2025-01-17,21461.9,21515.76,21334.63,21441.16,1.66
2025-01-21,21557.82,21620.23,21379.06,21566.51,0.58
2025-01-22,21756.23,21943.04,21756.23,21853.0,1.33
2025-01-23,21737.24,21900.93,21722.04,21900.93,0.22
2025-01-24,21915.48,21945.48,21709.06,21774.01,-0.58
2025-01-27,21000.17,21292.54,20974.9,21127.28,-2.97
2025-01-28,21186.08,21500.73,21043.13,21463.04,1.59
2025-01-29,21473.01,21477.88,21251.8,21411.46,-0.24
2025-01-30,21519.81,21623.45,21308.69,21508.12,0.45
2025-01-31,21661.56,21846.01,21425.79,21478.05,-0.14
2025-02-03,21084.64,21406.58,21004.35,21297.58,-0.84
2025-02-04,21319.58,21582.4,21308.24,21566.92,1.26
2025-02-05,21453.87,21662.98,21408.64,21658.16,0.42
2025-02-06,21674.17,21776.08,21618.25,21774.07,0.54
2025-02-07,21776.28,21869.32,21465.46,21491.31,-1.3
2025-02-10,21670.06,21793.13,21645.17,21756.73,1.24
2025-02-11,21629.11,21776.25,21625.51,21693.52,-0.29
2025-02-12,21475.41,21745.66,21454.19,21719.26,0.12
2025-02-13,21786.16,22038.15,21758.04,22030.71,1.43
2025-02-14,22038.61,22139.43,22010.35,22114.69,0.38
2025-02-18,22176.01,22191.37,22029.58,22164.61,0.23
2025-02-19,22121.73,22222.61,22045.75,22175.6,0.05
2025-02-20,22132.71,22148.44,21878.75,22068.06,-0.48
2025-02-21,22110.54,22115.21,21597.16,21614.08,-2.06
2025-02-24,21669.36,21727.58,21341.96,21352.08,-1.21
2025-02-25,21318.77,21326.81,20930.58,21087.25,-1.24
2025-02-26,21170.51,21350.52,21012.62,21132.92,0.22
2025-02-27,21281.36,21323.91,20540.68,20550.95,-2.75
2025-02-28,20518.65,20900.77,20407.45,20884.41,1.62
2025-03-03,20989.58,21073.8,20279.5,20425.58,-2.2
2025-03-04,20281.88,20688.46,20034.68,20352.53,-0.36
2025-03-05,20363.22,20688.72,20182.57,20628.46,1.36
2025-03-06,20231.74,20473.41,19968.56,20052.63,-2.79
2025-03-07,20015.62,20253.22,19736.81,20201.37,0.74
2025-03-10,19826.96,19867.08,19243.31,19430.95,-3.81
2025-03-11,19405.52,19659.43,19180.56,19376.96,-0.28
2025-03-12,19663.39,19756.09,19375.25,19596.02,1.13
2025-03-13,19534.37,19558.56,19152.57,19225.48,-1.89
2025-03-14,19458.89,19729.21,19436.04,19704.64,2.49
2025-03-17,19670.69,19943.81,19622.47,19812.24,0.55
2025-03-18,19657.1,19676.05,19397.08,19483.36,-1.66
2025-03-19,19576.32,19921.62,19497.79,19736.66,1.3
2025-03-20,19558.28,19888.85,19549.31,19677.61,-0.3
2025-03-21,19466.44,19767.98,19409.18,19753.97,0.39
2025-03-24,20041.21,20208.84,20024.97,20180.45,2.16
2025-03-25,20196.5,20292.19,20164.07,20287.83,0.53
2025-03-26,20239.04,20270.19,19848.49,19916.99,-1.83
2025-03-27,19814.61,20003.36,19740.22,19798.62,-0.59
2025-03-28,19718.46,19752.45,19241.54,19281.4,-2.61
2025-03-31,18998.54,19316.06,18799.2,19278.45,-0.02
2025-04-01,19192.77,19468.62,19095.17,19436.42,0.82
2025-04-02,19182.39,19707.34,19157.2,19581.78,0.75
2025-04-03,18774.15,18902.07,18502.97,18521.47,-5.41
2025-04-04,18022.16,18089.25,17387.83,17397.7,-6.07
2025-04-07,16771.77,18191.5,16542.2,17430.68,0.19
2025-04-08,18034.46,18207.01,16850.18,17090.4,-1.95
2025-04-09,17116.53,19234.02,17082.36,19145.06,12.02
2025-04-10,18626.11,18710.58,17794.5,18343.57,-4.19
2025-04-11,18309.29,18728.95,18153.32,18690.05,1.89
2025-04-14,19095.49,19115.15,18614.76,18796.02,0.57
2025-04-15,18831.98,19004.17,18754.87,18830.23,0.18
2025-04-16,18475.76,18597.32,17995.96,18257.64,-3.04
2025-04-17,18369.9,18401.05,18144.46,18258.09,0.0
2025-04-21,18023.01,18043.08,17592.92,17808.3,-2.46
2025-04-22,18033.9,18396.39,17993.24,18276.41,2.63
2025-04-23,18870.63,19043.01,18618.89,18693.26,2.28
2025-04-24,18756.53,19224.8,18744.47,19214.4,2.79
2025-04-25,19209.72,19447.56,19133.23,19432.56,1.14
2025-04-28,19432.72,19519.33,19162.46,19427.29,-0.03
2025-04-29,19315.95,19582.77,19304.83,19544.95,0.61
2025-04-30,19168.09,19612.76,19011.98,19571.02,0.13
2025-05-01,19866.83,20024.48,19763.14,19786.71,1.1
2025-05-02,19986.61,20176.6,19936.67,20102.61,1.6
2025-05-05,19928.82,20100.61,19899.28,19967.94,-0.67
2025-05-06,19709.64,19927.23,19659.32,19791.35,-0.88
2025-05-07,19804.5,19960.86,19605.07,19867.97,0.39
2025-05-08,20067.43,20249.76,19907.67,20063.56,0.98
2025-05-09,20170.37,20203.58,19984.53,20061.45,-0.01
2025-05-12,20818.78,20870.12,20613.27,20868.15,4.02
2025-05-13,20906.92,21259.39,20891.18,21197.7,1.58
2025-05-14,21254.47,21336.48,21199.85,21319.21,0.57
2025-05-15,21206.73,21443.88,21168.17,21335.82,0.08
2025-05-16,21375.63,21428.79,21246.42,21427.94,0.43
2025-05-19,21138.13,21464.56,21138.13,21447.05,0.09
2025-05-20,21347.63,21399.99,21226.66,21367.37,-0.37
2025-05-21,21217.31,21482.98,21002.1,21080.36,-1.34
2025-05-22,21097.46,21263.18,21046.22,21112.47,0.15
2025-05-23,20806.37,21025.58,20777.97,20915.66,-0.93
2025-05-27,21201.45,21429.32,21145.13,21414.99,2.39
2025-05-28,21451.69,21508.08,21296.51,21318.17,-0.45
2025-05-29,21611.54,21611.54,21260.73,21363.95,0.21
2025-05-30,21330.85,21386.29,21032.56,21340.99,-0.11
2025-06-02,21270.57,21500.36,21199.37,21491.75,0.71
2025-06-03,21529.98,21715.96,21474.51,21662.58,0.79
2025-06-04,21689.02,21761.37,21607.33,21721.92,0.27
2025-06-05,21782.34,21891.89,21472.77,21547.43,-0.8
2025-06-06,21777.5,21836.57,21696.69,21761.79,0.99
2025-06-09,21779.18,21855.15,21729.3,21797.87,0.17
2025-06-10,21819.79,21961.42,21727.34,21941.92,0.66
2025-06-11,21994.16,22041.83,21775.27,21860.8,-0.37
2025-06-12,21826.79,21952.0,21807.0,21913.32,0.24
2025-06-13,21675.94,21838.47,21591.11,21631.04,-1.29
2025-06-16,21783.08,21979.77,21783.08,21937.57,1.42
2025-06-17,21858.89,21896.42,21680.18,21719.08,-1.0
2025-06-18,21745.5,21863.0,21660.52,21719.69,0.0
2025-06-20,21834.49,21902.99,21552.81,21626.39,-0.43
2025-06-23,21632.78,21871.87,21532.32,21856.33,1.06
2025-06-24,22053.33,22220.64,22045.63,22190.52,1.53
2025-06-25,22279.69,22329.23,22175.08,22237.74,0.21
2025-06-26,22328.24,22466.99,22255.27,22447.29,0.94
2025-06-27,22484.87,22603.22,22382.79,22534.2,0.39
2025-06-30,22632.92,22721.5,22565.11,22679.01,0.64
2025-07-01,22594.48,22631.26,22388.09,22478.13,-0.89
2025-07-02,22451.81,22644.72,22448.07,22641.89,0.73
2025-07-03,22751.64,22896.01,22736.08,22866.97,0.99
2025-07-07,22754.38,22776.21,22587.47,22685.57,-0.79
2025-07-08,22735.26,22761.8,22652.44,22702.25,0.07
2025-07-09,22800.36,22915.33,22733.65,22864.91,0.72
2025-07-10,22890.43,22907.04,22716.41,22829.26,-0.16
2025-07-11,22757.99,22837.38,22692.8,22780.6,-0.21
2025-07-14,22780.19,22886.94,22675.28,22855.63,0.33
2025-07-15,23036.86,23051.87,22876.47,22884.59,0.13
2025-07-16,22895.3,22928.55,22669.37,22907.97,0.1
2025-07-17,22931.02,23104.72,22905.51,23081.05,0.76
2025-07-18,23135.09,23153.21,23018.36,23065.47,-0.07
2025-07-21,23124.97,23264.45,23122.93,23180.06,0.5
2025-07-22,23182.02,23186.36,22953.85,23063.58,-0.5
2025-07-23,23100.25,23168.49,23000.46,23162.41,0.43
2025-07-24,23228.79,23268.49,23150.27,23219.87,0.25
2025-07-25,23204.66,23326.3,23193.99,23272.25,0.23
2025-07-28,23343.13,23386.76,23299.81,23356.27,0.36
2025-07-29,23477.84,23510.92,23283.4,23308.3,-0.21
2025-07-30,23337.33,23447.15,23226.92,23345.41,0.16
2025-07-31,23589.37,23589.37,23176.12,23218.12,-0.55
2025-08-01,22941.06,22972.47,22673.88,22763.31,-1.96
2025-08-04,22986.77,23191.04,22973.6,23188.61,1.87
2025-08-05,23235.31,23286.05,23008.14,23018.56,-0.73
2025-08-06,23070.95,23330.49,23042.27,23315.04,1.29
2025-08-07,23483.42,23560.73,23225.72,23389.53,0.32
2025-08-08,23458.13,23619.24,23437.61,23611.27,0.95
2025-08-11,23629.02,23698.0,23484.25,23526.63,-0.36
2025-08-12,23651.61,23849.5,23524.28,23839.2,1.33
2025-08-13,23935.06,23969.28,23789.12,23849.04,0.04
2025-08-14,23775.01,23908.26,23748.98,23832.44,-0.07
2025-08-15,23809.0,23813.99,23651.21,23712.07,-0.51
2025-08-18,23692.13,23733.5,23637.41,23713.76,0.01
2025-08-19,23689.02,23695.64,23346.34,23384.77,-1.39
2025-08-20,23343.41,23343.41,22959.7,23249.57,-0.58
2025-08-21,23182.76,23264.27,23046.39,23142.58,-0.46
2025-08-22,23184.99,23575.36,23140.04,23498.12,1.54
2025-08-25,23454.28,23546.45,23382.19,23425.61,-0.31
2025-08-26,23420.85,23532.51,23369.04,23525.29,0.43
2025-08-27,23499.67,23591.05,23434.31,23565.85,0.17
2025-08-28,23601.35,23741.23,23514.7,23703.45,0.58
2025-08-29,23607.54,23607.54,23353.96,23415.42,-1.22
2025-09-02,23020.47,23242.28,22977.88,23231.11,-0.79
2025-09-03,23388.28,23478.01,23279.12,23414.84,0.79
2025-09-04,23442.19,23639.04,23371.33,23633.01,0.93
2025-09-05,23841.98,23860.25,23475.33,23652.44,0.08
2025-09-08,23759.62,23851.81,23725.04,23762.3,0.46
2025-09-09,23824.33,23852.42,23698.0,23839.8,0.33
2025-09-10,23931.32,23958.54,23760.1,23849.27,0.04
2025-09-11,23956.57,24016.53,23883.01,23992.56,0.6
2025-09-12,24030.77,24137.06,23983.63,24092.19,0.42
2025-09-15,24178.6,24297.34,24173.14,24293.78,0.84
2025-09-16,24342.75,24343.35,24244.21,24274.25,-0.08
2025-09-17,24286.43,24292.06,23999.75,24223.69,-0.21
2025-09-18,24421.21,24554.52,24347.54,24454.89,0.95
2025-09-19,24528.44,24641.93,24469.28,24626.25,0.7
2025-09-22,24588.18,24781.73,24578.09,24761.07,0.55
2025-09-23,24752.74,24764.3,24536.5,24580.17,-0.73
2025-09-24,24648.97,24650.42,24388.59,24503.57,-0.31
2025-09-25,24321.73,24460.66,24186.37,24397.31,-0.43
2025-09-26,24410.95,24510.37,24297.7,24503.85,0.44
2025-09-29,24629.02,24741.77,24560.22,24611.35,0.44
2025-09-30,24597.4,24691.23,24505.14,24679.99,0.28
2025-10-01,24539.25,24816.67,24517.76,24800.86,0.49
2025-10-02,24933.49,24944.75,24780.11,24892.76,0.37
2025-10-03,24931.42,24958.26,24713.58,24785.52,-0.43
2025-10-06,24986.26,25044.26,24907.6,24978.56,0.78
2025-10-07,25031.78,25062.96,24783.95,24840.23,-0.55
2025-10-08,24887.32,25142.19,24882.35,25136.62,1.19
2025-10-09,25124.79,25139.35,24966.81,25098.18,-0.15
2025-10-10,25116.83,25195.28,24207.15,24221.74,-3.49
2025-10-13,24625.74,24779.65,24540.42,24750.25,2.18
2025-10-14,24442.93,24766.37,24256.28,24579.32,-0.69
2025-10-15,24807.34,24933.23,24496.07,24745.36,0.68
2025-10-16,24882.22,24998.3,24481.17,24657.24,-0.36
2025-10-17,24600.55,24881.47,24511.59,24817.95,0.65
2025-10-20,24991.1,25183.81,24988.67,25141.02,1.3
2025-10-21,25139.8,25178.23,25043.06,25127.13,-0.06
2025-10-22,25093.64,25127.06,24652.11,24879.01,-0.99
2025-10-23,24869.6,25126.78,24856.34,25097.41,0.88
2025-10-24,25307.75,25418.64,25288.71,25358.16,1.04
2025-10-27,25701.95,25839.03,25656.38,25821.55,1.83
2025-10-28,25932.64,26087.48,25864.49,26012.15,0.74
2025-10-29,26147.72,26182.1,25907.45,26119.85,0.41
2025-10-30,25953.78,26031.68,25732.39,25734.81,-1.47
2025-10-31,26055.97,26063.49,25761.28,25858.13,0.48
2025-11-03,26114.11,26132.87,25887.88,25972.94,0.44
2025-11-04,25580.34,25762.23,25415.62,25435.7,-2.07
2025-11-05,25433.22,25750.88,25364.9,25620.03,0.72
2025-11-06,25568.24,25568.24,25083.24,25130.04,-1.91
2025-11-07,24977.73,25065.14,24603.78,25059.81,-0.28
2025-11-10,25418.17,25655.51,25354.44,25611.74,2.2
2025-11-11,25500.93,25588.26,25380.86,25533.49,-0.31
2025-11-12,25662.19,25663.17,25389.73,25517.33,-0.06
2025-11-13,25386.95,25396.01,24908.6,24993.46,-2.05
2025-11-14,24658.55,25198.93,24534.9,25008.24,0.06
2025-11-17,24890.1,25166.15,24649.36,24799.92,-0.83
2025-11-18,24651.78,24735.12,24299.29,24503.1,-1.2
2025-11-19,24517.27,24904.66,24432.19,24640.52,0.56
2025-11-20,25131.49,25222.95,24021.44,24054.38,-2.38
2025-11-21,24137.66,24521.84,23854.03,24239.57,0.77
2025-11-24,24462.87,24923.59,24455.65,24873.85,2.62
2025-11-25,24790.07,25069.54,24542.71,25018.36,0.58
2025-11-26,25168.31,25309.15,25077.86,25236.94,0.87
2025-11-28,25310.28,25435.77,25280.96,25434.89,0.78
2025-12-01,25232.75,25443.21,25158.63,25342.85,-0.36
2025-12-02,25449.87,25622.58,25369.36,25555.86,0.84
2025-12-03,25443.71,25639.99,25388.44,25606.54,0.2
2025-12-04,25658.14,25658.27,25450.38,25581.7,-0.1
2025-12-05,25657.78,25827.08,25617.35,25692.05,0.43
2025-12-08,25758.82,25828.16,25531.75,25627.95,-0.25
2025-12-09,25593.67,25698.26,25532.34,25668.69,0.16
2025-12-10,25631.59,25835.03,25504.3,25776.44,0.42
2025-12-11,25598.39,25696.29,25372.18,25686.69,-0.35
2025-12-12,25531.55,25605.88,25104.68,25196.73,-1.91
2025-12-15,25352.87,25377.62,25022.81,25067.27,-0.51
2025-12-16,24991.49,25188.76,24922.94,25132.94,0.26
2025-12-17,25167.86,25193.41,24647.61,24647.61,-1.93
2025-12-18,25031.49,25164.18,24921.45,25019.37,1.51
2025-12-19,25147.3,25354.82,25134.26,25346.18,1.31
2025-12-22,25527.68,25554.03,25401.59,25461.7,0.46
2025-12-23,25441.42,25590.03,25403.26,25587.83,0.5
2025-12-24,25582.34,25665.28,25556.85,25656.15,0.27
2025-12-26,25692.68,25716.71,25620.32,25644.39,-0.05
2025-12-29,25462.25,25598.14,25440.97,25525.56,-0.46
2025-12-30,25509.88,25577.58,25456.93,25462.56,-0.25
2025-12-31,25464.71,25483.77,25244.86,25249.85,-0.84
2026-01-02,25524.27,25597.65,25086.36,25206.17,-0.17
2026-01-05,25471.79,25520.52,25354.66,25401.32,0.77
2026-01-06,25462.06,25655.12,25428.08,25639.71,0.94
2026-01-07,25617.8,25813.17,25592.4,25653.9,0.06
2026-01-08,25615.35,25622.31,25400.16,25507.1,-0.57
2026-01-09,25518.82,25811.45,25455.97,25766.26,1.02
2026-01-12,25616.81,25850.86,25602.56,25787.66,0.08
2026-01-13,25779.28,25873.18,25642.11,25741.95,-0.18
2026-01-14,25575.57,25624.19,25266.2,25465.94,-1.07
2026-01-15,25767.3,25781.03,25520.2,25547.07,0.32
2026-01-16,25710.6,25735.48,25444.28,25529.26,-0.07
2026-01-20,25155.03,25279.78,24954.18,24987.57,-2.12
2026-01-21,25048.55,25498.81,24993.98,25326.58,1.36
2026-01-22,25548.38,25576.52,25399.49,25518.35,0.76
2026-01-23,25501.91,25709.74,25435.02,25605.47,0.34
2026-01-26,25631.01,25797.1,25578.77,25713.21,0.42
2026-01-27,25852.04,25982.59,25791.75,25939.74,0.88
2026-01-28,26121.74,26165.08,25974.66,26022.79,0.32
2026-01-29,26030.08,26046.34,25418.54,25884.3,-0.53
2026-01-30,25740.19,25823.29,25456.18,25552.39,-1.28
2026-02-02,25491.64,25833.12,25478.5,25738.61,0.73
2026-02-03,25811.05,25840.04,25112.46,25338.62,-1.55
2026-02-04,25240.38,25275.26,24681.27,24891.24,-1.77
2026-02-05,24614.86,24854.56,24455.4,24548.69,-1.38
2026-02-06,24655.25,25131.34,24622.33,25075.77,2.15
2026-02-09,24953.68,25337.54,24876.28,25268.14,0.77
2026-02-10,25314.23,25363.12,25113.43,25127.64,-0.56
2026-02-11,25335.91,25382.84,24980.29,25201.26,0.29
2026-02-12,25261.33,25310.56,24643.73,24687.61,-2.04
2026-02-13,24662.95,24921.47,24514.96,24732.73,0.18
2026-02-17,24567.54,24818.3,24387.47,24701.6,-0.13
2026-02-18,24744.88,25057.21,24696.83,24898.87,0.8
2026-02-19,24771.65,24890.12,24690.87,24797.34,-0.41
2026-02-20,24637.32,25077.56,24633.6,25012.62,0.87
2026-02-23,24935.52,24984.82,24618.23,24708.94,-1.21
2026-02-24,24763.84,25022.92,24643.69,24977.04,1.09
2026-02-25,25137.72,25343.97,25137.62,25329.04,1.41
2026-02-26,25278.25,25288.23,24820.55,25034.37,-1.16
2026-02-27,24808.0,24987.96,24747.25,24960.04,-0.3
2026-03-02,24599.41,25059.17,24575.54,24992.6,0.13
2026-03-03,24497.38,24810.25,24315.84,24720.08,-1.09
2026-03-04,24850.94,25179.36,24795.53,25093.68,1.51
2026-03-05,24992.73,25174.31,24744.56,25020.41,-0.29
2026-03-06,24663.74,24886.7,24579.86,24643.02,-1.51
2026-03-09,24429.67,25019.16,24289.22,24967.25,1.32
2026-03-10,25002.61,25189.17,24871.44,24956.47,-0.04
2026-03-11,25053.24,25152.12,24856.6,24965.01,0.03
2026-03-12,24771.32,24809.27,24522.24,24533.58,-1.73
2026-03-13,24660.19,24786.65,24336.53,24380.73,-0.62
2026-03-16,24646.18,24794.29,24606.46,24655.34,1.13
2026-03-17,24760.27,24884.68,24721.56,24780.42,0.51
2026-03-18,24727.07,24763.58,24417.38,24425.09,-1.43
2026-03-19,24119.37,24462.15,24100.88,24355.28,-0.29
2026-03-20,24257.56,24267.34,23759.97,23898.15,-1.88
2026-03-23,24270.77,24465.16,24097.68,24188.59,1.22
2026-03-24,24042.23,24170.83,23927.69,24002.45,-0.77
2026-03-25,24236.4,24314.25,24081.38,24162.98,0.67
2026-03-26,23913.19,24029.51,23574.72,23586.99,-2.38
2026-03-27,23463.74,23472.89,23088.99,23132.77,-1.93
2026-03-30,23307.75,23356.75,22841.42,22953.38,-0.78
2026-03-31,23208.0,23789.6,23198.64,23740.19,3.43
2026-04-01,23883.29,24162.68,23871.61,24019.99,1.18
2026-04-02,23621.73,24076.35,23512.6,24045.53,0.11
2026-04-06,24143.02,24265.14,24039.03,24192.17,0.61
2026-04-07,24109.57,24209.28,23779.85,24202.37,0.04
2026-04-08,25045.36,25045.36,24756.93,24903.17,2.9
2026-04-09,24918.28,25097.45,24788.92,25082.09,0.72
2026-04-10,25165.06,25226.06,25057.65,25116.34,0.14
2026-04-13,25069.07,25387.69,24999.2,25383.72,1.06
2026-04-14,25514.55,25842.0,25514.55,25842.0,1.81
2026-04-15,25859.19,26214.57,25828.76,26204.58,1.4
2026-04-16,26256.88,26400.52,26113.65,26333.0,0.49
2026-04-17,26551.16,26719.56,26481.24,26672.43,1.29
2026-04-20,26662.32,26670.12,26412.52,26590.34,-0.31
2026-04-21,26658.85,26730.64,26405.3,26479.47,-0.42
2026-04-22,26715.92,26942.13,26662.88,26937.28,1.73
2026-04-23,26844.61,27007.87,26540.32,26782.63,-0.57
2026-04-24,27082.42,27314.21,26986.39,27303.67,1.95
2026-04-27,27278.28,27315.23,27158.88,27305.68,0.01
2026-04-28,26988.77,27115.77,26877.59,27029.01,-1.01
2026-04-29,27069.36,27199.72,26995.38,27186.98,0.58
2026-04-30,27328.98,27488.03,27029.41,27452.12,0.98
2026-05-01,27508.57,27787.12,27501.43,27710.36,0.94
2026-05-04,27731.34,27822.37,27504.09,27651.82,-0.21
2026-05-05,27895.05,28065.63,27844.23,28015.06,1.31
2026-05-06,28234.02,28608.68,28208.23,28599.17,2.08
2026-05-07,28612.54,28825.52,28440.05,28563.95,-0.12
2026-05-08,28768.12,29234.99,28751.21,29234.99,2.35
2026-05-11,29185.83,29372.43,29143.2,29320.66,0.29
2026-05-12,29067.36,29188.07,28628.64,29064.8,-0.87
2026-05-13,29159.95,29452.26,28968.55,29366.94,1.04
2026-05-14,29372.65,29678.89,29350.1,29580.3,0.73
2026-05-15,29191.36,29387.44,28991.42,29125.2,-1.54
2026-05-18,29246.2,29250.15,28717.57,28994.37,-0.45
2026-05-19,28795.02,28978.42,28567.16,28641.57,-1.22
