date,open,high,low,close,pct
1986-12-31,243.37,244.03,241.28,242.17,-0.49
1987-01-02,242.17,246.45,242.17,246.45,1.77
1987-01-05,246.45,252.57,246.45,252.19,2.33
1987-01-06,252.2,253.99,252.14,252.78,0.23
1987-01-07,252.78,255.72,252.65,255.33,1.01
1987-01-08,255.36,257.28,254.97,257.28,0.76
1987-01-09,257.26,259.2,256.11,258.73,0.56
1987-01-12,258.72,261.36,257.92,260.3,0.61
1987-01-13,260.3,260.45,259.21,259.95,-0.13
1987-01-14,259.95,262.72,259.62,262.64,1.03
1987-01-15,262.65,266.68,262.64,265.49,1.09
1987-01-16,265.46,267.24,264.31,266.28,0.3
1987-01-19,266.26,269.34,264.0,269.34,1.15
1987-01-20,269.34,271.03,267.65,269.04,-0.11
1987-01-21,269.04,270.87,267.35,267.84,-0.45
1987-01-22,267.84,274.05,267.32,273.91,2.27
1987-01-23,273.91,280.96,268.41,270.1,-1.39
1987-01-26,270.1,270.4,267.73,269.61,-0.18
1987-01-27,269.61,274.31,269.61,273.75,1.54
1987-01-28,273.75,275.71,273.03,275.4,0.6
1987-01-29,275.4,276.85,272.54,274.24,-0.42
1987-01-30,274.24,274.24,271.38,274.08,-0.06
1987-02-02,274.08,277.35,273.16,276.45,0.86
1987-02-03,276.45,277.83,275.84,275.99,-0.17
1987-02-04,275.99,279.65,275.35,279.64,1.32
1987-02-05,279.64,282.26,278.66,281.16,0.54
1987-02-06,281.16,281.79,279.87,280.04,-0.4
1987-02-09,280.04,280.04,277.24,278.16,-0.67
1987-02-10,278.16,278.16,273.49,275.07,-1.11
1987-02-11,275.07,277.71,274.71,277.54,0.9
1987-02-12,277.54,278.04,273.89,275.62,-0.69
1987-02-13,275.62,280.91,275.01,279.7,1.48
1987-02-17,279.7,285.49,279.7,285.49,2.07
1987-02-18,285.49,287.55,282.97,285.42,-0.02
1987-02-19,285.42,286.24,283.84,285.57,0.05
1987-02-20,285.57,285.98,284.31,285.48,-0.03
1987-02-23,285.48,285.5,279.37,282.38,-1.09
1987-02-24,282.38,283.33,281.45,282.88,0.18
1987-02-25,282.88,285.35,282.14,284.0,0.4
1987-02-26,284.0,284.4,280.73,282.96,-0.37
1987-02-27,282.96,284.55,282.77,284.2,0.44
1987-03-02,284.17,284.83,282.3,283.0,-0.42
1987-03-03,283.0,284.19,282.92,284.12,0.4
1987-03-04,284.12,288.62,284.12,288.62,1.58
1987-03-05,288.62,291.24,288.6,290.52,0.66
1987-03-06,290.52,290.67,288.77,290.66,0.05
1987-03-09,290.66,290.66,287.12,288.3,-0.81
1987-03-10,288.3,290.88,287.89,290.86,0.89
1987-03-11,290.87,292.51,289.33,290.31,-0.19
1987-03-12,290.33,291.91,289.66,291.22,0.31
1987-03-13,291.22,291.79,289.88,289.89,-0.46
1987-03-16,289.88,289.89,286.64,288.23,-0.57
1987-03-17,288.09,292.47,287.96,292.47,1.47
1987-03-18,292.49,294.58,290.87,292.78,0.11
1987-03-19,292.73,294.46,292.26,294.08,0.44
1987-03-20,294.08,298.17,294.08,298.17,1.39
1987-03-23,298.16,301.17,297.5,301.16,1.0
1987-03-24,301.17,301.92,300.14,301.64,0.16
1987-03-25,301.52,301.85,299.36,300.38,-0.42
1987-03-26,300.39,302.72,300.38,300.93,0.18
1987-03-27,300.96,301.41,296.06,296.13,-1.6
1987-03-30,296.1,296.13,286.69,289.2,-2.34
1987-03-31,289.21,291.87,289.07,291.7,0.86
1987-04-01,291.59,292.39,288.34,292.39,0.24
1987-04-02,292.41,294.47,292.02,293.63,0.42
1987-04-03,293.64,301.3,292.3,300.41,2.31
1987-04-06,300.46,302.21,300.41,301.95,0.51
1987-04-07,301.94,303.65,296.67,296.69,-1.74
1987-04-08,296.72,299.2,295.18,297.26,0.19
1987-04-09,297.25,297.71,291.5,292.86,-1.48
1987-04-10,292.82,293.74,290.94,292.49,-0.13
1987-04-13,292.48,293.36,285.62,285.62,-2.35
1987-04-14,285.61,285.62,275.67,279.16,-2.26
1987-04-15,279.17,285.14,279.16,284.44,1.89
1987-04-16,284.45,289.57,284.44,286.91,0.87
1987-04-20,286.91,288.36,284.55,286.09,-0.29
1987-04-21,285.88,293.07,282.89,293.07,2.44
1987-04-22,293.05,293.46,286.98,287.19,-2.01
1987-04-23,287.19,289.12,284.28,286.82,-0.13
1987-04-24,286.81,286.82,281.18,281.52,-1.85
1987-04-27,281.52,284.45,276.22,281.83,0.11
1987-04-28,281.83,285.95,281.83,282.51,0.24
1987-04-29,282.58,286.42,282.51,284.57,0.73
1987-04-30,284.58,290.08,284.57,288.36,1.33
1987-05-01,286.99,289.71,286.52,288.03,-0.11
1987-05-04,288.02,289.99,286.39,289.36,0.46
1987-05-05,289.36,295.4,289.34,295.34,2.07
1987-05-06,295.35,296.19,293.6,295.47,0.04
1987-05-07,295.45,296.8,294.07,294.71,-0.26
1987-05-08,294.73,296.18,291.73,293.37,-0.45
1987-05-11,293.37,298.69,291.55,291.57,-0.61
1987-05-12,291.57,293.3,290.18,293.3,0.59
1987-05-13,293.31,294.54,290.74,293.98,0.23
1987-05-14,293.98,295.1,292.95,294.24,0.09
1987-05-15,294.23,294.24,287.11,287.43,-2.31
1987-05-18,287.43,287.43,282.57,286.65,-0.27
1987-05-19,286.66,287.39,278.83,279.62,-2.45
1987-05-20,279.62,280.89,277.01,278.21,-0.5
1987-05-21,278.23,282.31,278.21,280.17,0.7
1987-05-22,280.17,283.33,280.17,282.16,0.71
1987-05-26,282.16,289.11,282.16,289.11,2.46
1987-05-27,289.07,290.78,288.19,288.73,-0.13
1987-05-28,288.73,291.5,286.33,290.76,0.7
1987-05-29,290.77,292.87,289.7,290.1,-0.23
1987-06-01,290.12,291.96,289.23,289.83,-0.09
1987-06-02,289.82,290.94,286.93,288.46,-0.47
1987-06-03,288.56,293.47,288.46,293.47,1.74
1987-06-04,293.46,295.1,292.76,295.09,0.55
1987-06-05,295.11,295.11,292.8,293.45,-0.56
1987-06-08,293.46,297.03,291.55,296.72,1.11
1987-06-09,296.72,297.59,295.9,297.28,0.19
1987-06-10,297.28,300.81,295.66,297.47,0.06
1987-06-11,297.5,298.94,297.47,298.73,0.42
1987-06-12,298.77,302.26,298.73,301.62,0.97
1987-06-15,301.62,304.11,301.62,303.14,0.5
1987-06-16,303.12,304.86,302.6,304.76,0.53
1987-06-17,304.77,305.74,304.03,304.81,0.02
1987-06-18,304.78,306.13,303.88,305.69,0.29
1987-06-19,305.71,306.97,305.55,306.97,0.42
1987-06-22,306.98,310.2,306.97,309.65,0.87
1987-06-23,309.66,310.27,307.48,308.43,-0.39
1987-06-24,308.44,308.91,306.32,306.86,-0.51
1987-06-25,306.87,309.44,306.86,308.96,0.68
1987-06-26,308.94,308.96,306.36,307.16,-0.58
1987-06-29,307.15,308.15,306.75,307.9,0.24
1987-06-30,307.89,308.0,303.01,304.0,-1.27
1987-07-01,303.99,304.0,302.53,302.94,-0.35
1987-07-02,302.96,306.34,302.94,305.63,0.89
1987-07-06,305.64,306.75,304.23,304.92,-0.23
1987-07-07,304.91,308.63,304.73,307.4,0.81
1987-07-08,307.41,308.48,306.01,308.29,0.29
1987-07-09,308.3,309.56,307.42,307.52,-0.25
1987-07-10,307.55,308.4,306.96,308.37,0.28
1987-07-13,308.41,308.41,305.49,307.63,-0.24
1987-07-14,307.67,310.69,307.46,310.68,0.99
1987-07-15,310.67,312.08,309.07,310.42,-0.08
1987-07-16,311.0,312.83,310.42,312.7,0.73
1987-07-17,312.71,314.59,312.38,314.59,0.6
1987-07-20,314.56,314.59,311.24,311.39,-1.02
1987-07-21,311.36,312.41,307.51,308.55,-0.91
1987-07-22,308.56,309.12,307.22,308.47,-0.03
1987-07-23,308.5,309.63,306.1,307.81,-0.21
1987-07-24,307.82,309.28,307.78,309.27,0.47
1987-07-27,309.3,310.7,308.61,310.65,0.45
1987-07-28,310.65,312.33,310.28,312.33,0.54
1987-07-29,312.34,315.65,311.73,315.65,1.06
1987-07-30,315.69,318.53,315.65,318.05,0.76
1987-07-31,318.05,318.85,317.56,318.66,0.19
1987-08-03,318.62,320.26,316.52,317.57,-0.34
1987-08-04,317.59,318.25,314.51,316.23,-0.42
1987-08-05,316.25,319.74,316.23,318.45,0.7
1987-08-06,318.49,322.09,317.5,322.09,1.14
1987-08-07,322.1,324.15,321.82,323.0,0.28
1987-08-10,322.98,328.0,322.95,328.0,1.55
1987-08-11,328.02,333.4,328.0,333.33,1.63
1987-08-12,333.32,334.57,331.06,332.39,-0.28
1987-08-13,332.38,335.52,332.38,334.65,0.68
1987-08-14,334.63,336.08,332.99,333.99,-0.2
1987-08-17,333.98,335.43,332.88,334.11,0.04
1987-08-18,334.1,334.11,326.43,329.25,-1.45
1987-08-19,329.26,329.89,326.54,329.83,0.18
1987-08-20,331.49,335.19,329.83,334.84,1.52
1987-08-21,334.85,336.37,334.3,335.9,0.32
1987-08-24,335.89,335.9,331.92,333.33,-0.77
1987-08-25,333.37,337.89,333.33,336.77,1.03
1987-08-26,336.77,337.39,334.46,334.57,-0.65
1987-08-27,334.56,334.57,331.1,331.38,-0.95
1987-08-28,331.37,331.38,327.03,327.04,-1.31
1987-08-31,327.03,330.09,326.99,329.8,0.84
1987-09-01,329.81,332.18,322.83,323.4,-1.94
1987-09-02,323.4,324.53,318.76,321.68,-0.53
1987-09-03,321.47,324.29,317.39,320.21,-0.46
1987-09-04,320.21,322.03,316.53,316.7,-1.1
1987-09-08,316.68,316.7,308.56,313.56,-0.99
1987-09-09,313.6,315.41,312.29,313.92,0.11
1987-09-10,313.92,317.59,313.92,317.13,1.02
1987-09-11,317.14,322.45,317.13,321.98,1.53
1987-09-14,322.02,323.81,320.4,323.08,0.34
1987-09-15,323.07,323.08,317.63,317.74,-1.65
1987-09-16,317.75,319.5,314.61,314.86,-0.91
1987-09-17,314.94,316.08,313.45,314.93,0.02
1987-09-18,314.98,316.99,314.86,314.86,-0.02
1987-09-21,314.92,317.66,310.12,310.54,-1.37
1987-09-22,310.54,319.51,308.69,319.5,2.89
1987-09-23,319.49,321.83,319.12,321.19,0.53
1987-09-24,321.09,322.01,319.12,319.72,-0.46
1987-09-25,319.72,320.55,318.1,320.16,0.14
1987-09-28,320.16,325.33,320.16,323.2,0.95
1987-09-29,323.2,324.63,320.27,321.69,-0.47
1987-09-30,321.69,322.53,320.16,321.83,0.04
1987-10-01,321.83,327.34,321.83,327.33,1.71
1987-10-02,327.33,328.94,327.22,328.07,0.23
1987-10-05,328.07,328.57,326.09,328.08,0.0
1987-10-06,328.08,328.08,319.17,319.22,-2.7
1987-10-07,319.22,319.39,315.78,318.52,-0.22
1987-10-08,318.54,319.34,312.02,314.16,-1.37
1987-10-09,314.16,315.04,310.97,311.07,-0.98
1987-10-12,311.07,311.07,306.76,309.39,-0.54
1987-10-13,309.39,314.53,309.39,314.52,1.66
1987-10-14,314.52,314.52,304.78,305.23,-2.95
1987-10-15,305.21,305.23,298.07,298.08,-2.34
1987-10-16,298.08,298.92,281.52,282.7,-5.16
1987-10-19,282.7,282.7,224.83,224.84,-20.47
1987-10-20,225.06,245.62,216.46,236.83,5.33
1987-10-21,236.83,259.26,236.83,258.38,9.1
1987-10-22,258.24,258.58,242.99,248.25,-3.92
1987-10-23,248.29,250.7,242.76,248.22,-0.01
1987-10-26,248.2,248.22,227.26,227.67,-8.28
1987-10-27,227.67,237.81,227.67,233.19,2.42
1987-10-28,233.19,238.58,226.29,233.28,0.04
1987-10-29,233.31,246.69,233.28,244.77,4.93
1987-10-30,244.77,254.04,244.77,251.79,2.87
1987-11-02,251.73,255.75,249.15,255.75,1.57
1987-11-03,255.75,255.75,242.78,250.82,-1.93
1987-11-04,250.81,251.0,246.34,248.96,-0.74
1987-11-05,248.93,256.09,247.72,254.48,2.22
1987-11-06,254.49,257.21,249.68,250.41,-1.6
1987-11-09,250.41,250.41,243.01,243.17,-2.89
1987-11-10,243.14,243.17,237.64,239.0,-1.71
1987-11-11,239.01,243.86,239.0,241.9,1.21
1987-11-12,241.93,249.9,241.9,248.52,2.74
1987-11-13,248.54,249.42,245.64,245.64,-1.16
1987-11-16,245.69,249.54,244.98,246.76,0.46
1987-11-17,246.73,246.76,240.81,243.04,-1.51
1987-11-18,243.09,245.55,240.67,245.55,1.03
1987-11-19,245.54,245.55,239.7,240.05,-2.24
1987-11-20,240.04,242.0,235.89,242.0,0.81
1987-11-23,242.0,242.99,240.5,242.99,0.41
1987-11-24,242.98,247.9,242.98,246.39,1.4
1987-11-25,246.42,246.54,244.08,244.1,-0.93
1987-11-27,244.11,244.12,240.34,240.34,-1.54
1987-11-30,240.27,240.34,225.78,230.3,-4.18
1987-12-01,230.32,234.02,230.3,232.0,0.74
1987-12-02,232.01,234.56,230.31,233.45,0.63
1987-12-03,233.46,233.9,225.21,225.21,-3.53
1987-12-04,225.2,225.77,221.24,223.92,-0.57
1987-12-07,223.98,228.77,223.92,228.76,2.16
1987-12-08,228.77,234.92,228.69,234.91,2.69
1987-12-09,234.91,240.09,233.83,238.89,1.69
1987-12-10,238.89,240.05,233.4,233.57,-2.23
1987-12-11,233.6,235.48,233.35,235.32,0.75
1987-12-14,235.3,242.34,235.04,242.19,2.92
1987-12-15,242.19,245.59,241.31,242.8,0.25
1987-12-16,242.81,248.11,242.8,248.08,2.17
1987-12-17,248.08,248.6,242.96,242.98,-2.06
1987-12-18,243.01,249.18,242.98,249.16,2.54
1987-12-21,249.14,250.25,248.3,249.54,0.15
1987-12-22,249.56,249.97,247.01,249.95,0.16
1987-12-23,249.96,253.35,249.95,253.16,1.28
1987-12-24,253.13,253.16,251.68,252.02,-0.45
1987-12-28,252.01,252.02,244.19,245.57,-2.56
1987-12-29,245.58,245.88,244.28,244.59,-0.4
1987-12-30,244.63,248.06,244.59,247.86,1.34
1987-12-31,247.84,247.86,245.22,247.08,-0.31
1988-01-04,247.1,256.44,247.08,255.94,3.59
1988-01-05,255.95,261.78,255.94,258.63,1.05
1988-01-06,258.64,259.79,257.18,258.89,0.1
1988-01-07,258.87,261.32,256.18,261.07,0.84
1988-01-08,261.05,261.07,242.95,243.4,-6.77
1988-01-11,243.38,247.51,241.07,247.49,1.68
1988-01-12,247.44,247.49,240.46,245.42,-0.84
1988-01-13,245.41,249.25,241.41,245.81,0.16
1988-01-14,245.83,247.0,243.97,245.88,0.03
1988-01-15,246.02,253.65,245.88,252.05,2.51
1988-01-18,252.05,252.86,249.98,251.88,-0.07
1988-01-19,251.84,253.33,248.75,249.32,-1.02
1988-01-20,249.31,249.32,241.14,242.63,-2.68
1988-01-21,242.65,244.25,240.17,243.14,0.21
1988-01-22,243.14,246.5,243.14,246.5,1.38
1988-01-25,246.53,252.87,246.5,252.17,2.3
1988-01-26,252.13,252.17,249.1,249.57,-1.03
1988-01-27,249.58,253.02,248.5,249.38,-0.08
1988-01-28,249.39,253.66,249.38,253.29,1.57
1988-01-29,253.31,257.07,252.7,257.07,1.49
1988-02-01,257.05,258.27,254.93,255.04,-0.79
1988-02-02,255.05,256.08,252.8,255.57,0.21
1988-02-03,255.56,256.98,250.56,252.21,-1.31
1988-02-04,252.2,253.03,250.34,252.21,0.0
1988-02-05,252.22,253.85,250.9,250.96,-0.5
1988-02-08,250.95,250.96,247.82,249.1,-0.74
1988-02-09,249.11,251.72,248.66,251.72,1.05
1988-02-10,251.74,256.92,251.72,256.66,1.96
1988-02-11,256.63,257.77,255.12,255.95,-0.28
1988-02-12,255.95,258.86,255.85,257.63,0.66
1988-02-16,257.61,259.84,256.57,259.83,0.85
1988-02-17,259.94,261.47,257.83,259.21,-0.24
1988-02-18,258.82,259.6,256.9,257.91,-0.5
1988-02-19,257.9,261.61,257.62,261.61,1.43
1988-02-22,261.6,266.06,260.88,265.64,1.54
1988-02-23,265.62,266.12,263.11,265.02,-0.23
1988-02-24,265.01,266.25,263.87,264.43,-0.22
1988-02-25,264.39,267.75,261.05,261.58,-1.08
1988-02-26,261.56,263.0,261.38,262.46,0.34
1988-02-29,262.46,267.82,262.46,267.82,2.04
1988-03-01,267.82,267.95,265.39,267.22,-0.22
1988-03-02,267.23,268.75,267.0,267.98,0.28
1988-03-03,267.98,268.4,266.82,267.88,-0.04
1988-03-04,267.87,268.4,264.72,267.3,-0.22
1988-03-07,267.28,267.69,265.94,267.38,0.03
1988-03-08,267.38,270.06,267.38,269.43,0.77
1988-03-09,269.46,270.76,268.65,269.06,-0.14
1988-03-10,269.07,269.35,263.8,263.84,-1.94
1988-03-11,263.85,264.94,261.27,264.94,0.42
1988-03-14,264.93,266.55,264.52,266.37,0.54
1988-03-15,266.34,266.41,264.92,266.13,-0.09
1988-03-16,266.11,268.68,264.81,268.65,0.95
1988-03-17,268.66,271.22,268.65,271.22,0.96
1988-03-18,271.22,272.64,269.76,271.12,-0.04
1988-03-21,271.1,271.12,267.42,268.74,-0.88
1988-03-22,268.73,269.61,267.9,268.84,0.04
1988-03-23,268.81,269.79,268.01,268.91,0.03
1988-03-24,268.91,268.91,262.48,263.35,-2.07
1988-03-25,263.34,263.44,258.12,258.51,-1.84
1988-03-28,258.5,258.51,256.07,258.06,-0.17
1988-03-29,258.11,260.86,258.06,260.07,0.78
1988-03-30,260.06,261.59,257.92,258.07,-0.77
1988-03-31,258.03,259.03,256.16,258.89,0.32
1988-04-04,258.89,259.06,255.68,256.09,-1.08
1988-04-05,256.1,258.52,256.03,258.51,0.94
1988-04-06,258.52,265.5,258.22,265.49,2.7
1988-04-07,265.51,267.32,265.22,266.16,0.25
1988-04-08,266.15,270.22,266.11,269.43,1.23
1988-04-11,269.43,270.41,268.61,270.16,0.27
1988-04-12,269.88,272.05,269.66,271.37,0.45
1988-04-13,271.33,271.7,269.23,271.57,0.08
1988-04-14,271.55,271.57,259.37,259.75,-4.36
1988-04-15,259.74,260.39,255.97,259.77,0.01
1988-04-18,259.75,259.81,258.03,259.21,-0.22
1988-04-19,259.24,262.38,257.91,257.92,-0.5
1988-04-20,257.91,258.54,256.12,256.13,-0.69
1988-04-21,256.15,260.44,254.71,256.42,0.11
1988-04-22,256.45,261.16,256.42,260.14,1.45
1988-04-25,260.15,263.29,260.14,262.46,0.91
1988-04-26,262.45,265.06,262.18,263.93,0.54
1988-04-27,263.94,265.09,263.45,263.8,-0.05
1988-04-28,263.79,263.8,262.22,262.61,-0.45
1988-04-29,262.59,262.61,259.97,261.33,-0.49
1988-05-02,261.36,261.56,259.99,261.56,0.09
1988-05-03,261.55,263.7,261.55,263.0,0.55
1988-05-04,263.05,263.23,260.31,260.32,-1.02
1988-05-05,260.3,260.32,258.13,258.79,-0.59
1988-05-06,258.8,260.31,257.03,257.48,-0.51
1988-05-09,257.47,258.22,255.45,256.54,-0.37
1988-05-10,256.53,258.3,255.93,257.62,0.42
1988-05-11,257.6,257.62,252.32,253.31,-1.67
1988-05-12,253.32,254.87,253.31,253.85,0.21
1988-05-13,253.88,256.83,253.85,256.78,1.15
1988-05-16,256.75,258.71,256.28,258.71,0.75
1988-05-17,258.72,260.2,255.35,255.39,-1.28
1988-05-18,255.4,255.67,250.73,251.35,-1.58
1988-05-19,251.36,252.57,248.85,252.57,0.49
1988-05-20,252.61,253.7,251.79,253.02,0.18
1988-05-23,253.0,253.02,249.82,250.83,-0.87
1988-05-24,250.84,253.51,250.83,253.51,1.07
1988-05-25,253.52,255.34,253.51,253.76,0.1
1988-05-26,253.75,254.98,253.52,254.63,0.34
1988-05-27,254.62,254.63,252.74,253.42,-0.48
1988-05-31,253.44,262.16,253.42,262.16,3.45
1988-06-01,262.16,267.43,262.1,266.69,1.73
1988-06-02,266.65,266.71,264.12,265.33,-0.51
1988-06-03,265.34,267.11,264.42,266.45,0.42
1988-06-06,266.46,267.05,264.97,267.05,0.23
1988-06-07,267.02,267.28,264.5,265.17,-0.7
1988-06-08,265.32,272.01,265.17,271.52,2.39
1988-06-09,271.5,272.29,270.19,270.2,-0.49
1988-06-10,270.22,273.21,270.2,271.26,0.39
1988-06-13,271.28,271.94,270.53,271.43,0.06
1988-06-14,271.58,276.14,271.44,274.3,1.06
1988-06-15,274.29,274.45,272.75,274.45,0.05
1988-06-16,274.44,274.45,268.76,269.77,-1.71
1988-06-17,269.79,270.77,268.09,270.68,0.34
1988-06-20,270.67,270.68,268.59,268.94,-0.64
1988-06-21,268.95,271.67,267.52,271.67,1.02
1988-06-22,271.69,276.88,271.67,275.66,1.47
1988-06-23,275.62,275.89,274.26,274.82,-0.3
1988-06-24,274.81,275.19,273.53,273.78,-0.38
1988-06-27,273.78,273.79,268.85,269.06,-1.72
1988-06-28,269.07,272.8,269.06,272.31,1.21
1988-06-29,272.32,273.01,269.49,270.98,-0.49
1988-06-30,271.0,273.51,270.97,273.5,0.93
1988-07-01,273.5,273.8,270.78,271.78,-0.63
1988-07-05,271.78,275.81,270.51,275.81,1.48
1988-07-06,275.8,276.36,269.92,272.02,-1.37
1988-07-07,272.0,272.05,269.31,271.78,-0.09
1988-07-08,271.76,272.31,269.86,270.02,-0.65
1988-07-11,270.03,271.64,270.02,270.55,0.2
1988-07-12,270.54,270.7,266.96,267.85,-1.0
1988-07-13,267.87,269.46,266.12,269.32,0.55
1988-07-14,269.33,270.69,268.58,270.26,0.35
1988-07-15,270.23,272.06,269.53,272.05,0.66
1988-07-18,271.99,272.05,268.66,270.51,-0.57
1988-07-19,270.49,271.21,267.01,268.47,-0.75
1988-07-20,268.52,270.24,268.47,270.0,0.57
1988-07-21,269.99,270.0,266.66,266.66,-1.24
1988-07-22,266.65,266.66,263.29,263.5,-1.19
1988-07-25,263.49,265.17,263.03,264.68,0.45
1988-07-26,264.7,266.09,264.32,265.19,0.19
1988-07-27,265.18,265.83,262.48,262.5,-1.01
1988-07-28,262.52,266.55,262.5,266.02,1.34
1988-07-29,266.04,272.02,266.02,272.02,2.26
1988-08-01,272.03,272.8,271.21,272.21,0.07
1988-08-02,272.19,273.68,270.37,272.06,-0.06
1988-08-03,272.03,273.42,271.15,272.98,0.34
1988-08-04,273.0,274.2,271.77,271.93,-0.38
1988-08-05,271.7,271.93,270.08,271.15,-0.29
1988-08-08,271.13,272.47,269.93,269.98,-0.43
1988-08-09,270.0,270.2,265.06,266.49,-1.29
1988-08-10,266.43,266.49,261.03,261.9,-1.72
1988-08-11,261.92,262.77,260.34,262.75,0.32
1988-08-12,262.7,262.94,261.37,262.55,-0.08
1988-08-15,262.49,262.55,258.68,258.69,-1.47
1988-08-16,258.68,262.61,257.5,260.56,0.72
1988-08-17,260.57,261.84,259.33,260.77,0.08
1988-08-18,260.76,262.76,260.75,261.03,0.1
1988-08-19,261.05,262.27,260.23,260.24,-0.3
1988-08-22,260.24,260.71,256.94,256.98,-1.25
1988-08-23,256.99,257.86,256.53,257.09,0.04
1988-08-24,257.16,261.13,257.09,261.13,1.57
1988-08-25,261.1,261.13,257.56,259.18,-0.75
1988-08-26,259.18,260.15,258.87,259.68,0.19
1988-08-29,259.68,262.56,259.68,262.33,1.02
1988-08-30,262.33,263.18,261.53,262.51,0.07
1988-08-31,262.51,263.8,261.21,261.52,-0.38
1988-09-01,261.52,261.52,256.98,258.35,-1.21
1988-09-02,258.35,264.9,258.35,264.48,2.37
1988-09-06,264.42,265.94,264.4,265.59,0.42
1988-09-07,265.62,266.98,264.93,265.87,0.11
1988-09-08,265.87,266.54,264.88,265.88,0.0
1988-09-09,265.88,268.26,263.66,266.84,0.36
1988-09-12,266.85,267.64,266.22,266.47,-0.14
1988-09-13,266.45,267.43,265.22,267.43,0.36
1988-09-14,267.5,269.47,267.41,269.31,0.7
1988-09-15,269.3,269.78,268.03,268.13,-0.44
1988-09-16,268.13,270.81,267.33,270.65,0.94
1988-09-19,270.64,270.65,267.41,268.82,-0.68
1988-09-20,268.83,270.07,268.5,269.73,0.34
1988-09-21,269.76,270.64,269.48,270.16,0.16
1988-09-22,270.19,270.58,268.26,269.18,-0.36
1988-09-23,269.16,270.31,268.28,269.76,0.22
1988-09-26,269.77,269.8,268.61,268.88,-0.33
1988-09-27,268.89,269.36,268.01,268.26,-0.23
1988-09-28,268.22,269.08,267.77,269.08,0.31
1988-09-29,269.09,273.02,269.08,272.59,1.3
1988-09-30,272.55,274.87,271.66,271.91,-0.25
1988-10-03,271.89,271.91,268.84,271.38,-0.19
1988-10-04,271.37,271.79,270.34,270.62,-0.28
1988-10-05,270.63,272.45,270.08,271.86,0.46
1988-10-06,271.87,272.39,271.3,272.39,0.19
1988-10-07,272.38,278.07,272.37,278.07,2.09
1988-10-10,278.06,278.69,277.1,278.24,0.06
1988-10-11,278.15,278.24,276.33,277.93,-0.11
1988-10-12,277.91,277.93,273.05,273.98,-1.42
1988-10-13,273.95,275.83,273.39,275.22,0.45
1988-10-14,275.27,277.01,274.08,275.5,0.1
1988-10-17,275.48,276.65,275.01,276.41,0.33
1988-10-18,276.43,279.39,276.41,279.38,1.07
1988-10-19,279.4,280.53,274.41,276.97,-0.86
1988-10-20,276.97,282.88,276.93,282.88,2.13
1988-10-21,282.88,283.66,281.16,283.66,0.28
1988-10-24,283.63,283.95,282.28,282.28,-0.49
1988-10-25,282.28,282.84,281.87,282.38,0.04
1988-10-26,282.37,282.52,280.54,281.38,-0.35
1988-10-27,281.35,281.38,276.0,277.28,-1.46
1988-10-28,277.29,279.48,277.28,278.53,0.45
1988-10-31,278.54,279.39,277.14,278.97,0.16
1988-11-01,278.97,279.57,278.01,279.06,0.03
1988-11-02,279.07,279.45,277.08,279.06,0.0
1988-11-03,279.04,280.37,279.04,279.2,0.05
1988-11-04,279.11,279.2,276.31,276.31,-1.04
1988-11-07,276.3,276.31,273.62,273.93,-0.86
1988-11-08,273.95,275.8,273.93,275.15,0.45
1988-11-09,275.14,275.15,272.15,273.33,-0.66
1988-11-10,273.32,274.37,272.98,273.69,0.13
1988-11-11,273.65,273.69,267.92,267.92,-2.11
1988-11-14,267.93,269.25,266.79,267.72,-0.07
1988-11-15,267.73,268.75,267.72,268.34,0.23
1988-11-16,268.41,268.41,262.85,263.82,-1.68
1988-11-17,264.61,265.63,263.45,264.6,0.3
1988-11-18,264.6,266.62,264.6,266.47,0.71
1988-11-21,266.35,266.47,263.41,266.22,-0.09
1988-11-22,266.19,267.85,265.42,267.21,0.37
1988-11-23,267.22,269.56,267.21,269.0,0.67
1988-11-25,268.99,269.0,266.47,267.23,-0.66
1988-11-28,267.22,268.98,266.97,268.64,0.53
1988-11-29,268.6,271.31,268.13,270.91,0.84
1988-11-30,270.91,274.36,270.9,273.7,1.03
1988-12-01,273.68,273.7,272.27,272.49,-0.44
1988-12-02,272.49,272.49,270.47,271.81,-0.25
1988-12-05,274.93,275.62,271.81,274.93,1.15
1988-12-06,274.93,277.89,274.62,277.59,0.97
1988-12-07,277.59,279.01,277.34,278.13,0.19
1988-12-08,278.13,278.13,276.55,276.57,-0.55
1988-12-09,276.57,277.82,276.34,277.03,0.16
1988-12-12,277.03,278.82,276.52,276.52,-0.18
1988-12-13,276.52,276.52,274.58,276.31,-0.08
1988-12-14,276.31,276.31,274.58,275.31,-0.36
1988-12-15,275.32,275.62,274.01,274.28,-0.37
1988-12-16,274.31,276.29,274.28,276.29,0.73
1988-12-19,276.03,279.31,275.61,278.91,0.95
1988-12-20,278.93,280.45,277.47,277.47,-0.52
1988-12-21,277.49,277.83,276.3,277.38,-0.03
1988-12-22,277.68,277.89,276.86,276.87,-0.18
1988-12-23,276.87,277.99,276.87,277.87,0.36
1988-12-27,277.86,278.09,276.74,276.83,-0.37
1988-12-28,276.86,277.55,276.17,277.08,0.09
1988-12-29,277.1,279.42,277.08,279.4,0.84
1988-12-30,279.39,279.78,277.72,277.72,-0.6
1989-01-03,277.71,277.72,273.81,275.31,-0.87
1989-01-04,275.41,279.74,275.31,279.43,1.5
1989-01-05,279.44,280.14,279.44,280.01,0.21
1989-01-06,279.99,282.06,279.99,280.67,0.24
1989-01-09,280.68,281.89,280.32,280.98,0.11
1989-01-10,280.96,281.58,279.44,280.38,-0.21
1989-01-11,280.35,282.01,280.21,282.01,0.58
1989-01-12,282.01,284.63,281.99,283.17,0.41
1989-01-13,283.17,284.12,282.71,283.87,0.25
1989-01-16,283.86,284.88,283.63,284.14,0.1
1989-01-17,284.12,284.14,283.06,283.55,-0.21
1989-01-18,283.55,286.87,282.65,286.53,1.05
1989-01-19,286.54,287.9,283.43,286.9,0.13
1989-01-20,286.89,287.04,285.75,286.63,-0.1
1989-01-23,287.85,287.98,284.5,284.5,-0.74
1989-01-24,284.49,288.49,284.49,288.49,1.4
1989-01-25,288.48,289.15,287.97,289.14,0.23
1989-01-26,289.12,292.62,288.13,291.69,0.88
1989-01-27,292.2,296.08,291.69,293.82,0.73
1989-01-30,293.81,295.13,293.54,294.99,0.4
1989-01-31,294.97,297.51,293.57,297.47,0.84
1989-02-01,297.48,298.33,296.22,297.09,-0.13
1989-02-02,297.09,297.92,295.81,296.84,-0.08
1989-02-03,296.81,297.66,296.14,296.97,0.04
1989-02-06,296.96,296.99,294.96,296.04,-0.31
1989-02-07,296.03,300.34,295.78,299.63,1.21
1989-02-08,299.62,300.57,298.41,298.65,-0.33
1989-02-09,298.62,298.79,295.16,296.06,-0.87
1989-02-10,295.91,296.06,291.96,292.02,-1.36
1989-02-13,291.99,293.07,290.88,292.54,0.18
1989-02-14,292.57,294.37,291.41,291.81,-0.25
1989-02-15,291.8,294.42,291.49,294.24,0.83
1989-02-16,294.25,295.15,294.22,294.81,0.19
1989-02-17,294.8,297.12,294.69,296.76,0.66
1989-02-21,296.78,297.04,295.16,295.98,-0.26
1989-02-22,295.96,295.98,290.76,290.91,-1.71
1989-02-23,290.87,292.05,289.83,292.05,0.39
1989-02-24,292.03,292.05,287.13,287.13,-1.68
1989-02-27,287.14,288.12,286.26,287.82,0.24
1989-02-28,287.92,289.42,287.63,288.86,0.36
1989-03-01,288.88,290.28,286.46,287.11,-0.61
1989-03-02,287.23,290.32,287.11,289.95,0.99
1989-03-03,289.94,291.18,289.44,291.18,0.42
1989-03-06,291.2,294.81,291.2,294.81,1.25
1989-03-07,294.82,295.16,293.5,293.87,-0.32
1989-03-08,293.84,295.62,293.51,294.08,0.07
1989-03-09,294.1,294.69,293.85,293.93,-0.05
1989-03-10,293.91,293.93,291.6,292.88,-0.36
1989-03-13,292.9,296.18,292.9,295.32,0.83
1989-03-14,295.33,296.29,294.63,295.14,-0.06
1989-03-15,295.15,296.78,295.14,296.67,0.52
1989-03-16,296.66,299.99,296.66,299.44,0.93
1989-03-17,299.38,299.44,291.08,292.69,-2.25
1989-03-20,292.64,292.69,288.56,289.92,-0.95
1989-03-21,289.93,292.38,289.92,291.33,0.49
1989-03-22,291.34,291.46,289.9,290.49,-0.29
1989-03-23,290.5,291.51,288.56,288.98,-0.52
1989-03-27,288.93,290.57,288.07,290.57,0.55
1989-03-28,290.63,292.32,290.57,291.59,0.35
1989-03-29,291.58,292.75,291.42,292.35,0.26
1989-03-30,292.36,293.8,291.5,292.52,0.06
1989-03-31,292.54,294.96,292.52,294.87,0.8
1989-04-03,294.86,297.04,294.62,296.39,0.52
1989-04-04,296.4,296.4,294.72,295.31,-0.36
1989-04-05,295.29,296.43,295.28,296.24,0.31
1989-04-06,296.22,296.24,294.52,295.29,-0.32
1989-04-07,295.27,297.62,294.35,297.15,0.63
1989-04-10,297.15,297.94,296.85,297.11,-0.02
1989-04-11,297.12,298.87,297.11,298.49,0.46
1989-04-12,298.51,299.81,298.49,298.99,0.17
1989-04-13,299.0,299.0,296.27,296.4,-0.87
1989-04-14,296.42,301.38,296.4,301.36,1.67
1989-04-17,300.88,302.01,300.71,301.72,0.12
1989-04-18,301.74,306.25,301.72,306.02,1.43
1989-04-19,305.97,307.68,305.36,307.15,0.37
1989-04-20,307.18,307.96,304.53,306.19,-0.31
1989-04-21,306.25,309.61,306.19,309.61,1.12
1989-04-24,309.58,309.61,307.83,308.69,-0.3
1989-04-25,309.09,309.65,306.74,306.75,-0.63
1989-04-26,306.78,307.3,306.07,306.93,0.06
1989-04-27,306.96,310.45,306.93,309.58,0.86
1989-04-28,309.6,309.65,308.48,309.64,0.02
1989-05-01,309.62,309.64,307.4,309.12,-0.17
1989-05-02,309.15,310.45,308.12,308.12,-0.32
1989-05-03,308.08,308.52,307.11,308.16,0.01
1989-05-04,308.14,308.4,307.32,307.77,-0.13
1989-05-05,309.31,310.69,306.98,307.61,-0.05
1989-05-08,307.6,307.61,304.74,306.0,-0.52
1989-05-09,306.02,306.99,304.06,305.19,-0.26
1989-05-10,305.21,306.25,304.85,305.8,0.2
1989-05-11,305.86,307.34,305.8,306.95,0.38
1989-05-12,306.99,313.84,306.95,313.84,2.24
1989-05-15,313.89,316.16,313.84,316.16,0.74
1989-05-16,316.13,316.16,314.99,315.28,-0.28
1989-05-17,315.33,317.94,315.11,317.48,0.7
1989-05-18,317.45,318.52,316.54,317.97,0.15
1989-05-19,318.0,321.38,317.97,321.24,1.03
1989-05-22,321.36,323.06,320.45,321.98,0.23
1989-05-23,321.9,321.98,318.2,318.32,-1.14
1989-05-24,318.33,319.14,317.58,319.14,0.26
1989-05-25,319.12,319.6,318.42,319.17,0.01
1989-05-26,319.19,321.59,319.14,321.59,0.76
1989-05-30,321.57,322.53,317.83,319.05,-0.79
1989-05-31,319.04,321.3,318.68,320.52,0.46
1989-06-01,320.51,322.45,320.01,321.97,0.45
1989-06-02,321.98,325.63,321.97,325.52,1.1
1989-06-05,325.54,325.93,322.03,322.03,-1.07
1989-06-06,323.27,324.48,321.27,324.24,0.69
1989-06-07,324.25,326.95,324.25,326.95,0.84
1989-06-08,326.96,327.37,325.92,326.75,-0.06
1989-06-09,326.73,327.32,325.16,326.69,-0.02
1989-06-12,326.69,326.69,323.73,326.24,-0.14
1989-06-13,326.23,326.24,322.96,323.91,-0.71
1989-06-14,323.93,324.89,322.8,323.83,-0.02
1989-06-15,323.8,323.83,319.21,320.08,-1.16
1989-06-16,319.96,321.36,318.69,321.35,0.4
1989-06-19,321.34,321.89,320.4,321.89,0.17
1989-06-20,321.88,322.78,321.03,321.25,-0.2
1989-06-21,321.27,321.87,319.25,320.48,-0.24
1989-06-22,320.41,322.34,320.2,322.32,0.57
1989-06-23,322.33,328.0,322.32,328.0,1.76
1989-06-26,327.96,328.15,326.31,326.6,-0.43
1989-06-27,326.61,329.19,326.59,328.44,0.56
1989-06-28,328.42,328.44,324.3,325.81,-0.8
1989-06-29,325.75,325.81,319.54,319.68,-1.88
1989-06-30,319.67,319.97,314.38,317.98,-0.53
1989-07-03,318.06,319.27,317.27,319.23,0.39
1989-07-05,319.2,321.22,317.26,320.64,0.44
1989-07-06,320.66,321.55,320.45,321.55,0.28
1989-07-07,321.57,325.87,321.08,324.91,1.04
1989-07-10,324.93,327.07,324.92,327.02,0.66
1989-07-11,327.09,330.42,327.07,328.78,0.52
1989-07-12,328.77,330.39,327.92,329.81,0.31
1989-07-13,329.83,330.37,329.08,329.95,0.04
1989-07-14,329.96,331.89,327.13,331.84,0.57
1989-07-17,331.78,333.02,331.02,332.44,0.18
1989-07-18,332.42,332.42,330.75,331.35,-0.33
1989-07-19,331.37,335.73,331.37,335.73,1.32
1989-07-20,335.77,337.4,333.22,333.51,-0.66
1989-07-21,333.5,335.91,332.46,335.9,0.72
1989-07-24,335.83,335.91,333.44,333.67,-0.66
1989-07-25,333.7,336.29,332.6,333.88,0.06
1989-07-26,333.87,338.05,333.19,338.05,1.25
1989-07-27,338.12,342.0,338.05,341.99,1.17
1989-07-28,341.94,342.96,341.3,342.15,0.05
1989-07-31,342.13,346.08,342.02,346.08,1.15
1989-08-01,346.13,347.99,342.93,343.75,-0.67
1989-08-02,343.73,344.34,342.47,344.34,0.17
1989-08-03,344.35,345.22,343.81,344.74,0.12
1989-08-04,344.68,345.42,342.6,343.92,-0.24
1989-08-07,343.93,349.42,343.91,349.41,1.6
1989-08-08,349.42,349.84,348.28,349.35,-0.02
1989-08-09,349.3,351.0,346.86,346.94,-0.69
1989-08-10,346.93,349.78,345.31,348.25,0.38
1989-08-11,348.28,351.18,344.01,344.74,-1.01
1989-08-14,344.71,345.44,341.96,343.06,-0.49
1989-08-15,343.07,345.03,343.07,344.71,0.48
1989-08-16,344.8,346.37,344.71,345.66,0.28
1989-08-17,345.68,346.39,342.97,344.45,-0.35
1989-08-18,344.46,346.03,343.89,346.03,0.46
1989-08-21,346.01,346.25,340.55,340.67,-1.55
1989-08-22,340.64,341.25,339.0,341.19,0.15
1989-08-23,341.23,344.8,341.19,344.7,1.03
1989-08-24,344.75,351.52,344.7,351.52,1.98
1989-08-25,351.43,352.73,350.09,350.52,-0.28
1989-08-28,349.56,352.09,349.08,352.09,0.45
1989-08-29,352.1,352.12,348.86,349.84,-0.64
1989-08-30,349.85,352.27,348.66,350.65,0.23
1989-08-31,350.66,351.45,350.21,351.45,0.23
1989-09-01,351.37,353.9,350.88,353.73,0.65
1989-09-05,353.74,354.13,351.82,352.56,-0.33
1989-09-06,352.46,352.56,347.98,349.24,-0.94
1989-09-07,349.28,350.31,348.15,348.35,-0.25
1989-09-08,348.36,349.18,345.74,348.76,0.12
1989-09-11,348.75,348.76,345.91,347.66,-0.32
1989-09-12,347.63,349.46,347.5,348.7,0.3
1989-09-13,348.71,350.1,345.46,345.46,-0.93
1989-09-14,345.48,345.61,342.55,343.16,-0.67
1989-09-15,343.19,345.06,341.37,345.06,0.55
1989-09-18,345.04,346.84,344.6,346.73,0.48
1989-09-19,346.7,348.17,346.44,346.55,-0.05
1989-09-20,346.56,347.27,346.18,346.47,-0.02
1989-09-21,346.47,348.46,344.96,345.7,-0.22
1989-09-22,345.69,347.57,345.69,347.05,0.39
1989-09-25,346.99,347.05,343.7,344.23,-0.81
1989-09-26,344.22,347.02,344.13,344.33,0.03
1989-09-27,345.0,345.47,342.85,345.1,0.22
1989-09-28,345.81,348.61,345.48,348.6,1.01
1989-09-29,348.63,350.31,348.12,349.15,0.16
1989-10-02,349.19,350.99,348.35,350.87,0.49
1989-10-03,350.85,354.73,350.85,354.71,1.09
1989-10-04,354.75,357.49,354.75,356.94,0.63
1989-10-05,356.92,357.63,356.28,356.97,0.01
1989-10-06,357.0,359.05,356.97,358.78,0.51
1989-10-09,358.76,359.86,358.06,359.8,0.28
1989-10-10,359.83,360.44,358.11,359.13,-0.19
1989-10-11,359.0,359.13,356.08,356.99,-0.6
1989-10-12,356.93,356.99,354.91,355.39,-0.45
1989-10-13,355.41,355.53,332.81,333.65,-6.12
1989-10-16,333.47,342.87,327.12,342.85,2.76
1989-10-17,342.84,342.84,335.69,341.16,-0.49
1989-10-18,341.08,343.39,339.03,341.76,0.18
1989-10-19,341.79,348.82,341.76,347.13,1.57
1989-10-20,347.14,347.57,344.47,347.16,0.01
1989-10-23,347.11,348.19,344.22,344.83,-0.67
1989-10-24,344.82,344.83,335.13,343.7,-0.33
1989-10-25,343.69,344.51,341.96,342.5,-0.35
1989-10-26,342.47,342.5,337.2,337.93,-1.33
1989-10-27,337.96,337.97,333.26,335.06,-0.85
1989-10-30,335.07,337.04,334.48,335.07,0.0
1989-10-31,335.08,340.86,335.07,340.36,1.58
1989-11-01,340.37,341.74,339.79,341.2,0.25
1989-11-02,341.15,341.2,336.61,338.48,-0.8
1989-11-03,338.46,339.67,337.37,337.62,-0.25
1989-11-06,337.61,337.62,332.33,332.61,-1.48
1989-11-07,332.6,334.82,330.91,334.81,0.66
1989-11-08,334.83,339.41,334.81,338.15,1.0
1989-11-09,338.13,338.73,336.21,336.57,-0.47
1989-11-10,336.6,339.1,336.57,339.1,0.75
1989-11-13,339.08,340.51,337.93,339.55,0.13
1989-11-14,339.56,340.41,337.06,337.99,-0.46
1989-11-15,338.0,340.54,337.14,340.54,0.75
1989-11-16,340.53,341.02,338.93,340.58,0.01
1989-11-17,340.55,342.24,339.85,341.61,0.3
1989-11-20,341.63,341.9,338.29,339.35,-0.66
1989-11-21,339.37,340.21,337.53,339.59,0.07
1989-11-22,339.6,341.92,339.59,341.91,0.68
1989-11-24,341.92,344.24,341.92,343.97,0.6
1989-11-27,343.98,346.24,343.98,345.61,0.48
1989-11-28,345.59,346.33,344.41,345.77,0.05
1989-11-29,345.76,345.77,343.36,343.6,-0.63
1989-11-30,343.57,346.5,343.57,345.99,0.7
1989-12-01,346.01,351.88,346.01,350.63,1.34
1989-12-04,350.62,351.51,350.32,351.41,0.22
1989-12-05,351.42,352.24,349.58,349.58,-0.52
1989-12-06,349.59,349.94,347.91,348.55,-0.29
1989-12-07,348.53,349.84,346.0,347.59,-0.28
1989-12-08,347.6,349.6,347.6,348.69,0.32
1989-12-11,348.66,348.74,346.39,348.56,-0.04
1989-12-12,348.54,352.21,348.41,351.73,0.91
1989-12-13,351.7,354.1,351.65,352.75,0.29
1989-12-14,352.74,352.74,350.08,350.93,-0.52
1989-12-15,350.97,351.86,346.08,350.14,-0.23
1989-12-18,350.13,350.88,342.19,343.69,-1.84
1989-12-19,343.68,343.74,339.63,342.46,-0.36
1989-12-20,343.06,343.7,341.79,342.84,0.11
1989-12-21,342.88,345.03,342.84,344.78,0.57
1989-12-22,344.84,347.53,344.76,347.42,0.77
1989-12-26,347.41,347.87,346.53,346.81,-0.18
1989-12-27,346.84,349.12,346.84,348.81,0.58
1989-12-28,348.8,350.68,348.76,350.67,0.53
1989-12-29,350.68,353.41,350.67,353.4,0.78
1990-01-02,353.39,359.69,351.98,359.69,1.78
1990-01-03,359.66,360.59,357.89,358.76,-0.26
1990-01-04,358.74,358.76,352.89,355.66,-0.86
1990-01-05,355.65,355.67,351.35,352.2,-0.98
1990-01-08,352.19,354.24,350.54,353.79,0.45
1990-01-09,353.83,354.17,349.61,349.62,-1.18
1990-01-10,349.6,349.62,344.32,347.31,-0.66
1990-01-11,347.35,350.14,347.31,348.53,0.35
1990-01-12,348.49,348.53,339.49,339.93,-2.47
1990-01-15,339.93,339.94,336.57,337.0,-0.86
1990-01-16,336.97,340.75,333.37,340.75,1.11
1990-01-17,340.77,342.01,336.26,337.4,-0.98
1990-01-18,337.39,338.38,333.98,338.19,0.23
1990-01-19,338.23,340.48,338.19,339.15,0.28
1990-01-22,339.14,339.96,330.28,330.38,-2.59
1990-01-23,330.41,332.76,328.67,331.61,0.37
1990-01-24,331.51,331.71,324.17,330.25,-0.41
1990-01-25,330.31,332.33,325.33,326.08,-1.27
1990-01-26,326.09,328.58,321.44,325.8,-0.09
1990-01-29,325.82,327.31,321.79,325.2,-0.18
1990-01-30,325.11,325.73,319.83,322.98,-0.68
1990-01-31,323.02,329.08,322.98,329.08,1.89
1990-02-01,329.07,329.86,327.76,328.79,-0.09
1990-02-02,328.78,332.1,328.09,330.92,0.65
1990-02-05,330.91,332.16,330.45,331.85,0.28
1990-02-06,331.85,331.86,328.2,329.66,-0.66
1990-02-07,329.58,333.76,326.55,333.75,1.24
1990-02-08,333.74,336.09,332.0,332.96,-0.24
1990-02-09,333.02,334.6,332.41,333.62,0.2
1990-02-12,333.56,333.62,329.97,330.08,-1.06
1990-02-13,330.09,331.61,327.92,331.02,0.28
1990-02-14,331.01,333.2,330.64,332.01,0.3
1990-02-15,331.99,335.21,331.61,334.89,0.87
1990-02-16,334.87,335.64,332.42,332.72,-0.65
1990-02-20,332.62,332.72,326.26,327.99,-1.42
1990-02-21,327.91,328.17,324.47,327.67,-0.1
1990-02-22,327.73,330.98,325.7,325.7,-0.6
1990-02-23,325.69,326.13,322.1,324.15,-0.48
1990-02-26,324.15,328.67,323.98,328.67,1.39
1990-02-27,328.68,331.94,328.47,330.26,0.48
1990-02-28,330.27,333.48,330.16,331.89,0.49
1990-03-01,331.86,334.4,331.08,332.74,0.26
1990-03-02,332.72,335.54,332.72,335.54,0.84
1990-03-05,335.53,336.38,333.49,333.74,-0.54
1990-03-06,333.77,337.93,333.57,337.93,1.26
1990-03-07,337.92,338.84,336.33,336.95,-0.29
1990-03-08,336.98,340.66,336.95,340.27,0.99
1990-03-09,340.12,340.12,336.84,337.93,-0.69
1990-03-12,337.91,339.08,336.14,338.67,0.22
1990-03-13,338.66,338.67,335.36,336.0,-0.79
1990-03-14,335.99,337.63,334.93,336.87,0.26
1990-03-15,336.89,338.91,336.87,338.07,0.36
1990-03-16,338.1,341.91,338.07,341.91,1.14
1990-03-19,341.86,343.76,339.12,343.53,0.47
1990-03-20,343.51,344.49,340.87,341.57,-0.57
1990-03-21,341.57,342.34,339.56,339.74,-0.54
1990-03-22,339.74,339.77,333.62,335.69,-1.19
1990-03-23,335.69,337.58,335.69,337.22,0.46
1990-03-26,337.22,339.74,337.22,337.63,0.12
1990-03-27,337.63,341.5,337.03,341.5,1.15
1990-03-28,341.5,342.58,340.6,342.0,0.15
1990-03-29,342.0,342.07,339.77,340.79,-0.35
1990-03-30,340.79,341.41,338.21,339.94,-0.25
1990-04-02,339.94,339.94,336.33,338.7,-0.36
1990-04-03,338.7,343.76,338.7,343.64,1.46
1990-04-04,343.64,344.12,340.4,341.09,-0.74
1990-04-05,341.09,342.85,340.63,340.73,-0.11
1990-04-06,340.73,341.73,338.94,340.08,-0.19
1990-04-09,340.08,341.83,339.88,341.37,0.38
1990-04-10,341.37,342.41,340.62,342.07,0.21
1990-04-11,342.07,343.0,341.26,341.92,-0.04
1990-04-12,341.92,344.79,341.91,344.34,0.71
1990-04-16,344.34,347.3,344.17,344.74,0.12
1990-04-17,344.74,345.19,342.06,344.68,-0.02
1990-04-18,344.71,345.33,340.11,340.72,-1.15
1990-04-19,340.72,340.72,337.59,338.09,-0.77
1990-04-20,338.12,338.52,333.41,335.12,-0.88
1990-04-23,335.12,335.12,330.09,331.05,-1.21
1990-04-24,331.22,332.97,329.71,330.36,-0.21
1990-04-25,330.4,332.74,330.36,332.03,0.51
1990-04-26,332.06,333.76,330.67,332.92,0.27
1990-04-27,332.93,333.57,328.71,329.11,-1.14
1990-04-30,329.06,331.31,327.76,330.8,0.51
1990-05-01,330.8,332.83,330.8,332.25,0.44
1990-05-02,332.27,334.48,332.15,334.48,0.67
1990-05-03,334.51,337.02,334.47,335.57,0.33
1990-05-04,335.58,338.46,335.17,338.39,0.84
1990-05-07,338.39,341.07,338.11,340.53,0.63
1990-05-08,340.53,342.03,340.17,342.01,0.43
1990-05-09,342.01,343.08,340.9,342.86,0.25
1990-05-10,342.87,344.98,342.77,343.82,0.28
1990-05-11,343.82,352.31,343.82,352.0,2.38
1990-05-14,352.0,358.41,351.95,354.75,0.78
1990-05-15,354.75,355.09,352.84,354.28,-0.13
1990-05-16,354.27,354.68,351.95,354.0,-0.08
1990-05-17,354.0,356.92,354.0,354.47,0.13
1990-05-18,354.47,354.64,352.52,354.64,0.05
1990-05-21,354.64,359.07,353.78,358.0,0.95
1990-05-22,358.07,360.5,356.51,358.43,0.12
1990-05-23,358.43,359.29,356.99,359.29,0.24
1990-05-24,359.29,359.56,357.87,358.41,-0.24
1990-05-25,358.41,358.41,354.33,354.58,-1.07
1990-05-29,354.56,360.65,354.55,360.65,1.71
1990-05-30,360.65,362.26,360.0,360.86,0.06
1990-05-31,360.86,361.84,360.23,361.23,0.1
1990-06-01,361.26,363.52,361.21,363.16,0.53
1990-06-04,363.16,367.85,362.43,367.4,1.17
1990-06-05,367.4,368.78,365.49,366.64,-0.21
1990-06-06,366.64,366.64,364.42,364.96,-0.46
1990-06-07,364.97,365.92,361.6,363.15,-0.5
1990-06-08,363.15,363.49,357.68,358.71,-1.22
1990-06-11,358.71,361.63,357.7,361.63,0.81
1990-06-12,361.63,367.27,361.15,366.25,1.28
1990-06-13,366.25,367.09,364.51,364.9,-0.37
1990-06-14,364.9,364.9,361.64,362.9,-0.55
1990-06-15,362.89,363.14,360.71,362.91,0.0
1990-06-18,362.91,362.91,356.88,356.88,-1.66
1990-06-19,356.88,358.9,356.18,358.47,0.45
1990-06-20,358.47,359.91,357.0,359.1,0.18
1990-06-21,359.1,360.88,357.63,360.47,0.38
1990-06-22,360.52,363.2,355.31,355.43,-1.4
1990-06-25,355.42,356.41,351.91,352.31,-0.88
1990-06-26,352.32,356.09,351.85,352.06,-0.07
1990-06-27,352.06,355.89,351.23,355.14,0.87
1990-06-28,355.16,357.63,355.14,357.63,0.7
1990-06-29,357.64,359.09,357.3,358.02,0.11
1990-07-02,358.02,359.58,357.54,359.54,0.42
1990-07-03,359.54,360.73,359.44,360.16,0.17
1990-07-05,360.16,360.16,354.86,355.68,-1.24
1990-07-06,355.69,359.02,354.64,358.42,0.77
1990-07-09,358.42,360.05,358.11,359.52,0.31
1990-07-10,359.52,359.74,356.41,356.49,-0.84
1990-07-11,356.49,361.23,356.49,361.23,1.33
1990-07-12,361.23,365.46,360.57,365.44,1.17
1990-07-13,365.45,369.68,365.44,367.31,0.51
1990-07-16,367.31,369.78,367.31,368.95,0.45
1990-07-17,368.95,369.4,364.99,367.52,-0.39
1990-07-18,367.52,367.52,362.95,364.22,-0.9
1990-07-19,364.22,365.32,361.29,365.32,0.3
1990-07-20,365.32,366.64,361.58,361.61,-1.02
1990-07-23,361.61,361.61,350.09,355.31,-1.74
1990-07-24,355.31,356.09,351.46,355.79,0.14
1990-07-25,355.79,357.52,354.8,357.09,0.37
1990-07-26,357.09,357.47,353.95,355.91,-0.33
1990-07-27,355.9,355.94,352.14,353.44,-0.69
1990-07-30,353.44,355.55,351.15,355.55,0.6
1990-07-31,355.55,357.54,353.91,356.15,0.17
1990-08-01,356.15,357.35,353.82,355.52,-0.18
1990-08-02,355.52,355.52,349.73,351.48,-1.14
1990-08-03,351.48,351.48,338.2,344.86,-1.88
1990-08-06,344.86,344.86,333.27,334.43,-3.02
1990-08-07,334.43,338.63,332.22,334.83,0.12
1990-08-08,334.83,339.21,334.83,338.35,1.05
1990-08-09,338.4,340.56,337.56,339.94,0.47
1990-08-10,339.9,339.94,334.22,335.52,-1.3
1990-08-13,335.39,338.88,332.02,338.84,0.99
1990-08-14,338.77,340.96,337.19,339.39,0.16
1990-08-15,339.38,341.92,339.38,340.06,0.2
1990-08-16,340.06,340.06,332.39,332.39,-2.26
1990-08-17,332.36,332.39,324.63,327.83,-1.37
1990-08-20,327.8,329.9,327.07,328.51,0.21
1990-08-21,328.35,328.51,318.78,321.86,-2.02
1990-08-22,321.89,324.15,316.55,316.55,-1.65
1990-08-23,316.53,316.55,306.56,307.06,-3.0
1990-08-24,307.06,311.65,306.18,311.51,1.45
1990-08-27,311.55,323.11,311.55,321.44,3.19
1990-08-28,321.32,322.2,320.25,321.34,-0.03
1990-08-29,321.34,325.83,320.87,324.19,0.89
1990-08-30,324.19,324.57,317.82,318.71,-1.69
1990-08-31,318.71,322.57,316.59,322.56,1.21
1990-09-04,322.56,323.09,319.11,323.09,0.16
1990-09-05,323.09,324.52,320.99,324.39,0.4
1990-09-06,324.39,324.39,319.37,320.46,-1.21
1990-09-07,320.46,324.18,319.71,323.4,0.92
1990-09-10,323.42,326.53,320.31,321.63,-0.55
1990-09-11,321.63,322.18,319.6,321.04,-0.18
1990-09-12,321.04,322.55,319.6,322.54,0.47
1990-09-13,322.51,322.54,318.02,318.65,-1.21
1990-09-14,318.65,318.65,314.76,316.83,-0.57
1990-09-17,315.35,318.05,315.21,317.77,0.3
1990-09-18,317.77,318.85,314.27,318.6,0.26
1990-09-19,318.6,319.35,316.25,316.6,-0.63
1990-09-20,316.6,316.6,310.55,311.48,-1.62
1990-09-21,311.53,312.17,307.98,311.32,-0.05
1990-09-24,311.3,311.32,303.58,304.59,-2.16
1990-09-25,304.93,308.27,304.23,308.26,1.2
1990-09-26,308.26,308.28,303.05,305.06,-1.04
1990-09-27,305.06,307.47,299.1,300.97,-1.34
1990-09-28,300.97,306.05,295.98,306.05,1.69
1990-10-01,306.12,314.94,306.05,314.94,2.9
1990-10-02,315.01,319.69,314.94,315.21,0.09
1990-10-03,315.21,316.26,310.7,311.4,-1.21
1990-10-04,311.4,313.4,308.59,312.69,0.41
1990-10-05,312.69,314.79,305.76,311.5,-0.38
1990-10-08,311.62,315.03,311.5,313.48,0.64
1990-10-09,313.35,313.48,305.09,305.1,-2.67
1990-10-10,305.07,306.43,299.21,300.39,-1.54
1990-10-11,300.47,301.45,294.51,295.46,-1.64
1990-10-12,295.45,301.68,295.22,300.03,1.55
1990-10-15,300.03,304.79,296.41,303.23,1.07
1990-10-16,303.23,304.34,298.12,298.92,-1.42
1990-10-17,298.92,301.5,297.79,298.76,-0.05
1990-10-18,298.75,305.74,298.75,305.74,2.34
1990-10-19,305.74,312.48,305.74,312.48,2.2
1990-10-22,312.45,315.83,310.47,314.76,0.73
1990-10-23,314.76,315.06,312.06,312.36,-0.76
1990-10-24,312.36,313.51,310.74,312.6,0.08
1990-10-25,312.6,313.71,309.7,310.17,-0.78
1990-10-26,310.17,310.17,304.71,304.71,-1.76
1990-10-29,304.74,307.41,300.69,301.88,-0.93
1990-10-30,301.88,304.36,299.44,304.06,0.72
1990-10-31,304.06,305.7,302.33,304.0,-0.02
1990-11-01,303.99,307.27,301.61,307.02,0.99
1990-11-02,307.02,311.94,306.88,311.85,1.57
1990-11-05,311.85,314.61,311.41,314.59,0.88
1990-11-06,314.59,314.76,311.43,311.62,-0.94
1990-11-07,311.62,311.62,305.79,306.01,-1.8
1990-11-08,306.01,309.77,305.03,307.61,0.52
1990-11-09,307.61,313.78,307.61,313.74,1.99
1990-11-12,313.73,319.77,313.73,319.48,1.83
1990-11-13,319.46,319.48,317.26,317.67,-0.57
1990-11-14,317.66,321.7,317.23,320.4,0.86
1990-11-15,320.4,320.4,316.13,317.02,-1.05
1990-11-16,317.02,318.8,314.99,317.12,0.03
1990-11-19,317.19,319.39,317.12,319.34,0.7
1990-11-20,319.29,319.34,315.31,315.31,-1.26
1990-11-21,315.29,316.15,312.42,316.03,0.23
1990-11-23,315.96,317.3,315.06,315.1,-0.29
1990-11-26,314.91,316.51,311.48,316.51,0.45
1990-11-27,316.53,318.69,315.79,318.1,0.5
1990-11-28,318.08,319.96,317.62,317.95,-0.05
1990-11-29,317.95,317.95,315.03,316.42,-0.48
1990-11-30,316.42,323.02,315.42,322.22,1.83
1990-12-03,322.23,324.9,322.23,324.1,0.58
1990-12-04,324.11,326.77,321.97,326.35,0.69
1990-12-05,326.36,329.92,325.66,329.92,1.09
1990-12-06,329.94,333.98,328.37,329.07,-0.26
1990-12-07,329.09,329.39,326.39,327.75,-0.4
1990-12-10,327.72,328.97,326.15,328.89,0.35
1990-12-11,328.88,328.89,325.65,326.44,-0.74
1990-12-12,326.44,330.36,326.44,330.19,1.15
1990-12-13,330.14,330.58,328.77,329.34,-0.26
1990-12-14,328.38,329.34,325.16,326.82,-0.77
1990-12-17,326.77,326.82,324.46,326.02,-0.24
1990-12-18,326.02,330.43,325.75,330.05,1.24
1990-12-19,330.04,330.8,329.39,330.2,0.05
1990-12-20,330.2,330.74,326.94,330.12,-0.02
1990-12-21,330.12,332.47,330.12,331.75,0.49
1990-12-24,331.74,331.74,329.16,329.9,-0.56
1990-12-26,329.89,331.69,329.89,330.85,0.29
1990-12-27,330.85,331.04,328.23,328.29,-0.77
1990-12-28,328.29,328.72,327.24,328.72,0.13
1990-12-31,328.71,330.23,327.5,330.22,0.46
1991-01-02,330.2,330.75,326.45,326.45,-1.14
1991-01-03,326.46,326.53,321.9,321.91,-1.39
1991-01-04,321.91,322.35,318.87,321.0,-0.28
1991-01-07,320.97,321.0,315.44,315.44,-1.73
1991-01-08,315.44,316.97,313.79,314.9,-0.17
1991-01-09,314.9,320.73,310.93,311.49,-1.08
1991-01-10,311.51,314.77,311.49,314.53,0.98
1991-01-11,314.53,315.24,313.59,315.23,0.22
1991-01-14,315.23,315.23,309.35,312.49,-0.87
1991-01-15,312.49,313.73,311.84,313.73,0.4
1991-01-16,313.73,316.94,312.94,316.17,0.78
1991-01-17,316.17,327.97,316.17,327.97,3.73
1991-01-18,327.93,332.23,327.08,332.23,1.3
1991-01-21,332.21,332.23,328.87,331.06,-0.35
1991-01-22,331.06,331.26,327.83,328.31,-0.83
1991-01-23,328.3,331.04,327.93,330.21,0.58
1991-01-24,330.21,335.83,330.19,334.78,1.38
1991-01-25,334.78,336.92,334.2,336.07,0.39
1991-01-28,336.05,337.41,335.81,336.03,-0.01
1991-01-29,336.03,336.03,334.26,335.84,-0.06
1991-01-30,335.8,340.91,335.69,340.91,1.51
1991-01-31,340.92,343.93,340.47,343.93,0.89
1991-02-01,343.91,344.9,340.37,343.05,-0.26
1991-02-04,343.17,348.71,342.96,348.34,1.54
1991-02-05,348.31,351.84,347.21,351.26,0.84
1991-02-06,351.26,358.07,349.58,358.07,1.94
1991-02-07,358.07,363.43,355.53,356.52,-0.43
1991-02-08,356.52,359.35,356.02,359.35,0.79
1991-02-11,359.32,368.58,359.32,368.58,2.57
1991-02-12,368.47,370.54,365.5,365.5,-0.84
1991-02-13,365.45,369.49,364.64,369.02,0.96
1991-02-14,369.03,370.26,362.77,364.22,-1.3
1991-02-15,364.23,369.49,364.23,369.06,1.33
1991-02-19,368.91,370.11,367.05,369.39,0.09
1991-02-20,369.21,369.37,364.38,365.14,-1.15
1991-02-21,365.13,366.79,364.5,364.97,-0.05
1991-02-22,365.04,370.96,364.23,365.65,0.19
1991-02-25,365.65,370.19,365.16,367.26,0.44
1991-02-26,365.34,367.26,362.19,362.81,-1.21
1991-02-27,362.81,368.38,362.81,367.74,1.36
1991-02-28,367.73,369.91,365.95,367.07,-0.18
1991-03-01,367.07,370.47,363.73,370.47,0.93
1991-03-04,370.47,371.99,369.07,369.33,-0.31
1991-03-05,369.33,377.89,369.33,376.72,2.0
1991-03-06,376.72,379.66,375.02,376.17,-0.15
1991-03-07,376.16,377.49,375.58,375.91,-0.07
1991-03-08,375.91,378.69,374.43,374.95,-0.26
1991-03-11,374.76,375.1,372.52,372.99,-0.53
1991-03-12,372.95,374.35,369.55,370.03,-0.79
1991-03-13,370.03,374.65,370.03,374.57,1.23
1991-03-14,374.59,378.28,371.76,373.5,-0.29
1991-03-15,373.5,374.58,370.21,373.59,0.02
1991-03-18,373.53,374.09,369.46,372.11,-0.4
1991-03-19,371.92,372.11,366.54,366.59,-1.48
1991-03-20,366.54,368.85,365.8,367.92,0.36
1991-03-21,367.94,371.01,366.51,366.58,-0.36
1991-03-22,366.49,368.22,365.58,367.48,0.25
1991-03-25,367.48,371.31,367.46,369.83,0.64
1991-03-26,369.83,376.3,369.37,376.3,1.75
1991-03-27,376.3,378.48,374.73,375.35,-0.25
1991-03-28,375.4,376.6,374.4,375.22,-0.03
1991-04-01,374.93,375.22,370.27,371.3,-1.04
1991-04-02,371.38,379.5,371.3,379.5,2.21
1991-04-03,379.62,381.56,378.49,378.94,-0.15
1991-04-04,379.02,381.88,377.05,379.77,0.22
1991-04-05,379.89,381.12,374.15,375.36,-1.16
1991-04-08,375.35,378.76,374.69,378.66,0.88
1991-04-09,378.65,379.02,373.11,373.56,-1.35
1991-04-10,373.57,374.83,371.21,373.15,-0.11
1991-04-11,373.15,379.53,373.15,377.63,1.2
1991-04-12,377.65,381.07,376.89,380.4,0.73
1991-04-15,380.4,382.32,378.78,381.19,0.21
1991-04-16,381.23,387.62,379.64,387.62,1.69
1991-04-17,387.62,391.26,387.3,390.45,0.73
1991-04-18,390.45,390.97,388.13,388.46,-0.51
1991-04-19,388.46,388.46,383.9,384.2,-1.1
1991-04-22,384.13,384.2,380.16,380.95,-0.85
1991-04-23,380.96,383.55,379.67,381.76,0.21
1991-04-24,381.74,383.02,379.99,382.76,0.26
1991-04-25,382.89,382.89,378.43,379.25,-0.92
1991-04-26,379.25,380.11,376.77,379.02,-0.06
1991-04-29,379.01,380.96,373.66,373.66,-1.41
1991-04-30,373.66,377.86,373.01,375.34,0.45
1991-05-01,375.35,380.46,375.27,380.29,1.32
1991-05-02,380.29,382.14,379.82,380.52,0.06
1991-05-03,380.52,381.0,378.82,380.8,0.07
1991-05-06,380.78,380.78,377.86,380.08,-0.19
1991-05-07,380.08,380.91,377.31,377.32,-0.73
1991-05-08,377.33,379.26,376.21,378.51,0.32
1991-05-09,378.51,383.56,378.51,383.25,1.25
1991-05-10,383.26,383.91,375.61,375.74,-1.96
1991-05-13,375.74,377.02,374.62,376.76,0.27
1991-05-14,375.51,376.76,370.82,371.62,-1.36
1991-05-15,371.55,372.47,365.83,368.57,-0.82
1991-05-16,368.57,372.51,368.57,372.19,0.98
1991-05-17,372.19,373.01,369.44,372.39,0.05
1991-05-20,372.39,373.65,371.26,372.28,-0.03
1991-05-21,372.29,376.66,372.28,375.35,0.82
1991-05-22,375.35,376.5,374.4,376.19,0.22
1991-05-23,376.19,378.07,373.55,374.96,-0.33
1991-05-24,374.97,378.08,374.97,377.49,0.67
1991-05-28,377.54,382.1,377.12,381.94,1.18
1991-05-29,381.88,383.66,381.37,382.79,0.22
1991-05-30,382.79,388.17,382.5,386.96,1.09
1991-05-31,386.97,389.85,385.01,389.83,0.74
1991-06-03,389.69,389.83,386.97,388.06,-0.45
1991-06-04,388.0,388.06,385.14,387.74,-0.08
1991-06-05,387.74,388.23,384.45,385.09,-0.68
1991-06-06,385.1,385.85,383.13,383.63,-0.38
1991-06-07,383.63,383.63,378.76,379.43,-1.09
1991-06-10,379.51,379.75,377.95,378.57,-0.23
1991-06-11,378.64,381.63,378.57,381.05,0.66
1991-06-12,381.01,381.05,374.46,376.65,-1.15
1991-06-13,376.69,377.9,376.08,377.63,0.26
1991-06-14,377.75,382.3,377.63,382.29,1.23
1991-06-17,382.31,382.31,380.13,380.13,-0.57
1991-06-18,380.13,381.83,377.99,378.59,-0.41
1991-06-19,378.57,378.59,374.36,375.09,-0.92
1991-06-20,375.09,376.29,373.87,375.42,0.09
1991-06-21,375.42,377.75,375.33,377.75,0.62
1991-06-24,377.74,377.75,370.73,370.94,-1.8
1991-06-25,370.94,372.62,369.56,370.65,-0.08
1991-06-26,370.65,372.73,368.34,371.59,0.25
1991-06-27,371.59,374.4,371.59,374.4,0.76
1991-06-28,374.4,374.4,367.98,371.16,-0.87
1991-07-01,371.18,377.92,371.18,377.92,1.82
1991-07-02,377.79,377.93,376.62,377.47,-0.12
1991-07-03,377.41,377.47,372.08,373.33,-1.1
1991-07-05,373.34,375.51,372.17,374.08,0.2
1991-07-08,373.84,377.94,370.92,377.94,1.03
1991-07-09,378.02,378.58,375.37,376.11,-0.48
1991-07-10,376.11,380.35,375.2,375.74,-0.1
1991-07-11,375.73,377.68,375.51,376.97,0.33
1991-07-12,376.97,381.41,375.79,380.25,0.87
1991-07-15,380.28,383.0,380.24,382.39,0.56
1991-07-16,382.39,382.94,380.8,381.54,-0.22
1991-07-17,381.5,382.86,381.13,381.18,-0.09
1991-07-18,381.18,385.37,381.18,385.37,1.1
1991-07-19,385.38,385.83,383.65,384.22,-0.3
1991-07-22,384.23,384.55,381.84,382.88,-0.35
1991-07-23,382.87,384.86,379.39,379.42,-0.9
1991-07-24,379.42,380.46,378.29,378.64,-0.21
1991-07-25,378.64,381.13,378.15,380.96,0.61
1991-07-26,380.96,381.76,379.81,380.93,-0.01
1991-07-29,380.93,383.15,380.45,383.15,0.58
1991-07-30,383.15,386.92,383.15,386.69,0.92
1991-07-31,386.69,387.81,386.19,387.81,0.29
1991-08-01,387.81,387.95,386.48,387.12,-0.18
1991-08-02,387.12,389.56,386.05,387.18,0.02
1991-08-05,387.17,387.17,384.48,385.06,-0.55
1991-08-06,385.06,390.8,384.29,390.62,1.44
1991-08-07,390.62,391.59,389.86,390.56,-0.02
1991-08-08,390.57,391.8,388.15,389.32,-0.32
1991-08-09,389.32,389.89,387.04,387.12,-0.57
1991-08-12,387.06,388.17,385.9,388.02,0.23
1991-08-13,388.06,392.12,388.02,389.62,0.41
1991-08-14,389.62,391.85,389.13,389.9,0.07
1991-08-15,389.91,391.92,389.29,389.33,-0.15
1991-08-16,389.33,390.41,383.16,385.58,-0.96
1991-08-19,385.29,385.58,374.09,376.47,-2.36
1991-08-20,376.63,380.35,376.47,379.43,0.79
1991-08-21,379.59,390.59,379.43,390.59,2.94
1991-08-22,390.66,391.98,390.21,391.33,0.19
1991-08-23,391.28,395.34,390.69,394.17,0.73
1991-08-26,394.05,394.39,392.75,393.85,-0.08
1991-08-27,393.85,393.87,391.77,393.06,-0.2
1991-08-28,393.06,396.64,393.03,396.64,0.91
1991-08-29,396.65,396.82,395.14,396.47,-0.04
1991-08-30,396.47,396.47,393.6,395.43,-0.26
1991-09-03,395.42,397.62,392.1,392.15,-0.83
1991-09-04,392.15,392.62,388.68,389.97,-0.56
1991-09-05,389.97,390.97,388.49,389.14,-0.21
1991-09-06,389.14,390.71,387.36,389.1,-0.01
1991-09-09,389.11,389.34,387.88,388.57,-0.14
1991-09-10,388.57,388.63,383.78,384.56,-1.03
1991-09-11,384.56,385.6,383.59,385.09,0.14
1991-09-12,385.09,387.34,385.09,387.34,0.58
1991-09-13,387.16,387.95,382.85,383.59,-0.97
1991-09-16,383.59,385.79,382.77,385.78,0.57
1991-09-17,385.78,387.13,384.97,385.5,-0.07
1991-09-18,385.49,386.94,384.28,386.94,0.37
1991-09-19,386.94,389.42,386.27,387.56,0.16
1991-09-20,387.56,388.82,386.49,387.92,0.09
1991-09-23,387.87,388.55,385.76,385.92,-0.52
1991-09-24,386.02,388.13,384.46,387.71,0.46
1991-09-25,387.73,388.25,385.99,386.88,-0.21
1991-09-26,386.87,388.39,385.3,386.49,-0.1
1991-09-27,386.49,389.09,384.87,385.9,-0.15
1991-09-30,385.87,388.29,384.32,387.86,0.51
1991-10-01,387.89,389.56,387.86,389.2,0.35
1991-10-02,389.18,390.03,387.62,388.26,-0.24
1991-10-03,388.13,388.26,384.47,384.47,-0.98
1991-10-04,384.41,385.19,381.24,381.25,-0.84
1991-10-07,381.27,381.27,379.07,379.5,-0.46
1991-10-08,379.58,381.23,379.18,380.67,0.31
1991-10-09,380.41,380.67,376.35,376.8,-1.02
1991-10-10,376.96,380.55,376.11,380.55,1.0
1991-10-11,380.64,381.46,379.9,381.45,0.24
1991-10-14,381.5,386.47,381.45,386.47,1.32
1991-10-15,386.47,391.5,385.95,391.01,1.17
1991-10-16,391.01,393.29,390.14,392.8,0.46
1991-10-17,392.79,393.81,390.32,391.92,-0.22
1991-10-18,391.92,392.8,391.77,392.5,0.15
1991-10-21,392.49,392.5,388.96,390.02,-0.63
1991-10-22,390.02,391.2,387.4,387.83,-0.56
1991-10-23,387.83,389.08,386.52,387.94,0.03
1991-10-24,387.94,388.32,383.45,385.07,-0.74
1991-10-25,385.07,386.13,382.97,384.2,-0.23
1991-10-28,384.49,389.52,384.2,389.52,1.38
1991-10-29,389.54,391.7,386.88,391.48,0.5
1991-10-30,391.46,393.11,390.78,392.96,0.38
1991-10-31,392.96,392.96,391.58,392.45,-0.13
1991-11-01,392.46,395.1,389.67,391.32,-0.29
1991-11-04,391.29,391.32,388.09,390.28,-0.27
1991-11-05,390.28,392.17,388.19,388.71,-0.4
1991-11-06,388.71,389.97,387.58,389.97,0.32
1991-11-07,389.97,393.72,389.97,393.72,0.96
1991-11-08,393.72,396.43,392.42,392.89,-0.21
1991-11-11,392.9,393.57,392.32,393.12,0.06
1991-11-12,393.12,397.13,393.12,396.74,0.92
1991-11-13,396.74,397.42,394.01,397.41,0.17
1991-11-14,397.41,398.22,395.85,397.15,-0.07
1991-11-15,397.15,397.16,382.62,382.62,-3.66
1991-11-18,382.62,385.4,379.69,385.24,0.68
1991-11-19,385.24,385.24,374.9,379.42,-1.51
1991-11-20,379.42,381.51,377.84,378.53,-0.23
1991-11-21,378.53,381.12,377.41,380.06,0.4
1991-11-22,380.05,380.05,374.52,376.14,-1.03
1991-11-25,376.14,377.07,373.96,375.34,-0.21
1991-11-26,375.34,378.29,371.63,377.96,0.7
1991-11-27,377.96,378.11,375.98,376.55,-0.37
1991-11-29,376.55,376.55,374.65,375.22,-0.35
1991-12-02,375.11,381.4,371.36,381.4,1.65
1991-12-03,381.37,381.48,379.92,380.96,-0.12
1991-12-04,380.96,381.51,378.07,380.07,-0.23
1991-12-05,380.07,380.07,376.58,377.39,-0.71
1991-12-06,377.39,382.39,375.41,379.1,0.45
1991-12-09,379.11,381.42,377.67,378.26,-0.22
1991-12-10,378.18,379.57,376.64,377.9,-0.1
1991-12-11,377.9,379.42,374.78,377.7,-0.05
1991-12-12,377.72,381.62,377.7,381.55,1.02
1991-12-13,381.55,385.04,381.55,384.47,0.77
1991-12-16,384.49,385.84,384.37,384.46,0.0
1991-12-17,384.46,385.05,382.6,382.74,-0.45
1991-12-18,382.75,383.51,380.88,383.48,0.19
1991-12-19,383.32,383.48,380.64,382.52,-0.25
1991-12-20,382.63,388.24,382.52,387.04,1.18
1991-12-23,386.96,397.44,386.96,396.82,2.53
1991-12-24,396.92,401.79,396.82,399.33,0.63
1991-12-26,399.33,404.92,399.31,404.84,1.38
1991-12-27,406.11,406.58,404.59,406.46,0.4
1991-12-30,406.6,415.14,406.46,415.14,2.14
1991-12-31,415.13,418.32,412.73,417.09,0.47
1992-01-02,416.96,417.27,411.04,417.26,0.04
1992-01-03,417.27,419.79,416.16,419.34,0.5
1992-01-06,419.23,419.44,416.92,417.96,-0.33
1992-01-07,417.65,417.96,415.2,417.4,-0.13
1992-01-08,417.23,420.23,415.02,418.1,0.17
1992-01-09,418.07,420.5,415.85,417.61,-0.12
1992-01-10,417.39,417.62,413.31,415.1,-0.6
1992-01-13,414.64,415.36,413.54,414.34,-0.18
1992-01-14,414.35,420.44,414.32,420.44,1.47
1992-01-15,420.45,421.18,418.79,420.77,0.08
1992-01-16,420.77,420.85,415.37,418.21,-0.61
1992-01-17,418.2,419.45,416.0,418.86,0.16
1992-01-20,418.86,418.86,415.8,416.36,-0.6
1992-01-21,416.36,416.39,411.32,412.64,-0.89
1992-01-22,412.65,418.13,412.49,418.13,1.33
1992-01-23,418.13,419.78,414.36,414.96,-0.76
1992-01-24,414.96,417.27,414.29,415.48,0.13
1992-01-27,415.44,416.84,414.48,414.99,-0.12
1992-01-28,414.98,416.41,414.54,414.96,-0.01
1992-01-29,414.99,417.83,409.17,410.34,-1.11
1992-01-30,410.34,412.17,409.26,411.62,0.31
1992-01-31,411.65,412.63,408.64,408.79,-0.69
1992-02-03,408.71,409.95,407.45,409.53,0.18
1992-02-04,409.6,413.85,409.28,413.85,1.05
1992-02-05,413.88,416.17,413.18,413.84,0.0
1992-02-06,413.87,414.55,411.93,413.82,0.0
1992-02-07,413.82,415.29,408.04,411.09,-0.66
1992-02-10,411.07,413.77,411.07,413.77,0.65
1992-02-11,413.77,414.38,412.24,413.76,0.0
1992-02-12,413.77,418.08,413.36,417.13,0.81
1992-02-13,417.13,417.77,412.07,413.69,-0.82
1992-02-14,413.69,413.84,411.2,412.48,-0.29
1992-02-18,412.48,413.27,406.34,407.38,-1.24
1992-02-19,407.38,408.7,406.54,408.26,0.22
1992-02-20,408.26,413.9,408.26,413.9,1.38
1992-02-21,413.9,414.26,409.72,411.46,-0.6
1992-02-24,411.46,412.94,410.34,412.27,0.2
1992-02-25,412.27,412.27,408.02,410.45,-0.44
1992-02-26,410.48,415.35,410.48,415.35,1.19
1992-02-27,415.35,415.99,413.47,413.86,-0.36
1992-02-28,413.86,416.07,411.8,412.7,-0.28
1992-03-02,412.68,413.74,411.52,412.45,-0.06
1992-03-03,412.45,413.78,411.88,412.85,0.1
1992-03-04,412.86,413.27,409.33,409.33,-0.85
1992-03-05,409.33,409.33,405.42,406.51,-0.69
1992-03-06,406.51,407.51,403.65,404.44,-0.51
1992-03-09,404.45,405.64,404.25,405.21,0.19
1992-03-10,405.21,409.16,405.21,406.89,0.41
1992-03-11,406.88,407.02,402.64,404.03,-0.7
1992-03-12,404.03,404.72,401.94,403.89,-0.03
1992-03-13,404.79,406.69,403.92,405.84,0.48
1992-03-16,405.85,406.4,403.55,406.39,0.14
1992-03-17,406.39,409.72,406.39,409.58,0.78
1992-03-18,409.58,410.84,408.23,409.15,-0.1
1992-03-19,409.15,410.57,409.12,409.8,0.16
1992-03-20,409.8,411.3,408.53,411.3,0.37
1992-03-23,411.29,411.29,408.87,409.91,-0.34
1992-03-24,409.91,411.43,407.99,408.88,-0.25
1992-03-25,408.88,409.87,407.52,407.52,-0.33
1992-03-26,407.52,409.44,406.75,407.86,0.08
1992-03-27,407.86,407.86,402.87,403.5,-1.07
1992-03-30,403.5,404.3,402.97,403.0,-0.12
1992-03-31,403.03,405.21,402.22,403.69,0.17
1992-04-01,403.67,404.5,400.75,404.23,0.13
1992-04-02,404.17,404.63,399.28,400.5,-0.92
1992-04-03,400.5,401.59,398.21,401.55,0.26
1992-04-06,401.54,405.93,401.52,405.59,1.01
1992-04-07,405.59,405.75,397.97,398.06,-1.86
1992-04-08,398.05,398.05,392.41,394.5,-0.89
1992-04-09,394.5,401.04,394.5,400.64,1.56
1992-04-10,400.59,405.12,400.59,404.29,0.91
1992-04-13,404.28,406.08,403.9,406.08,0.44
1992-04-14,406.08,413.86,406.08,412.39,1.55
1992-04-15,412.39,416.28,412.39,416.28,0.94
1992-04-16,416.28,416.28,413.4,416.04,-0.06
1992-04-20,416.05,416.05,407.93,410.18,-1.41
1992-04-21,410.16,411.09,408.2,410.26,0.02
1992-04-22,410.26,411.3,409.23,409.81,-0.11
1992-04-23,409.81,411.6,406.86,411.6,0.44
1992-04-24,411.6,412.48,408.74,409.02,-0.63
1992-04-27,409.03,409.6,407.64,408.45,-0.14
1992-04-28,408.45,409.69,406.33,409.11,0.16
1992-04-29,409.11,412.31,409.11,412.02,0.71
1992-04-30,412.02,414.95,412.02,414.95,0.71
1992-05-01,414.95,415.21,409.87,412.53,-0.58
1992-05-04,412.54,417.84,412.54,416.91,1.06
1992-05-05,416.91,418.53,415.77,416.84,-0.02
1992-05-06,416.84,418.48,416.4,416.79,-0.01
1992-05-07,416.79,416.84,415.38,415.85,-0.23
1992-05-08,415.87,416.85,414.41,416.05,0.05
1992-05-11,416.05,418.75,416.05,418.49,0.59
1992-05-12,418.49,418.68,414.69,416.29,-0.53
1992-05-13,416.29,417.04,415.86,416.45,0.04
1992-05-14,416.45,416.52,411.82,413.14,-0.79
1992-05-15,413.14,413.14,409.85,410.09,-0.74
1992-05-18,410.09,413.34,410.09,412.81,0.66
1992-05-19,412.82,416.51,412.26,416.37,0.86
1992-05-20,416.37,416.83,415.37,415.39,-0.24
1992-05-21,415.4,415.41,411.57,412.6,-0.67
1992-05-22,412.61,414.82,412.6,414.02,0.34
1992-05-26,414.02,414.02,410.23,411.41,-0.63
1992-05-27,411.41,412.68,411.06,412.17,0.18
1992-05-28,412.17,416.77,411.81,416.74,1.11
1992-05-29,416.74,418.36,415.35,415.35,-0.33
1992-06-01,415.35,417.3,412.44,417.3,0.47
1992-06-02,417.3,417.3,413.5,413.5,-0.91
1992-06-03,413.5,416.54,413.04,414.59,0.26
1992-06-04,414.6,414.98,412.97,413.26,-0.32
1992-06-05,413.26,413.85,410.97,413.48,0.05
1992-06-08,413.48,413.95,412.03,413.36,-0.03
1992-06-09,413.4,413.56,409.3,410.06,-0.8
1992-06-10,410.06,410.1,406.81,407.25,-0.69
1992-06-11,407.25,409.05,406.11,409.05,0.44
1992-06-12,409.08,411.86,409.08,409.76,0.17
1992-06-15,409.76,411.68,408.13,410.29,0.13
1992-06-16,410.29,411.4,408.32,408.32,-0.48
1992-06-17,408.33,408.33,401.98,402.26,-1.48
1992-06-18,402.26,402.68,400.51,400.96,-0.32
1992-06-19,400.96,404.23,400.96,403.67,0.68
1992-06-22,403.64,403.64,399.92,403.4,-0.07
1992-06-23,403.4,405.41,403.4,404.04,0.16
1992-06-24,404.05,404.76,403.26,403.83,-0.05
1992-06-25,403.83,405.53,402.01,403.12,-0.18
1992-06-26,403.12,403.51,401.94,403.45,0.08
1992-06-29,403.47,408.96,403.47,408.94,1.36
1992-06-30,408.94,409.63,407.85,408.14,-0.2
1992-07-01,408.2,412.88,408.2,412.88,1.16
1992-07-02,412.88,415.71,410.07,411.77,-0.27
1992-07-06,411.77,413.84,410.46,413.84,0.5
1992-07-07,413.83,415.33,408.58,409.16,-1.13
1992-07-08,409.15,410.28,407.2,410.28,0.27
1992-07-09,410.28,414.69,410.26,414.23,0.96
1992-07-10,414.23,415.88,413.34,414.62,0.09
1992-07-13,414.62,415.86,413.93,414.87,0.06
1992-07-14,414.86,417.69,414.33,417.68,0.68
1992-07-15,417.68,417.81,416.29,417.1,-0.14
1992-07-16,417.04,417.93,414.79,417.54,0.11
1992-07-17,417.54,417.54,412.96,415.62,-0.46
1992-07-20,415.62,415.62,410.72,413.75,-0.45
1992-07-21,413.75,414.92,413.1,413.76,0.0
1992-07-22,413.74,413.74,409.95,410.93,-0.68
1992-07-23,410.93,412.08,409.81,412.08,0.28
1992-07-24,412.07,412.07,409.93,411.6,-0.12
1992-07-27,411.6,412.55,411.36,411.54,-0.01
1992-07-28,411.55,417.55,411.55,417.52,1.45
1992-07-29,417.52,423.02,417.52,422.23,1.13
1992-07-30,422.2,423.94,421.57,423.92,0.4
1992-07-31,423.92,424.8,422.46,424.22,0.07
1992-08-03,424.19,425.09,422.84,425.09,0.21
1992-08-04,425.09,425.14,423.1,424.36,-0.17
1992-08-05,424.35,424.35,421.92,422.19,-0.51
1992-08-06,422.19,422.36,420.26,420.59,-0.38
1992-08-07,420.59,423.45,418.51,418.88,-0.41
1992-08-10,418.87,419.42,417.04,419.42,0.13
1992-08-11,419.45,419.72,416.53,418.9,-0.12
1992-08-12,418.89,419.75,416.43,417.78,-0.27
1992-08-13,417.78,419.88,416.4,417.73,-0.01
1992-08-14,417.74,420.4,417.74,419.91,0.52
1992-08-17,419.89,421.89,419.44,420.74,0.2
1992-08-18,420.74,421.4,419.78,421.34,0.14
1992-08-19,421.34,421.62,418.19,418.19,-0.75
1992-08-20,418.19,418.85,416.93,418.26,0.02
1992-08-21,418.27,420.35,413.58,414.85,-0.82
1992-08-24,414.8,414.8,410.07,410.72,-1.0
1992-08-25,410.73,411.64,408.3,411.61,0.22
1992-08-26,411.65,413.61,410.53,413.51,0.46
1992-08-27,413.51,415.83,413.51,413.54,0.0
1992-08-28,413.54,414.95,413.38,414.84,0.32
1992-08-31,414.87,415.29,413.76,414.03,-0.2
1992-09-01,414.03,416.07,413.35,416.07,0.49
1992-09-02,416.07,418.28,415.31,417.98,0.46
1992-09-03,417.98,420.31,417.49,417.98,0.0
1992-09-04,417.98,418.62,416.76,417.08,-0.22
1992-09-08,417.07,417.18,414.3,414.44,-0.63
1992-09-09,414.44,416.44,414.44,416.36,0.46
1992-09-10,416.34,420.52,416.34,419.95,0.86
1992-09-11,419.96,420.58,419.13,419.58,-0.09
1992-09-14,419.65,425.27,419.58,425.27,1.36
1992-09-15,425.22,425.27,419.54,419.77,-1.29
1992-09-16,419.71,422.44,417.77,419.92,0.04
1992-09-17,419.98,421.43,419.62,419.93,0.0
1992-09-18,419.92,422.93,419.92,422.93,0.71
1992-09-21,422.9,422.9,421.18,422.14,-0.19
1992-09-22,422.14,422.14,417.13,417.14,-1.18
1992-09-23,417.15,417.88,416.0,417.44,0.07
1992-09-24,417.46,419.01,417.46,418.47,0.25
1992-09-25,418.47,418.63,412.71,414.35,-0.98
1992-09-28,414.27,416.62,413.0,416.62,0.55
1992-09-29,416.62,417.38,415.34,416.8,0.04
1992-09-30,416.79,418.58,416.67,417.8,0.24
1992-10-01,417.8,418.67,415.46,416.29,-0.36
1992-10-02,416.29,416.35,410.45,410.47,-1.4
1992-10-05,410.47,410.47,396.8,407.57,-0.71
1992-10-06,407.57,408.56,404.84,407.18,-0.1
1992-10-07,407.18,408.6,403.91,404.25,-0.72
1992-10-08,404.25,408.04,404.25,407.75,0.87
1992-10-09,407.75,407.75,402.42,402.66,-1.25
1992-10-12,402.66,407.44,402.66,407.44,1.19
1992-10-13,407.44,410.64,406.83,409.3,0.46
1992-10-14,409.3,411.52,407.86,409.37,0.02
1992-10-15,409.34,411.03,407.92,409.6,0.06
1992-10-16,409.64,411.73,407.43,411.73,0.52
1992-10-19,411.7,414.98,410.66,414.98,0.79
1992-10-20,414.98,417.98,414.49,415.48,0.12
1992-10-21,415.53,416.15,414.54,415.67,0.05
1992-10-22,415.67,416.81,413.1,414.9,-0.19
1992-10-23,414.9,416.23,413.68,414.1,-0.19
1992-10-26,414.09,418.17,413.71,418.16,0.98
1992-10-27,418.18,419.2,416.97,418.49,0.08
1992-10-28,418.49,420.13,417.56,420.13,0.39
1992-10-29,420.15,421.16,419.83,420.86,0.17
1992-10-30,420.86,421.13,418.54,418.68,-0.52
1992-11-02,418.66,422.75,418.12,422.75,0.97
1992-11-03,422.75,422.81,418.59,419.92,-0.67
1992-11-04,419.91,421.07,416.61,417.11,-0.67
1992-11-05,417.08,418.4,415.58,418.34,0.29
1992-11-06,418.35,418.35,417.01,417.58,-0.18
1992-11-09,417.08,420.13,416.79,418.59,0.24
1992-11-10,418.59,419.71,417.98,418.62,0.01
1992-11-11,418.61,422.33,418.4,422.2,0.86
1992-11-12,422.2,423.1,421.7,422.87,0.16
1992-11-13,422.89,422.91,421.04,422.43,-0.1
1992-11-16,422.44,422.44,420.35,420.68,-0.41
1992-11-17,420.63,420.97,418.31,419.27,-0.34
1992-11-18,419.27,423.49,419.24,422.85,0.85
1992-11-19,422.86,423.61,422.5,423.61,0.18
1992-11-20,423.61,426.98,423.61,426.65,0.72
1992-11-23,426.62,426.62,424.95,425.12,-0.36
1992-11-24,425.14,429.31,424.83,427.59,0.58
1992-11-25,427.59,429.41,427.58,429.19,0.37
1992-11-27,429.17,431.93,429.17,430.16,0.23
1992-11-30,430.19,431.53,429.36,431.35,0.28
1992-12-01,431.36,431.47,429.2,430.78,-0.13
1992-12-02,430.78,430.87,428.61,429.89,-0.21
1992-12-03,429.98,430.99,428.8,429.91,0.0
1992-12-04,429.93,432.89,429.74,432.06,0.5
1992-12-07,432.06,435.31,432.06,435.31,0.75
1992-12-08,435.31,436.99,434.68,436.99,0.39
1992-12-09,436.99,436.99,433.98,435.65,-0.31
1992-12-10,435.66,435.66,432.65,434.64,-0.23
1992-12-11,434.55,434.55,433.34,433.73,-0.21
1992-12-14,433.73,435.26,432.83,432.84,-0.21
1992-12-15,432.82,433.66,431.92,432.57,-0.06
1992-12-16,432.58,434.22,430.88,431.52,-0.24
1992-12-17,431.52,435.44,431.46,435.43,0.91
1992-12-18,435.46,441.29,435.46,441.28,1.34
1992-12-21,441.26,441.26,439.65,440.7,-0.13
1992-12-22,440.7,441.64,438.25,440.31,-0.09
1992-12-23,440.29,441.11,439.03,439.03,-0.29
1992-12-24,439.03,439.81,439.03,439.77,0.17
1992-12-28,439.77,439.77,437.26,439.15,-0.14
1992-12-29,439.15,442.65,437.6,437.98,-0.27
1992-12-30,437.98,439.37,437.12,438.82,0.19
1992-12-31,438.88,439.59,435.71,435.71,-0.71
1993-01-04,435.7,437.32,434.48,435.38,-0.08
1993-01-05,435.33,435.4,433.55,434.34,-0.24
1993-01-06,434.34,435.17,432.52,434.52,0.04
1993-01-07,434.53,435.46,429.76,430.73,-0.87
1993-01-08,430.72,430.72,426.88,429.05,-0.39
1993-01-11,429.04,431.04,429.03,430.95,0.44
1993-01-12,430.95,431.39,428.19,431.04,0.02
1993-01-13,431.03,433.44,429.99,433.03,0.46
1993-01-14,433.08,435.96,433.08,435.94,0.67
1993-01-15,435.87,439.49,435.84,437.15,0.28
1993-01-18,437.13,437.13,435.92,436.84,-0.07
1993-01-19,436.84,437.7,434.59,435.13,-0.39
1993-01-20,435.14,436.23,433.37,433.37,-0.4
1993-01-21,433.37,435.75,432.48,435.49,0.49
1993-01-22,435.49,437.81,435.49,436.11,0.14
1993-01-25,436.11,440.53,436.11,440.01,0.89
1993-01-26,440.05,442.66,439.54,439.95,-0.01
1993-01-27,439.95,440.04,436.82,438.1,-0.42
1993-01-28,438.13,439.14,437.3,438.66,0.13
1993-01-29,438.67,438.93,436.91,438.78,0.03
1993-02-01,438.79,442.52,438.79,442.52,0.85
1993-02-02,442.52,442.87,440.76,442.55,0.01
1993-02-03,442.57,447.35,442.57,447.2,1.05
1993-02-04,447.24,449.86,447.24,449.56,0.53
1993-02-05,449.5,449.53,446.95,448.93,-0.14
1993-02-08,448.94,450.04,447.7,447.85,-0.24
1993-02-09,448.04,448.04,444.52,445.33,-0.56
1993-02-10,445.33,446.37,444.24,446.23,0.2
1993-02-11,446.21,449.36,446.21,447.66,0.32
1993-02-12,447.64,447.7,444.58,444.58,-0.69
1993-02-16,444.53,444.53,433.47,433.91,-2.4
1993-02-17,433.93,433.97,430.92,433.3,-0.14
1993-02-18,433.3,437.79,428.25,431.9,-0.32
1993-02-19,431.93,434.26,431.68,434.22,0.54
1993-02-22,434.21,436.49,433.53,435.24,0.23
1993-02-23,435.34,436.84,432.41,434.8,-0.1
1993-02-24,434.76,440.87,434.68,440.87,1.4
1993-02-25,440.7,442.34,439.67,442.34,0.33
1993-02-26,442.34,443.77,440.98,443.38,0.24
1993-03-01,443.64,444.18,441.34,442.01,-0.31
1993-03-02,442.0,447.91,441.07,447.9,1.33
1993-03-03,447.89,452.49,447.73,449.26,0.3
1993-03-04,449.26,449.52,446.72,447.34,-0.43
1993-03-05,447.34,449.59,445.56,446.11,-0.27
1993-03-08,446.12,454.71,446.12,454.71,1.93
1993-03-09,454.67,455.52,453.68,454.4,-0.07
1993-03-10,454.4,456.34,452.7,456.34,0.42
1993-03-11,456.35,456.76,453.48,453.72,-0.57
1993-03-12,453.7,453.7,447.04,449.83,-0.86
1993-03-15,449.83,451.43,449.4,451.43,0.36
1993-03-16,451.43,452.36,451.01,451.37,-0.01
1993-03-17,451.36,451.36,447.99,448.31,-0.68
1993-03-18,448.36,452.39,448.36,451.89,0.8
1993-03-19,451.9,453.32,449.91,450.18,-0.38
1993-03-22,450.17,450.17,446.08,448.88,-0.29
1993-03-23,448.88,449.8,448.3,448.76,-0.03
1993-03-24,448.71,450.9,446.1,448.07,-0.15
1993-03-25,448.09,451.75,447.93,450.88,0.63
1993-03-26,450.91,452.09,447.69,447.78,-0.69
1993-03-29,447.76,452.81,447.75,450.69,0.67
1993-03-30,450.79,452.06,449.63,451.97,0.27
1993-03-31,451.97,454.88,451.67,451.67,-0.07
1993-04-01,451.67,452.63,449.6,450.3,-0.3
1993-04-02,450.28,450.28,440.71,441.39,-1.98
1993-04-05,441.42,442.43,440.53,442.29,0.2
1993-04-06,442.29,443.38,439.48,441.16,-0.26
1993-04-07,441.16,442.73,440.5,442.73,0.36
1993-04-08,442.71,443.77,440.02,441.84,-0.2
1993-04-12,441.84,448.37,441.84,448.37,1.48
1993-04-13,448.41,450.4,447.66,449.22,0.19
1993-04-14,449.22,450.0,448.02,448.66,-0.12
1993-04-15,448.6,449.11,446.39,448.4,-0.06
1993-04-16,448.41,449.39,447.67,448.94,0.12
1993-04-19,448.94,449.14,445.85,447.46,-0.33
1993-04-20,447.46,447.46,441.81,445.1,-0.53
1993-04-21,445.09,445.77,443.08,443.63,-0.33
1993-04-22,443.55,445.73,439.46,439.46,-0.94
1993-04-23,439.49,439.49,436.82,437.03,-0.55
1993-04-26,437.0,438.35,432.3,433.54,-0.8
1993-04-27,433.52,438.02,433.14,438.01,1.03
1993-04-28,438.03,438.8,436.68,438.02,0.0
1993-04-29,438.0,438.96,435.59,438.89,0.2
1993-04-30,438.89,442.29,438.89,440.19,0.3
1993-05-03,440.19,442.59,438.25,442.46,0.52
1993-05-04,442.58,445.19,442.45,444.05,0.36
1993-05-05,443.98,446.09,443.76,444.52,0.11
1993-05-06,444.6,444.81,442.9,443.26,-0.28
1993-05-07,443.28,443.7,441.69,442.31,-0.21
1993-05-10,442.34,445.42,442.05,442.8,0.11
1993-05-11,442.8,444.57,441.52,444.36,0.35
1993-05-12,444.32,445.16,442.87,444.8,0.1
1993-05-13,444.75,444.75,439.23,439.23,-1.25
1993-05-14,439.21,439.82,438.1,439.56,0.08
1993-05-17,439.56,440.38,437.83,440.37,0.18
1993-05-18,440.39,441.26,437.95,440.32,-0.01
1993-05-19,440.32,447.86,436.86,447.57,1.65
1993-05-20,447.6,450.59,447.36,450.59,0.67
1993-05-21,450.59,450.59,444.89,445.84,-1.05
1993-05-24,445.83,448.44,445.26,448.0,0.48
1993-05-25,447.97,449.04,447.7,448.85,0.19
1993-05-26,448.82,453.51,448.82,453.44,1.02
1993-05-27,453.47,454.55,451.14,452.41,-0.23
1993-05-28,452.41,452.41,447.67,450.19,-0.49
1993-06-01,450.23,455.63,450.19,453.83,0.81
1993-06-02,453.83,454.53,452.68,453.85,0.0
1993-06-03,453.84,453.85,451.12,452.5,-0.3
1993-06-04,452.43,452.43,448.92,450.06,-0.54
1993-06-07,450.07,450.75,447.32,447.69,-0.53
1993-06-08,447.65,447.65,444.31,444.71,-0.67
1993-06-09,444.71,447.39,444.66,445.78,0.24
1993-06-10,445.78,446.22,444.09,445.38,-0.09
1993-06-11,445.38,448.19,445.38,447.26,0.42
1993-06-14,447.23,448.64,447.23,447.71,0.1
1993-06-15,447.73,448.28,446.18,446.27,-0.32
1993-06-16,446.31,447.43,443.61,447.43,0.26
1993-06-17,447.43,448.98,446.91,448.54,0.25
1993-06-18,448.54,448.59,443.68,443.68,-1.08
1993-06-21,443.68,446.22,443.68,446.22,0.57
1993-06-22,446.25,446.29,444.94,445.93,-0.06
1993-06-23,445.96,445.96,443.19,443.19,-0.61
1993-06-24,443.04,447.21,442.5,446.62,0.77
1993-06-25,446.62,448.64,446.62,447.6,0.22
1993-06-28,447.6,451.9,447.6,451.85,0.95
1993-06-29,451.89,451.9,449.67,450.68,-0.26
1993-06-30,450.69,451.47,450.15,450.53,-0.04
1993-07-01,450.54,451.15,448.71,449.02,-0.34
1993-07-02,449.02,449.02,445.2,445.84,-0.71
1993-07-06,445.86,446.87,441.42,441.43,-0.99
1993-07-07,441.4,443.63,441.4,442.83,0.32
1993-07-08,442.84,448.64,442.84,448.64,1.31
1993-07-09,448.64,448.94,446.74,448.11,-0.12
1993-07-12,448.18,449.11,447.71,448.98,0.19
1993-07-13,449.0,450.7,448.07,448.09,-0.2
1993-07-14,448.08,451.12,448.08,450.08,0.44
1993-07-15,450.09,450.12,447.26,449.22,-0.19
1993-07-16,449.07,449.08,445.66,445.75,-0.77
1993-07-19,445.75,446.78,444.83,446.03,0.06
1993-07-20,446.03,447.63,443.71,447.31,0.29
1993-07-21,447.28,447.5,445.84,447.18,-0.03
1993-07-22,447.18,447.23,443.72,444.51,-0.6
1993-07-23,444.54,447.1,444.54,447.1,0.58
1993-07-26,447.06,449.5,447.04,449.09,0.45
1993-07-27,449.0,449.44,446.76,448.24,-0.19
1993-07-28,448.25,448.61,446.59,447.19,-0.23
1993-07-29,447.19,450.77,447.19,450.24,0.68
1993-07-30,450.19,450.22,446.98,448.13,-0.47
1993-08-02,448.14,450.15,448.03,450.15,0.45
1993-08-03,450.12,450.43,447.59,449.27,-0.2
1993-08-04,449.27,449.72,447.93,448.54,-0.16
1993-08-05,448.55,449.61,446.94,448.13,-0.09
1993-08-06,448.13,449.26,447.87,448.68,0.12
1993-08-09,448.68,451.51,448.31,450.72,0.45
1993-08-10,450.71,450.71,449.1,449.45,-0.28
1993-08-11,449.6,451.0,449.6,450.46,0.22
1993-08-12,450.47,451.63,447.53,448.96,-0.33
1993-08-13,448.97,450.25,448.97,450.14,0.26
1993-08-16,450.25,453.41,450.25,452.38,0.5
1993-08-17,452.38,453.7,451.96,453.13,0.17
1993-08-18,453.21,456.99,453.21,456.04,0.64
1993-08-19,456.01,456.76,455.2,456.43,0.09
1993-08-20,456.51,456.68,454.6,456.16,-0.06
1993-08-23,456.12,456.12,454.29,455.23,-0.2
1993-08-24,455.23,459.77,455.04,459.77,1.0
1993-08-25,459.75,462.04,459.3,460.13,0.08
1993-08-26,460.04,462.87,458.82,461.04,0.2
1993-08-27,461.05,461.05,459.19,460.54,-0.11
1993-08-30,460.54,462.58,460.28,461.9,0.3
1993-08-31,461.9,463.56,461.29,463.56,0.36
1993-09-01,463.55,463.8,461.77,463.15,-0.09
1993-09-02,463.13,463.54,461.07,461.3,-0.4
1993-09-03,461.3,462.05,459.91,461.34,0.01
1993-09-07,461.34,462.07,457.95,458.52,-0.61
1993-09-08,458.53,458.53,453.75,456.65,-0.41
1993-09-09,456.65,458.11,455.17,457.5,0.19
1993-09-10,457.49,461.86,457.49,461.72,0.92
1993-09-13,461.7,463.38,461.41,462.06,0.07
1993-09-14,461.93,461.93,458.15,459.9,-0.47
1993-09-15,459.9,461.96,456.31,461.6,0.37
1993-09-16,461.54,461.54,459.0,459.43,-0.47
1993-09-17,459.43,459.43,457.09,458.83,-0.13
1993-09-20,458.84,459.91,455.0,455.05,-0.82
1993-09-21,455.05,455.8,449.64,452.95,-0.46
1993-09-22,452.94,456.92,452.94,456.2,0.72
1993-09-23,456.25,458.69,456.25,457.74,0.34
1993-09-24,457.74,458.56,456.92,457.63,-0.02
1993-09-27,457.63,461.81,457.63,461.8,0.91
1993-09-28,461.84,462.08,460.91,461.53,-0.06
1993-09-29,461.6,462.17,459.51,460.11,-0.31
1993-09-30,460.11,460.56,458.28,458.93,-0.26
1993-10-01,458.93,461.48,458.35,461.28,0.51
1993-10-04,461.18,461.8,460.02,461.34,0.01
1993-10-05,461.34,463.15,459.45,461.2,-0.03
1993-10-06,461.24,463.6,460.26,460.74,-0.1
1993-10-07,460.71,461.13,459.08,459.18,-0.34
1993-10-08,459.2,460.99,456.4,460.31,0.25
1993-10-11,461.08,461.85,460.52,460.88,0.12
1993-10-12,461.04,462.47,460.73,461.12,0.05
1993-10-13,461.12,461.98,460.76,461.49,0.08
1993-10-14,461.55,466.83,461.55,466.83,1.16
1993-10-15,466.9,471.1,466.9,469.5,0.57
1993-10-18,469.5,470.04,468.02,468.45,-0.22
1993-10-19,468.41,468.64,464.8,466.21,-0.48
1993-10-20,466.21,466.87,464.54,466.07,-0.03
1993-10-21,466.06,466.64,464.38,465.36,-0.15
1993-10-22,465.36,467.82,463.27,463.27,-0.45
1993-10-25,463.27,464.49,462.05,464.2,0.2
1993-10-26,464.2,464.32,462.65,464.3,0.02
1993-10-27,464.3,464.61,463.36,464.61,0.07
1993-10-28,464.52,468.76,464.52,467.73,0.67
1993-10-29,467.72,468.2,467.37,467.83,0.02
1993-11-01,467.33,469.1,467.33,469.1,0.27
1993-11-02,469.1,469.1,466.29,468.44,-0.14
1993-11-03,468.44,468.61,460.95,463.02,-1.16
1993-11-04,463.03,463.16,457.26,457.49,-1.19
1993-11-05,457.47,459.63,454.36,459.57,0.45
1993-11-08,459.57,461.54,458.78,460.21,0.14
1993-11-09,460.21,463.42,460.21,460.33,0.03
1993-11-10,460.4,463.72,459.57,463.72,0.74
1993-11-11,463.72,464.96,462.49,462.64,-0.23
1993-11-12,462.64,465.84,462.64,465.39,0.59
1993-11-15,465.39,466.13,463.01,463.75,-0.35
1993-11-16,463.75,466.74,462.97,466.74,0.64
1993-11-17,466.74,467.24,462.73,464.81,-0.41
1993-11-18,464.83,464.88,461.73,463.62,-0.26
1993-11-19,463.59,463.6,460.03,462.6,-0.22
1993-11-22,462.6,462.6,457.08,459.13,-0.75
1993-11-23,459.13,461.77,458.47,461.03,0.41
1993-11-24,461.03,462.9,461.03,462.36,0.29
1993-11-26,462.36,463.63,462.36,463.06,0.15
1993-11-29,463.06,464.83,461.83,461.9,-0.25
1993-11-30,461.9,463.62,460.45,461.79,-0.02
1993-12-01,461.93,464.47,461.63,461.89,0.02
1993-12-02,461.89,463.22,461.45,463.11,0.26
1993-12-03,463.13,464.89,462.67,464.89,0.38
1993-12-06,464.89,466.89,464.4,466.43,0.33
1993-12-07,466.43,466.77,465.44,466.76,0.07
1993-12-08,466.73,466.73,465.42,466.29,-0.1
1993-12-09,466.29,466.54,463.87,464.18,-0.45
1993-12-10,464.18,464.87,462.66,463.93,-0.05
1993-12-13,463.93,465.71,462.71,465.7,0.38
1993-12-14,465.73,466.12,462.46,463.06,-0.57
1993-12-15,463.07,463.69,461.84,461.84,-0.26
1993-12-16,461.86,463.98,461.86,463.34,0.32
1993-12-17,463.34,466.38,463.34,466.38,0.66
1993-12-20,466.38,466.9,465.53,465.85,-0.11
1993-12-21,465.84,465.92,464.03,465.3,-0.12
1993-12-22,465.08,467.38,465.08,467.32,0.43
1993-12-23,467.3,468.97,467.3,467.38,0.01
1993-12-27,467.4,470.55,467.35,470.54,0.68
1993-12-28,470.61,471.05,469.43,470.94,0.09
1993-12-29,470.88,471.29,469.87,470.58,-0.08
1993-12-30,470.58,470.58,468.09,468.64,-0.41
1993-12-31,468.66,470.75,466.45,466.45,-0.47
1994-01-03,466.51,466.94,464.36,465.44,-0.22
1994-01-04,465.44,466.89,464.44,466.89,0.31
1994-01-05,466.89,467.82,465.92,467.55,0.14
1994-01-06,467.55,469.0,467.02,467.12,-0.09
1994-01-07,467.09,470.26,467.03,469.9,0.6
1994-01-10,469.9,475.27,469.55,475.27,1.14
1994-01-11,475.27,475.28,473.27,474.13,-0.24
1994-01-12,474.13,475.06,472.14,474.17,0.01
1994-01-13,474.17,474.17,471.8,472.47,-0.36
1994-01-14,472.5,475.32,472.5,474.91,0.52
1994-01-17,474.91,474.91,472.84,473.25,-0.34
1994-01-18,473.3,475.19,473.29,474.25,0.2
1994-01-19,473.97,474.7,472.21,474.3,0.01
1994-01-20,474.3,475.0,473.42,474.98,0.14
1994-01-21,475.07,475.56,473.72,474.72,-0.05
1994-01-24,474.72,475.2,471.49,471.97,-0.58
1994-01-25,471.97,472.56,470.27,470.92,-0.22
1994-01-26,470.92,473.44,470.72,473.2,0.48
1994-01-27,473.2,477.52,473.2,477.05,0.81
1994-01-28,477.05,479.75,477.05,478.7,0.35
1994-01-31,478.7,482.85,478.7,481.61,0.61
1994-02-01,481.6,481.64,479.18,479.62,-0.41
1994-02-02,479.62,482.23,479.57,482.0,0.5
1994-02-03,481.96,481.96,478.71,480.71,-0.27
1994-02-04,480.68,481.02,469.28,469.81,-2.27
1994-02-07,469.81,472.09,467.57,471.76,0.42
1994-02-08,471.74,472.33,469.5,471.05,-0.15
1994-02-09,471.05,473.41,471.05,472.77,0.37
1994-02-10,472.81,473.13,468.91,468.93,-0.81
1994-02-11,468.91,471.13,466.89,470.18,0.27
1994-02-14,470.18,471.99,469.05,470.23,0.01
1994-02-15,470.23,473.41,470.23,472.52,0.49
1994-02-16,472.53,474.16,471.94,472.79,0.06
1994-02-17,472.79,475.12,468.44,470.34,-0.52
1994-02-18,470.29,471.09,466.07,467.69,-0.56
1994-02-22,467.69,471.65,467.58,471.46,0.81
1994-02-23,471.48,472.41,469.47,470.69,-0.16
1994-02-24,470.65,470.65,464.26,464.26,-1.37
1994-02-25,464.33,466.48,464.33,466.07,0.39
1994-02-28,466.07,469.16,466.07,467.14,0.23
1994-03-01,467.19,467.43,462.02,464.44,-0.58
1994-03-02,464.4,464.87,457.49,464.81,0.08
1994-03-03,464.81,464.83,462.5,463.01,-0.39
1994-03-04,463.03,466.16,462.41,464.74,0.37
1994-03-07,464.74,468.07,464.74,466.91,0.47
1994-03-08,466.92,467.79,465.02,465.88,-0.22
1994-03-09,465.94,467.42,463.4,467.06,0.25
1994-03-10,467.08,467.29,462.46,463.9,-0.68
1994-03-11,463.86,466.61,462.54,466.44,0.55
1994-03-14,466.44,467.6,466.08,467.39,0.2
1994-03-15,467.36,468.99,466.04,467.01,-0.08
1994-03-16,467.04,469.85,465.48,469.42,0.52
1994-03-17,469.42,471.05,468.62,470.9,0.32
1994-03-18,470.89,471.09,467.83,471.06,0.03
1994-03-21,471.06,471.06,467.23,468.54,-0.53
1994-03-22,468.4,470.47,467.88,468.8,0.06
1994-03-23,468.89,470.38,468.52,468.54,-0.06
1994-03-24,468.57,468.57,462.41,464.35,-0.89
1994-03-25,464.35,465.29,460.58,460.58,-0.81
1994-03-28,460.58,461.12,456.1,460.0,-0.13
1994-03-29,460.03,460.32,452.43,452.48,-1.63
1994-03-30,452.4,452.49,445.55,445.55,-1.53
1994-03-31,445.55,447.16,436.16,445.77,0.05
1994-04-04,445.66,445.66,435.86,438.92,-1.54
1994-04-05,439.14,448.29,439.14,448.29,2.13
1994-04-06,448.29,449.63,444.98,448.05,-0.05
1994-04-07,448.11,451.1,446.38,450.88,0.63
1994-04-08,450.89,450.89,445.51,447.1,-0.84
1994-04-11,447.12,450.34,447.1,449.87,0.62
1994-04-12,449.83,450.8,447.33,447.57,-0.51
1994-04-13,447.63,448.57,442.62,446.26,-0.29
1994-04-14,446.26,447.55,443.57,446.38,0.03
1994-04-15,446.38,447.85,445.81,446.18,-0.04
1994-04-18,446.27,447.87,441.48,442.46,-0.83
1994-04-19,442.54,444.82,438.83,442.54,0.02
1994-04-20,442.54,445.01,439.4,441.96,-0.13
1994-04-21,441.96,449.14,441.96,448.73,1.53
1994-04-22,448.73,449.96,447.16,447.63,-0.25
1994-04-25,447.64,452.71,447.58,452.71,1.13
1994-04-26,452.71,452.79,450.66,451.87,-0.19
1994-04-28,451.84,452.23,447.97,449.1,-0.61
1994-04-29,449.07,451.35,447.91,450.91,0.4
1994-05-02,450.91,453.57,449.05,453.02,0.47
1994-05-03,453.06,453.98,450.51,453.03,0.0
1994-05-04,453.04,453.11,449.87,451.72,-0.29
1994-05-05,451.76,452.82,450.72,451.38,-0.08
1994-05-06,451.37,451.37,445.64,447.82,-0.79
1994-05-09,447.82,447.82,441.84,442.32,-1.23
1994-05-10,442.37,446.84,442.37,446.01,0.83
1994-05-11,446.03,446.03,440.78,441.49,-1.01
1994-05-12,441.5,444.8,441.5,443.75,0.51
1994-05-13,443.62,444.72,441.21,444.14,0.09
1994-05-16,444.15,445.82,443.62,444.49,0.08
1994-05-17,444.49,449.37,443.7,449.37,1.1
1994-05-18,449.39,454.45,448.87,453.69,0.96
1994-05-19,453.69,456.88,453.0,456.48,0.61
1994-05-20,456.48,456.48,454.22,454.92,-0.34
1994-05-23,454.92,454.92,451.79,453.2,-0.38
1994-05-24,453.21,456.77,453.21,454.81,0.36
1994-05-25,454.84,456.34,452.2,456.34,0.34
1994-05-26,456.33,457.77,455.79,457.06,0.16
1994-05-27,457.03,457.33,454.67,457.33,0.06
1994-05-31,457.32,457.61,455.16,456.51,-0.18
1994-06-01,456.5,458.29,453.99,457.63,0.25
1994-06-02,457.62,458.5,457.26,457.65,0.0
1994-06-03,457.65,460.86,456.27,460.13,0.54
1994-06-06,460.13,461.87,458.85,458.88,-0.27
1994-06-07,458.88,459.46,457.65,458.21,-0.15
1994-06-08,458.21,459.74,455.43,457.06,-0.25
1994-06-09,457.06,457.87,455.86,457.86,0.18
1994-06-10,457.86,459.48,457.36,458.67,0.18
1994-06-13,458.67,459.36,457.18,459.1,0.09
1994-06-14,459.1,462.52,459.1,462.37,0.71
1994-06-15,462.38,463.23,459.95,460.61,-0.38
1994-06-16,460.61,461.93,459.8,461.93,0.29
1994-06-17,461.93,462.16,458.44,458.45,-0.75
1994-06-20,458.45,458.45,454.46,455.48,-0.65
1994-06-21,455.48,455.48,449.45,451.34,-0.91
1994-06-22,451.4,453.91,451.4,453.09,0.39
1994-06-23,453.09,454.16,449.43,449.63,-0.76
1994-06-24,449.63,449.63,442.51,442.8,-1.52
1994-06-27,442.78,447.76,439.83,447.31,1.02
1994-06-28,447.36,448.47,443.08,446.07,-0.28
1994-06-29,446.05,449.83,446.04,447.63,0.35
1994-06-30,447.63,448.61,443.66,444.27,-0.75
1994-07-01,444.27,446.45,443.58,446.2,0.43
1994-07-05,446.2,447.62,445.14,446.37,0.04
1994-07-06,446.29,447.28,444.18,446.13,-0.05
1994-07-07,446.15,448.64,446.15,448.38,0.5
1994-07-08,448.38,449.75,446.53,449.55,0.26
1994-07-11,449.56,450.24,445.27,448.06,-0.33
1994-07-12,448.02,448.16,444.65,447.95,-0.02
1994-07-13,448.03,450.06,447.97,448.73,0.17
1994-07-14,448.73,454.33,448.73,453.41,1.04
1994-07-15,453.41,454.33,452.8,454.16,0.17
1994-07-18,454.41,455.71,453.26,455.22,0.23
1994-07-19,455.22,455.3,453.86,453.86,-0.3
1994-07-20,453.89,454.16,450.69,451.6,-0.5
1994-07-21,451.6,453.22,451.0,452.61,0.22
1994-07-22,452.61,454.03,452.33,453.11,0.11
1994-07-25,453.1,454.32,452.76,454.25,0.25
1994-07-26,454.25,454.25,452.78,453.36,-0.2
1994-07-27,453.36,453.38,451.36,452.57,-0.17
1994-07-28,452.57,454.93,452.3,454.24,0.37
1994-07-29,454.25,459.33,454.25,458.26,0.88
1994-08-01,458.28,461.01,458.08,461.01,0.6
1994-08-02,461.01,462.77,459.7,460.56,-0.1
1994-08-03,460.65,461.46,459.51,461.46,0.19
1994-08-04,461.45,461.49,458.4,458.4,-0.66
1994-08-05,458.34,458.34,456.08,457.09,-0.29
1994-08-08,457.08,458.3,457.01,457.89,0.18
1994-08-09,457.89,458.16,456.66,457.92,0.01
1994-08-10,457.98,460.48,457.98,460.3,0.52
1994-08-11,460.31,461.41,456.88,458.88,-0.31
1994-08-12,458.88,462.27,458.88,461.95,0.67
1994-08-15,461.97,463.34,461.21,461.23,-0.15
1994-08-16,461.22,465.2,459.89,465.01,0.82
1994-08-17,465.37,465.91,464.57,465.17,0.03
1994-08-18,465.1,465.1,462.3,463.17,-0.43
1994-08-19,463.25,464.37,461.81,463.68,0.11
1994-08-22,463.61,463.61,461.46,462.31,-0.29
1994-08-23,462.39,466.58,462.39,464.51,0.47
1994-08-24,464.51,469.05,464.51,469.03,0.97
1994-08-25,469.07,470.12,467.64,468.08,-0.2
1994-08-26,468.08,474.65,468.08,473.8,1.22
1994-08-29,473.89,477.14,473.89,474.59,0.17
1994-08-30,474.59,476.61,473.56,476.07,0.31
1994-08-31,476.07,477.59,474.43,475.5,-0.12
1994-09-01,475.49,475.49,471.74,473.17,-0.49
1994-09-02,473.2,474.89,470.67,470.99,-0.46
1994-09-06,471.0,471.92,469.64,471.86,0.18
1994-09-07,471.86,472.41,470.2,470.99,-0.18
1994-09-08,470.96,473.4,470.86,473.14,0.46
1994-09-09,473.13,473.13,466.55,468.18,-1.05
1994-09-12,468.18,468.42,466.15,466.21,-0.42
1994-09-13,466.27,468.76,466.27,467.52,0.28
1994-09-14,467.55,468.86,466.82,468.8,0.28
1994-09-15,468.8,474.81,468.79,474.81,1.28
1994-09-16,474.81,474.81,470.06,471.19,-0.76
1994-09-19,471.21,473.15,470.68,470.85,-0.07
1994-09-20,470.83,470.83,463.36,463.36,-1.59
1994-09-21,463.42,464.01,458.47,461.46,-0.41
1994-09-22,461.45,463.22,460.96,461.27,-0.04
1994-09-23,461.27,462.14,459.01,459.67,-0.35
1994-09-26,459.65,460.87,459.31,460.82,0.25
1994-09-27,460.82,462.75,459.83,462.05,0.27
1994-09-28,462.1,465.55,462.1,464.81,0.6
1994-09-29,464.84,464.84,461.51,462.24,-0.56
1994-09-30,462.27,465.3,461.91,462.71,0.1
1994-10-03,462.69,463.31,460.33,461.74,-0.21
1994-10-04,461.77,462.46,454.03,454.59,-1.55
1994-10-05,454.56,454.56,449.27,453.52,-0.24
1994-10-06,453.52,454.49,452.13,452.36,-0.26
1994-10-07,452.37,455.67,452.13,455.1,0.61
1994-10-10,455.12,459.29,455.12,459.04,0.87
1994-10-11,459.04,466.34,459.04,465.79,1.47
1994-10-12,465.78,466.7,464.79,465.47,-0.07
1994-10-13,465.56,471.3,465.56,467.79,0.5
1994-10-14,467.78,469.53,466.11,469.1,0.28
1994-10-17,469.11,469.88,468.16,468.96,-0.03
1994-10-18,469.02,469.19,466.54,467.66,-0.28
1994-10-19,467.69,471.43,465.96,470.28,0.56
1994-10-20,470.37,470.37,465.39,466.85,-0.73
1994-10-21,466.69,466.69,463.83,464.89,-0.42
1994-10-24,464.89,466.37,460.8,460.83,-0.87
1994-10-25,460.83,461.95,458.26,461.52,0.15
1994-10-26,461.55,463.77,461.22,462.61,0.24
1994-10-27,462.68,465.85,462.68,465.85,0.7
1994-10-28,465.84,473.78,465.8,473.77,1.7
1994-10-31,473.76,474.74,472.33,472.35,-0.3
1994-11-01,472.26,472.26,467.64,468.42,-0.83
1994-11-02,468.41,470.92,466.36,466.51,-0.41
1994-11-03,466.5,468.64,466.4,467.91,0.3
1994-11-04,467.96,469.28,462.28,462.28,-1.2
1994-11-07,462.31,463.56,461.25,463.06,0.17
1994-11-08,463.08,467.52,463.07,465.65,0.56
1994-11-09,465.65,469.95,463.46,465.42,-0.05
1994-11-10,465.4,467.79,463.73,464.35,-0.22
1994-11-11,464.17,464.17,461.45,462.35,-0.43
1994-11-14,462.44,466.29,462.44,466.04,0.8
1994-11-15,466.04,468.51,462.95,465.03,-0.22
1994-11-16,465.06,466.25,464.28,465.62,0.13
1994-11-17,465.71,465.83,461.47,463.57,-0.44
1994-11-18,463.6,463.84,460.25,461.47,-0.45
1994-11-21,461.69,463.41,457.55,458.29,-0.69
1994-11-22,457.95,458.03,450.08,450.08,-1.79
1994-11-23,450.01,450.61,444.18,449.93,-0.04
1994-11-25,449.94,452.87,449.94,452.29,0.52
1994-11-28,452.26,454.19,451.04,454.16,0.41
1994-11-29,454.23,455.17,452.14,455.17,0.22
1994-11-30,455.17,457.13,453.27,453.69,-0.33
1994-12-01,453.55,453.91,447.97,448.92,-1.05
1994-12-02,448.92,453.31,448.0,453.3,0.98
1994-12-05,453.3,455.04,452.06,453.33,0.0
1994-12-06,453.29,453.93,450.35,453.11,-0.05
1994-12-07,453.11,453.11,450.01,451.23,-0.41
1994-12-08,451.23,452.06,444.59,445.45,-1.28
1994-12-09,445.45,446.98,442.88,446.97,0.34
1994-12-12,446.95,449.48,445.62,449.47,0.56
1994-12-13,449.52,451.69,449.43,450.15,0.15
1994-12-14,450.05,456.16,450.05,454.97,1.07
1994-12-15,454.97,456.84,454.5,455.35,0.08
1994-12-16,455.35,458.8,455.35,458.8,0.76
1994-12-19,458.78,458.78,456.64,457.91,-0.19
1994-12-20,458.08,458.45,456.37,457.1,-0.18
1994-12-21,457.24,461.7,457.17,459.61,0.55
1994-12-22,459.62,461.21,459.33,459.68,0.02
1994-12-23,459.7,461.32,459.38,459.83,0.03
1994-12-27,459.85,462.73,459.85,462.47,0.57
1994-12-28,462.47,462.49,459.0,460.86,-0.35
1994-12-29,460.92,461.81,460.36,461.17,0.07
1994-12-30,461.17,462.12,459.24,459.27,-0.41
1995-01-03,459.21,459.21,457.2,459.11,-0.03
1995-01-04,459.13,460.72,457.56,460.71,0.35
1995-01-05,460.73,461.3,459.75,460.34,-0.08
1995-01-06,460.38,462.49,459.47,460.68,0.07
1995-01-09,460.67,461.77,459.74,460.83,0.03
1995-01-10,460.9,464.59,460.9,461.68,0.18
1995-01-11,461.68,463.61,458.65,461.67,0.0
1995-01-12,461.64,461.93,460.63,461.64,0.0
1995-01-13,461.64,466.43,461.64,465.97,0.94
1995-01-16,465.97,470.39,465.97,469.38,0.73
1995-01-17,469.38,470.15,468.19,470.05,0.14
1995-01-18,470.05,470.43,468.03,469.71,-0.07
1995-01-19,469.72,469.72,466.4,466.95,-0.59
1995-01-20,466.95,466.99,463.99,464.78,-0.46
1995-01-23,464.78,466.23,461.14,465.82,0.22
1995-01-24,465.81,466.88,465.47,465.86,0.01
1995-01-25,465.86,469.51,464.4,467.44,0.34
1995-01-26,467.44,468.62,466.9,468.32,0.19
1995-01-27,468.32,471.36,468.32,470.39,0.44
1995-01-30,470.39,470.52,467.49,468.51,-0.4
1995-01-31,468.51,471.03,468.18,470.42,0.41
1995-02-01,470.42,472.75,469.29,470.4,0.0
1995-02-02,470.4,472.79,469.95,472.79,0.51
1995-02-03,472.78,479.91,472.78,478.65,1.24
1995-02-06,478.64,481.95,478.36,481.14,0.52
1995-02-07,481.14,481.32,479.69,480.81,-0.07
1995-02-08,480.81,482.6,480.4,481.19,0.08
1995-02-09,481.19,482.0,479.91,480.19,-0.21
1995-02-10,480.19,481.96,479.53,481.46,0.26
1995-02-13,481.46,482.86,481.07,481.65,0.04
1995-02-14,481.65,482.94,480.89,482.55,0.19
1995-02-15,482.55,485.54,481.77,484.54,0.41
1995-02-16,484.56,485.22,483.05,485.22,0.14
1995-02-17,485.15,485.15,481.97,481.97,-0.67
1995-02-21,481.95,483.26,481.94,482.72,0.16
1995-02-22,482.74,486.15,482.45,485.07,0.49
1995-02-23,485.07,489.19,485.07,486.91,0.38
1995-02-24,486.82,488.28,485.7,488.26,0.25
1995-02-27,488.26,488.26,483.18,483.81,-0.88
1995-02-28,483.81,487.44,483.77,487.39,0.74
1995-03-01,487.39,487.83,484.92,485.65,-0.36
1995-03-02,485.65,485.71,483.19,485.13,-0.11
1995-03-03,485.13,485.42,483.07,485.42,0.06
1995-03-06,485.42,485.7,481.52,485.63,0.04
1995-03-07,485.63,485.63,479.7,482.12,-0.72
1995-03-08,482.12,484.08,481.57,483.14,0.21
1995-03-09,483.14,483.74,482.05,483.16,0.0
1995-03-10,483.16,490.37,483.16,489.57,1.33
1995-03-13,489.57,491.28,489.35,490.05,0.1
1995-03-14,490.05,493.69,490.05,492.89,0.58
1995-03-15,492.89,492.89,490.83,491.88,-0.2
1995-03-16,491.87,495.74,491.78,495.41,0.72
1995-03-17,495.43,496.67,494.95,495.52,0.02
1995-03-20,495.52,496.61,495.27,496.14,0.13
1995-03-21,496.15,499.19,494.04,495.07,-0.22
1995-03-22,495.07,495.67,493.67,495.67,0.12
1995-03-23,495.67,496.77,494.19,495.95,0.06
1995-03-24,496.07,500.97,496.07,500.97,1.01
1995-03-27,500.97,503.2,500.93,503.2,0.45
1995-03-28,503.19,503.91,501.83,503.9,0.14
1995-03-29,503.92,508.15,500.96,503.12,-0.15
1995-03-30,503.17,504.66,501.0,502.22,-0.18
1995-03-31,501.94,501.94,496.31,500.71,-0.3
1995-04-03,500.7,501.91,500.2,501.85,0.23
1995-04-04,501.85,505.26,501.85,505.24,0.68
1995-04-05,505.27,505.57,503.17,505.57,0.07
1995-04-06,505.63,507.1,505.0,506.08,0.1
1995-04-07,506.13,507.19,503.59,506.42,0.07
1995-04-10,506.3,507.01,504.61,507.01,0.12
1995-04-11,507.24,508.85,505.29,505.53,-0.29
1995-04-12,505.59,507.17,505.07,507.17,0.32
1995-04-13,507.19,509.83,507.19,509.23,0.41
1995-04-17,511.07,512.03,505.43,506.13,-0.61
1995-04-18,506.43,507.65,504.12,505.37,-0.15
1995-04-19,505.37,505.89,501.19,504.92,-0.09
1995-04-20,504.92,506.5,503.44,505.29,0.07
1995-04-21,505.63,508.49,505.63,508.49,0.63
1995-04-24,508.49,513.02,507.44,512.89,0.87
1995-04-25,512.8,513.54,511.32,512.15,-0.15
1995-04-26,511.99,513.04,510.47,512.66,0.11
1995-04-27,512.15,513.62,511.63,513.55,0.17
1995-04-28,513.64,515.29,510.9,514.71,0.23
1995-05-01,514.76,515.6,513.42,514.26,-0.09
1995-05-02,514.23,515.18,513.03,514.86,0.12
1995-05-03,514.93,520.54,514.86,520.48,1.09
1995-05-04,520.48,525.4,519.44,520.54,0.01
1995-05-05,520.75,522.35,518.28,520.12,-0.08
1995-05-08,520.09,525.15,519.14,523.96,0.74
1995-05-09,523.96,525.99,521.79,523.56,-0.08
1995-05-10,523.74,524.4,521.53,524.36,0.15
1995-05-11,524.33,524.89,522.7,524.37,0.0
1995-05-12,524.37,527.05,523.3,525.55,0.23
1995-05-15,525.55,527.74,525.0,527.74,0.42
1995-05-16,527.74,529.08,526.45,528.19,0.09
1995-05-17,528.19,528.42,525.38,527.07,-0.21
1995-05-18,526.88,526.88,519.58,519.58,-1.42
1995-05-19,519.58,519.58,517.07,519.19,-0.08
1995-05-22,519.19,524.34,519.19,523.65,0.86
1995-05-23,523.65,528.59,523.65,528.59,0.94
1995-05-24,528.59,531.91,525.57,528.61,0.0
1995-05-25,528.37,529.04,524.89,528.59,0.0
1995-05-26,528.59,528.59,522.51,523.65,-0.93
1995-05-30,523.65,525.58,521.38,523.58,-0.01
1995-05-31,523.7,533.41,522.17,533.4,1.88
1995-06-01,533.4,534.21,530.05,533.49,0.02
1995-06-02,533.49,536.91,529.55,532.51,-0.18
1995-06-05,532.51,537.73,532.47,535.6,0.58
1995-06-06,535.6,537.09,535.14,535.55,-0.01
1995-06-07,535.55,535.55,531.66,533.13,-0.45
1995-06-08,533.13,533.56,531.65,532.35,-0.15
1995-06-09,532.35,532.35,526.0,527.94,-0.83
1995-06-12,527.94,532.54,527.94,530.88,0.56
1995-06-13,530.88,536.23,530.88,536.05,0.97
1995-06-14,536.05,536.48,533.83,536.47,0.08
1995-06-15,536.48,539.07,535.56,537.12,0.12
1995-06-16,537.51,539.98,537.51,539.83,0.5
1995-06-19,539.83,545.22,539.83,545.22,1.0
1995-06-20,545.22,545.44,543.43,544.98,-0.04
1995-06-21,544.98,545.93,543.9,543.98,-0.18
1995-06-22,543.98,551.07,543.98,551.07,1.3
1995-06-23,551.07,551.07,548.23,549.71,-0.25
1995-06-26,549.71,549.79,544.06,544.13,-1.02
1995-06-27,544.11,547.07,542.19,542.43,-0.31
1995-06-28,542.43,546.33,540.72,544.73,0.42
1995-06-29,544.73,546.25,540.79,543.87,-0.16
1995-06-30,543.87,546.82,543.51,544.75,0.16
1995-07-03,544.75,547.1,544.43,547.09,0.43
1995-07-05,547.09,549.98,546.28,547.26,0.03
1995-07-06,547.26,553.99,546.59,553.99,1.23
1995-07-07,553.9,556.57,553.05,556.37,0.43
1995-07-10,556.37,558.48,555.77,557.19,0.15
1995-07-11,556.78,557.19,553.8,554.78,-0.43
1995-07-12,555.27,561.56,554.27,560.89,1.1
1995-07-13,560.89,562.0,559.07,561.0,0.02
1995-07-14,561.0,561.0,556.41,559.89,-0.2
1995-07-17,560.34,562.94,559.45,562.72,0.51
1995-07-18,562.55,562.6,556.86,558.46,-0.76
1995-07-19,556.58,558.46,542.51,550.98,-1.34
1995-07-20,550.98,554.43,549.1,553.54,0.46
1995-07-21,553.34,554.73,550.91,553.62,0.01
1995-07-24,553.62,557.21,553.62,556.63,0.54
1995-07-25,556.63,561.75,556.34,561.1,0.8
1995-07-26,561.1,563.78,560.85,561.61,0.09
1995-07-27,561.61,565.33,561.61,565.22,0.64
1995-07-28,565.22,565.4,562.04,562.93,-0.41
1995-07-31,562.93,563.49,560.06,562.06,-0.15
1995-08-01,562.06,562.11,556.67,559.64,-0.43
1995-08-02,559.64,565.62,557.87,558.8,-0.15
1995-08-03,558.8,558.8,554.1,558.75,-0.01
1995-08-04,558.75,559.57,557.91,558.94,0.03
1995-08-07,558.94,561.24,558.94,560.03,0.2
1995-08-08,560.03,561.52,558.31,560.39,0.06
1995-08-09,560.39,561.59,559.29,559.71,-0.12
1995-08-10,559.71,560.63,556.05,557.45,-0.4
1995-08-11,557.45,558.5,553.04,555.11,-0.42
1995-08-14,555.11,559.74,554.76,559.74,0.83
1995-08-15,559.74,559.98,555.22,558.57,-0.21
1995-08-16,558.57,559.98,557.37,559.97,0.25
1995-08-17,559.97,559.97,557.42,559.04,-0.17
1995-08-18,559.04,561.24,558.34,559.21,0.03
1995-08-21,559.21,563.34,557.89,558.11,-0.2
1995-08-22,558.11,559.52,555.87,559.52,0.25
1995-08-23,559.52,560.0,557.08,557.14,-0.43
1995-08-24,557.14,558.63,555.2,557.46,0.06
1995-08-25,557.46,561.31,557.46,560.1,0.47
1995-08-28,560.1,562.22,557.99,559.05,-0.19
1995-08-29,559.05,560.01,555.71,560.0,0.17
1995-08-30,560.0,561.52,559.49,560.92,0.16
1995-08-31,561.09,562.36,560.49,561.88,0.17
1995-09-01,561.88,564.62,561.01,563.84,0.35
1995-09-05,563.86,569.2,563.86,569.17,0.95
1995-09-06,569.17,570.53,569.0,570.17,0.18
1995-09-07,570.17,571.11,569.23,570.29,0.02
1995-09-08,570.29,572.68,569.27,572.68,0.42
1995-09-11,572.68,575.15,572.68,573.91,0.21
1995-09-12,573.91,576.51,573.11,576.51,0.45
1995-09-13,576.51,579.72,575.47,578.77,0.39
1995-09-14,578.77,583.99,578.77,583.61,0.84
1995-09-15,583.61,585.07,581.79,583.35,-0.04
1995-09-18,583.35,583.37,579.36,582.77,-0.1
1995-09-19,582.78,584.24,580.75,584.2,0.25
1995-09-20,584.2,586.77,584.18,586.77,0.44
1995-09-21,586.77,586.79,580.91,583.0,-0.64
1995-09-22,583.0,583.0,578.25,581.73,-0.22
1995-09-25,581.73,582.14,579.5,581.81,0.01
1995-09-26,581.81,584.66,580.65,581.41,-0.07
1995-09-27,581.41,581.42,574.68,581.04,-0.06
1995-09-28,581.04,585.88,580.69,585.87,0.83
1995-09-29,585.87,587.61,584.0,584.41,-0.25
1995-10-02,584.41,585.05,580.54,581.72,-0.46
1995-10-03,581.72,582.34,578.48,582.34,0.11
1995-10-04,582.34,582.34,579.91,581.47,-0.15
1995-10-05,581.47,582.63,579.58,582.63,0.2
1995-10-06,582.63,584.54,582.1,582.49,-0.02
1995-10-09,582.49,582.49,576.35,578.37,-0.71
1995-10-10,578.37,578.37,571.55,577.52,-0.15
1995-10-11,577.52,579.52,577.08,579.46,0.34
1995-10-12,579.46,583.12,579.46,583.1,0.63
1995-10-13,583.1,587.39,583.1,584.5,0.24
1995-10-16,584.5,584.86,582.63,583.03,-0.25
1995-10-17,583.03,586.78,581.9,586.78,0.64
1995-10-18,586.78,589.76,586.28,587.44,0.11
1995-10-19,587.44,590.66,586.34,590.65,0.55
1995-10-20,590.65,590.66,586.78,587.46,-0.54
1995-10-23,587.46,587.46,583.73,585.06,-0.41
1995-10-24,585.06,587.31,584.75,586.56,0.25
1995-10-25,586.54,587.19,581.41,582.47,-0.69
1995-10-26,582.47,582.63,572.53,576.72,-0.99
1995-10-27,576.72,579.71,573.21,579.7,0.52
1995-10-30,579.7,583.79,579.7,583.25,0.61
1995-10-31,583.25,586.71,581.5,581.5,-0.3
1995-11-01,581.5,584.24,581.04,584.22,0.47
1995-11-02,584.22,589.72,584.22,589.72,0.94
1995-11-03,589.72,590.57,588.65,590.57,0.14
1995-11-06,590.57,590.64,588.31,588.46,-0.36
1995-11-07,588.46,588.46,584.24,586.32,-0.36
1995-11-08,586.32,591.71,586.32,591.71,0.92
1995-11-09,591.71,593.9,590.89,593.26,0.26
1995-11-10,593.26,593.26,590.39,592.72,-0.09
1995-11-13,592.72,593.72,590.58,592.3,-0.07
1995-11-14,592.3,592.3,588.98,589.29,-0.51
1995-11-15,589.29,593.97,588.36,593.96,0.79
1995-11-16,593.96,597.91,593.52,597.34,0.57
1995-11-17,597.34,600.14,597.3,600.07,0.46
1995-11-20,600.07,600.4,596.17,596.85,-0.54
1995-11-21,596.85,600.28,595.42,600.24,0.57
1995-11-22,600.24,600.71,598.4,598.4,-0.31
1995-11-24,598.4,600.24,598.4,599.97,0.26
1995-11-27,599.97,603.35,599.97,601.32,0.23
1995-11-28,601.32,606.45,599.02,606.45,0.85
1995-11-29,606.45,607.66,605.47,607.64,0.2
1995-11-30,607.64,608.69,605.37,605.37,-0.37
1995-12-01,605.37,608.11,605.37,606.98,0.27
1995-12-04,606.98,613.83,606.84,613.68,1.1
1995-12-05,613.68,618.48,613.14,617.68,0.65
1995-12-06,617.68,621.11,616.69,620.18,0.4
1995-12-07,620.18,620.19,615.21,616.17,-0.65
1995-12-08,616.17,617.82,614.32,617.48,0.21
1995-12-11,617.48,620.9,617.14,619.52,0.33
1995-12-12,619.52,619.55,617.68,618.78,-0.12
1995-12-13,618.78,622.02,618.27,621.69,0.47
1995-12-14,621.69,622.88,616.13,616.92,-0.77
1995-12-15,616.92,617.72,614.46,616.34,-0.09
1995-12-18,616.34,616.34,606.13,606.81,-1.55
1995-12-19,606.81,611.94,605.05,611.93,0.84
1995-12-20,611.93,614.27,605.93,605.94,-0.98
1995-12-21,605.94,610.52,605.94,610.49,0.75
1995-12-22,610.49,613.5,610.45,611.96,0.24
1995-12-26,611.96,614.5,611.96,614.3,0.38
1995-12-27,614.3,615.73,613.75,614.53,0.04
1995-12-28,614.53,615.5,612.4,614.12,-0.07
1995-12-29,614.12,615.93,612.36,615.93,0.29
1996-01-02,615.93,620.74,613.17,620.73,0.78
1996-01-03,620.73,623.25,619.56,621.32,0.1
1996-01-04,621.32,624.49,613.96,617.7,-0.58
1996-01-05,617.7,617.7,612.02,616.71,-0.16
1996-01-08,616.71,618.46,616.49,618.46,0.28
1996-01-09,618.46,619.15,608.21,609.45,-1.46
1996-01-10,609.45,609.45,597.29,598.48,-1.8
1996-01-11,598.48,602.71,597.54,602.69,0.7
1996-01-12,602.69,604.8,597.46,601.81,-0.15
1996-01-15,601.81,603.43,598.47,599.82,-0.33
1996-01-16,599.82,608.44,599.05,608.44,1.44
1996-01-17,608.44,609.93,604.7,606.37,-0.34
1996-01-18,606.37,608.27,604.12,608.24,0.31
1996-01-19,608.24,612.92,606.76,611.83,0.59
1996-01-22,611.83,613.45,610.95,613.4,0.26
1996-01-23,613.4,613.4,610.65,612.79,-0.1
1996-01-24,612.79,619.96,612.79,619.96,1.17
1996-01-25,619.96,620.15,616.62,617.03,-0.47
1996-01-26,617.03,621.7,615.26,621.62,0.74
1996-01-29,621.62,624.22,621.42,624.22,0.42
1996-01-30,624.22,630.29,624.22,630.15,0.95
1996-01-31,630.15,636.18,629.48,636.02,0.93
1996-02-01,636.02,638.46,634.54,638.46,0.38
1996-02-02,638.46,639.26,634.29,635.85,-0.41
1996-02-05,635.84,641.43,633.71,641.43,0.88
1996-02-06,641.43,646.67,639.68,646.33,0.76
1996-02-07,646.33,649.93,645.59,649.93,0.56
1996-02-08,649.93,656.54,647.93,656.07,0.94
1996-02-09,656.07,661.08,653.64,656.37,0.05
1996-02-12,656.37,662.95,656.34,661.45,0.77
1996-02-13,661.45,664.23,657.92,660.51,-0.14
1996-02-14,660.51,661.53,654.36,655.58,-0.75
1996-02-15,655.58,656.84,651.15,651.32,-0.65
1996-02-16,651.32,651.42,646.99,647.98,-0.51
1996-02-20,647.98,647.98,638.79,640.65,-1.13
1996-02-21,640.65,648.11,640.65,648.1,1.16
1996-02-22,648.1,659.75,648.1,658.86,1.66
1996-02-23,658.86,663.0,652.25,659.08,0.03
1996-02-26,659.08,659.08,650.16,650.46,-1.31
1996-02-27,650.46,650.62,643.87,647.24,-0.5
1996-02-28,647.24,654.39,643.99,644.75,-0.38
1996-02-29,644.75,646.95,639.01,640.43,-0.67
1996-03-01,640.43,644.38,635.0,644.37,0.62
1996-03-04,644.37,653.54,644.37,650.81,1.0
1996-03-05,650.81,655.8,648.77,655.79,0.77
1996-03-06,655.79,656.97,651.61,652.0,-0.58
1996-03-07,652.0,653.65,649.54,653.65,0.25
1996-03-08,653.65,653.65,627.63,633.5,-3.08
1996-03-11,633.5,640.41,629.95,640.02,1.03
1996-03-12,640.02,640.02,628.82,637.09,-0.46
1996-03-13,637.09,640.52,635.19,638.55,0.23
1996-03-14,638.55,644.17,638.55,640.87,0.36
1996-03-15,640.87,642.87,638.35,641.43,0.09
1996-03-18,641.43,652.65,641.43,652.65,1.75
1996-03-19,652.65,656.18,649.8,651.69,-0.15
1996-03-20,651.69,653.13,645.57,649.98,-0.26
1996-03-21,649.98,651.54,648.1,649.19,-0.12
1996-03-22,649.19,652.08,649.19,650.62,0.22
1996-03-25,650.62,655.5,648.82,650.04,-0.09
1996-03-26,650.04,654.31,648.15,652.97,0.45
1996-03-27,652.97,653.94,647.6,648.91,-0.62
1996-03-28,648.91,649.58,646.36,648.94,0.0
1996-03-29,648.94,650.96,644.89,645.5,-0.53
1996-04-01,645.5,653.87,645.5,653.73,1.27
1996-04-02,653.73,655.27,652.81,655.26,0.23
1996-04-03,655.26,655.89,651.81,655.88,0.09
1996-04-04,655.88,656.68,654.89,655.86,0.0
1996-04-08,655.86,655.86,638.04,644.24,-1.77
1996-04-09,644.24,646.33,640.84,642.19,-0.32
1996-04-10,642.19,642.78,631.76,633.5,-1.35
1996-04-11,633.5,635.26,624.14,631.18,-0.37
1996-04-12,631.18,637.14,631.18,636.71,0.88
1996-04-15,636.71,642.49,636.71,642.49,0.91
1996-04-16,642.49,645.57,642.15,645.0,0.39
1996-04-17,645.0,645.0,638.71,641.61,-0.53
1996-04-18,641.61,644.66,640.76,643.61,0.31
1996-04-19,643.61,647.32,643.61,645.07,0.23
1996-04-22,645.07,650.91,645.07,647.89,0.44
1996-04-23,647.89,651.59,647.7,651.58,0.57
1996-04-24,651.58,653.37,648.25,650.17,-0.22
1996-04-25,650.17,654.18,647.06,652.87,0.42
1996-04-26,652.87,656.43,651.96,653.46,0.09
1996-04-29,653.46,654.71,651.6,654.16,0.11
1996-04-30,654.16,654.59,651.05,654.17,0.0
1996-05-01,654.17,656.44,652.26,654.58,0.06
1996-05-02,654.58,654.58,642.13,643.38,-1.71
1996-05-03,643.38,648.45,640.23,641.63,-0.27
1996-05-06,641.63,644.64,636.19,640.81,-0.13
1996-05-07,640.81,641.4,636.96,638.26,-0.4
1996-05-08,638.26,644.79,630.07,644.78,1.02
1996-05-09,644.77,647.95,643.18,645.44,0.1
1996-05-10,645.44,653.0,645.44,652.09,1.03
1996-05-13,652.09,662.16,652.09,661.51,1.44
1996-05-14,661.51,666.96,661.51,665.6,0.62
1996-05-15,665.6,669.82,664.46,665.42,-0.03
1996-05-16,665.42,667.11,662.79,664.85,-0.09
1996-05-17,664.85,669.84,664.85,668.91,0.61
1996-05-20,668.91,673.66,667.64,673.15,0.63
1996-05-21,673.15,675.56,672.26,672.76,-0.06
1996-05-22,672.76,678.42,671.23,678.42,0.84
1996-05-23,678.42,681.1,673.45,676.0,-0.36
1996-05-24,676.0,679.72,676.0,678.51,0.37
1996-05-28,678.51,679.98,671.52,672.23,-0.93
1996-05-29,672.23,673.73,666.09,667.93,-0.64
1996-05-30,667.93,673.51,664.56,671.7,0.56
1996-05-31,671.7,673.46,667.0,669.12,-0.38
1996-06-03,669.12,669.12,665.19,667.68,-0.22
1996-06-04,667.68,672.6,667.68,672.56,0.73
1996-06-05,672.56,678.45,672.09,678.44,0.87
1996-06-06,678.44,680.32,673.02,673.03,-0.8
1996-06-07,672.55,673.31,662.48,673.31,0.04
1996-06-10,673.31,673.61,670.15,672.16,-0.17
1996-06-11,672.16,676.72,669.94,670.97,-0.18
1996-06-12,670.97,673.67,668.77,669.04,-0.29
1996-06-13,669.04,670.54,665.49,667.92,-0.17
1996-06-14,667.92,668.4,664.35,665.85,-0.31
1996-06-17,665.85,668.27,664.09,665.16,-0.1
1996-06-18,665.16,666.36,661.34,662.06,-0.47
1996-06-19,662.06,665.62,661.21,661.96,-0.02
1996-06-20,661.96,664.96,658.75,662.1,0.02
1996-06-21,662.1,666.84,662.1,666.84,0.72
1996-06-24,666.84,671.07,666.84,668.85,0.3
1996-06-25,668.85,670.65,667.29,668.48,-0.06
1996-06-26,668.48,668.49,663.67,664.39,-0.61
1996-06-27,664.39,668.9,661.56,668.55,0.63
1996-06-28,668.55,672.68,668.55,670.63,0.31
1996-07-01,670.63,675.88,670.63,675.88,0.78
1996-07-02,675.88,675.88,672.55,673.61,-0.34
1996-07-03,673.61,673.64,670.21,672.4,-0.18
1996-07-05,672.4,672.4,657.41,657.44,-2.22
1996-07-08,657.44,657.65,651.13,652.54,-0.75
1996-07-09,652.54,656.6,652.54,654.75,0.34
1996-07-10,654.75,656.27,648.39,656.06,0.2
1996-07-11,656.06,656.06,639.52,645.67,-1.58
1996-07-12,645.67,647.64,640.21,646.19,0.08
1996-07-15,646.19,646.19,629.69,629.8,-2.54
1996-07-16,629.8,631.99,605.88,628.37,-0.23
1996-07-17,628.37,636.61,628.37,634.07,0.91
1996-07-18,634.07,644.44,633.29,643.56,1.5
1996-07-19,643.51,643.51,635.5,638.73,-0.75
1996-07-22,638.73,638.73,630.38,633.77,-0.78
1996-07-23,633.79,637.7,625.65,626.87,-1.09
1996-07-24,626.19,629.1,616.43,626.65,-0.04
1996-07-25,626.65,633.57,626.65,631.17,0.72
1996-07-26,631.18,636.23,631.18,635.9,0.75
1996-07-29,635.9,635.9,630.9,630.91,-0.78
1996-07-30,630.91,635.26,629.22,635.26,0.69
1996-07-31,635.26,640.54,633.74,639.95,0.74
1996-08-01,639.95,650.66,639.49,650.02,1.57
1996-08-02,650.02,662.49,650.02,662.49,1.92
1996-08-05,662.49,663.64,659.03,660.23,-0.34
1996-08-06,660.23,662.75,656.83,662.38,0.33
1996-08-07,662.38,664.61,660.0,664.16,0.27
1996-08-08,664.16,664.17,661.28,662.59,-0.24
1996-08-09,662.59,665.37,660.31,662.1,-0.07
1996-08-12,662.1,665.77,658.95,665.77,0.55
1996-08-13,663.68,664.31,659.13,660.2,-0.84
1996-08-14,660.2,662.42,658.47,662.05,0.28
1996-08-15,662.05,664.18,660.64,662.28,0.03
1996-08-16,662.28,666.34,662.26,665.21,0.44
1996-08-19,665.21,667.12,665.0,666.58,0.21
1996-08-20,666.58,666.99,665.15,665.69,-0.13
1996-08-21,665.69,665.69,662.16,665.07,-0.09
1996-08-22,665.07,670.68,664.88,670.68,0.84
1996-08-23,670.68,670.68,664.93,667.03,-0.54
1996-08-26,667.03,667.03,662.36,663.88,-0.47
1996-08-27,663.88,666.4,663.5,666.4,0.38
1996-08-28,666.4,667.41,664.39,664.81,-0.24
1996-08-29,664.81,664.81,655.35,657.4,-1.11
1996-08-30,657.4,657.71,650.52,651.99,-0.82
1996-09-03,651.99,655.13,643.97,654.72,0.42
1996-09-04,654.72,655.82,652.93,655.61,0.14
1996-09-05,655.61,655.61,648.89,649.44,-0.94
1996-09-06,649.44,658.21,649.44,655.68,0.96
1996-09-09,655.68,663.77,655.68,663.76,1.23
1996-09-10,663.76,665.57,661.55,663.81,0.01
1996-09-11,663.81,667.73,661.79,667.28,0.52
1996-09-12,667.28,673.07,667.28,671.15,0.58
1996-09-13,671.15,681.39,671.15,680.54,1.4
1996-09-16,680.54,686.48,680.53,683.98,0.51
1996-09-17,683.98,685.8,679.96,682.94,-0.15
1996-09-18,682.94,683.77,679.75,681.47,-0.22
1996-09-19,681.47,684.07,679.06,683.0,0.22
1996-09-20,683.0,687.07,683.0,687.02,0.59
1996-09-23,687.03,687.03,681.01,686.48,-0.08
1996-09-24,686.48,690.88,683.54,685.61,-0.13
1996-09-25,685.61,688.26,684.92,685.83,0.03
1996-09-26,685.83,690.15,683.77,685.86,0.0
1996-09-27,685.86,687.11,683.73,686.19,0.05
1996-09-30,686.19,690.11,686.03,687.31,0.17
1996-10-01,687.31,689.54,684.44,689.08,0.25
1996-10-02,689.08,694.82,689.08,694.01,0.72
1996-10-03,694.01,694.81,691.78,692.78,-0.18
1996-10-04,692.78,701.74,692.78,701.46,1.25
1996-10-07,701.46,704.17,701.39,703.38,0.27
1996-10-08,703.34,705.76,699.88,700.64,-0.38
1996-10-09,700.64,702.36,694.42,696.74,-0.56
1996-10-10,696.74,696.82,693.34,694.61,-0.31
1996-10-11,694.61,700.67,694.61,700.66,0.87
1996-10-14,700.66,705.16,700.66,703.54,0.41
1996-10-15,703.54,708.07,699.07,702.57,-0.14
1996-10-16,702.57,704.42,699.15,704.41,0.26
1996-10-17,705.0,708.52,704.76,706.99,0.37
1996-10-18,706.99,711.04,706.11,710.82,0.54
1996-10-21,710.82,714.1,707.71,709.85,-0.14
1996-10-22,709.85,709.85,704.55,706.57,-0.46
1996-10-23,706.57,707.31,700.98,707.27,0.1
1996-10-24,707.27,708.25,702.11,702.29,-0.7
1996-10-25,702.29,704.11,700.53,700.92,-0.2
1996-10-28,700.92,705.4,697.25,697.26,-0.52
1996-10-29,697.26,703.25,696.22,701.5,0.61
1996-10-30,701.5,703.44,700.05,700.9,-0.09
1996-10-31,700.9,706.61,700.35,705.27,0.62
1996-11-01,705.27,708.6,701.3,703.77,-0.21
1996-11-04,703.77,707.02,702.84,706.73,0.42
1996-11-05,706.73,714.56,706.73,714.14,1.05
1996-11-06,714.14,724.6,712.83,724.59,1.46
1996-11-07,724.59,729.49,722.23,727.65,0.42
1996-11-08,727.65,730.82,725.22,730.82,0.44
1996-11-11,730.82,732.6,729.94,731.87,0.14
1996-11-12,731.87,733.04,728.2,729.56,-0.32
1996-11-13,729.56,732.11,728.03,731.13,0.22
1996-11-14,731.13,735.99,729.2,735.88,0.65
1996-11-15,735.88,741.92,735.15,737.62,0.24
1996-11-18,737.62,739.24,734.39,737.02,-0.08
1996-11-19,737.02,742.18,736.87,742.16,0.7
1996-11-20,742.16,746.99,740.4,743.95,0.24
1996-11-21,743.95,745.2,741.08,742.75,-0.16
1996-11-22,742.75,748.73,742.75,748.73,0.81
1996-11-25,748.73,757.05,747.99,757.03,1.11
1996-11-26,757.03,762.12,752.83,755.96,-0.14
1996-11-27,755.96,757.3,753.18,755.0,-0.13
1996-11-29,755.0,758.27,755.0,757.02,0.27
1996-12-02,757.02,757.03,751.49,756.56,-0.06
1996-12-03,756.56,761.75,747.58,748.28,-1.09
1996-12-04,748.28,748.4,738.46,745.1,-0.42
1996-12-05,745.1,747.65,742.61,744.38,-0.1
1996-12-06,744.38,744.38,726.89,739.6,-0.64
1996-12-09,739.6,749.76,739.6,749.76,1.37
1996-12-10,749.76,753.43,747.02,747.54,-0.3
1996-12-11,747.54,747.54,732.75,740.73,-0.91
1996-12-12,740.73,744.86,729.3,729.3,-1.54
1996-12-13,729.33,731.47,721.88,728.64,-0.09
1996-12-16,728.64,732.68,719.4,720.98,-1.05
1996-12-17,720.98,727.67,716.69,726.04,0.7
1996-12-18,726.04,732.76,726.04,731.54,0.76
1996-12-19,731.54,746.06,731.54,745.76,1.94
1996-12-20,745.76,755.41,745.76,748.87,0.42
1996-12-23,748.87,750.4,743.28,746.92,-0.26
1996-12-24,746.92,751.03,746.92,751.03,0.55
1996-12-26,751.02,757.07,751.02,755.82,0.64
1996-12-27,755.82,758.75,754.82,756.79,0.13
1996-12-30,756.79,759.2,752.73,753.85,-0.39
1996-12-31,753.85,753.95,740.74,740.74,-1.74
1997-01-02,740.74,742.81,729.55,737.01,-0.5
1997-01-03,737.01,748.24,737.01,748.03,1.5
1997-01-06,748.03,753.31,743.82,747.65,-0.05
1997-01-07,747.65,753.26,742.18,753.23,0.75
1997-01-08,753.23,755.72,747.71,748.41,-0.64
1997-01-09,748.41,757.68,748.41,754.85,0.86
1997-01-10,754.85,759.65,746.92,759.5,0.62
1997-01-13,759.5,762.85,756.69,759.51,0.0
1997-01-14,759.51,772.04,759.51,768.86,1.23
1997-01-15,768.86,770.95,763.72,767.2,-0.22
1997-01-16,767.2,772.05,765.25,769.75,0.33
1997-01-17,769.75,776.37,769.72,776.17,0.83
1997-01-20,776.17,780.08,774.19,776.7,0.07
1997-01-21,776.7,783.72,772.0,782.72,0.78
1997-01-22,782.72,786.23,779.56,786.23,0.45
1997-01-23,786.23,794.67,776.64,777.56,-1.1
1997-01-24,777.53,778.21,768.17,770.52,-0.91
1997-01-27,770.52,771.43,764.18,765.02,-0.71
1997-01-28,765.02,776.32,761.75,765.02,0.0
1997-01-29,765.02,772.7,765.02,772.5,0.98
1997-01-30,772.5,784.17,772.5,784.17,1.51
1997-01-31,784.17,791.86,784.17,786.16,0.25
1997-02-03,786.16,787.14,783.12,786.73,0.07
1997-02-04,786.73,789.28,783.68,789.26,0.32
1997-02-05,789.26,792.71,773.43,778.28,-1.39
1997-02-06,778.28,780.35,774.45,780.15,0.24
1997-02-07,780.15,789.72,778.19,789.56,1.21
1997-02-10,789.56,793.46,784.69,785.43,-0.52
1997-02-11,785.43,789.6,780.95,789.59,0.53
1997-02-12,789.59,802.77,789.59,802.77,1.67
1997-02-13,802.77,812.93,802.77,811.82,1.13
1997-02-14,811.82,812.2,808.15,808.48,-0.41
1997-02-18,808.48,816.29,806.34,816.29,0.97
1997-02-19,816.29,817.68,811.2,812.49,-0.47
1997-02-20,812.49,812.49,800.35,802.8,-1.19
1997-02-21,802.8,804.94,799.99,801.77,-0.13
1997-02-24,801.77,810.64,798.42,810.28,1.06
1997-02-25,810.28,812.85,807.65,812.1,0.22
1997-02-26,812.1,812.7,798.13,805.68,-0.78
1997-02-27,805.68,805.68,795.06,795.07,-1.32
1997-02-28,795.07,795.7,788.5,790.82,-0.53
1997-03-03,790.82,795.31,785.66,795.31,0.57
1997-03-04,795.31,798.93,789.98,790.95,-0.55
1997-03-05,790.95,801.99,790.95,801.99,1.4
1997-03-06,801.99,804.11,797.5,798.56,-0.43
1997-03-07,798.56,808.19,798.56,804.97,0.8
1997-03-10,804.97,813.66,803.66,813.65,1.08
1997-03-11,813.65,814.9,810.77,811.34,-0.28
1997-03-12,811.34,811.34,801.07,804.26,-0.87
1997-03-13,804.26,804.26,789.44,789.56,-1.83
1997-03-14,789.56,796.88,789.56,793.17,0.46
1997-03-17,793.17,796.28,782.98,795.71,0.32
1997-03-18,795.71,797.18,785.47,789.66,-0.76
1997-03-19,789.66,791.59,780.03,785.77,-0.49
1997-03-20,785.77,786.29,778.04,782.65,-0.4
1997-03-21,782.65,786.44,782.65,784.1,0.19
1997-03-24,784.1,791.01,780.79,790.89,0.87
1997-03-25,790.89,798.11,788.39,789.07,-0.23
1997-03-26,789.07,794.89,786.77,790.5,0.18
1997-03-27,790.5,792.58,767.32,773.88,-2.1
1997-03-31,773.88,773.88,756.13,757.12,-2.17
1997-04-01,757.12,761.49,751.26,759.64,0.33
1997-04-02,759.64,759.65,747.59,750.11,-1.25
1997-04-03,750.11,751.04,744.4,750.32,0.03
1997-04-04,750.32,757.9,744.04,757.9,1.01
1997-04-07,757.9,764.82,757.9,762.13,0.56
1997-04-08,762.13,766.25,758.36,766.12,0.52
1997-04-09,766.12,769.53,759.15,760.6,-0.72
1997-04-10,760.6,763.73,757.65,758.34,-0.3
1997-04-11,758.34,758.34,737.64,737.65,-2.73
1997-04-14,737.65,743.73,733.54,743.73,0.82
1997-04-15,743.73,754.72,743.73,754.72,1.48
1997-04-16,754.72,763.53,751.99,763.53,1.17
1997-04-17,763.53,768.55,760.49,761.77,-0.23
1997-04-18,761.77,767.93,761.77,766.34,0.6
1997-04-21,766.34,767.39,756.38,760.37,-0.78
1997-04-22,760.37,774.64,759.9,774.61,1.87
1997-04-23,774.61,778.19,771.9,773.64,-0.13
1997-04-24,773.64,779.89,769.72,771.18,-0.32
1997-04-25,771.18,771.18,764.63,765.37,-0.75
1997-04-28,765.37,773.89,763.3,772.96,0.99
1997-04-29,772.96,794.44,772.96,794.05,2.73
1997-04-30,794.05,804.13,791.21,801.34,0.92
1997-05-01,801.34,802.95,793.21,798.53,-0.35
1997-05-02,798.53,812.99,798.53,812.97,1.81
1997-05-05,812.97,830.29,811.8,830.24,2.13
1997-05-06,830.24,832.29,824.7,827.76,-0.3
1997-05-07,827.76,827.76,814.7,815.62,-1.47
1997-05-08,815.62,829.09,811.84,820.26,0.57
1997-05-09,820.26,827.69,815.78,824.78,0.55
1997-05-12,824.78,838.56,824.78,837.66,1.56
1997-05-13,837.66,838.49,829.12,833.13,-0.54
1997-05-14,833.13,841.29,833.13,836.04,0.35
1997-05-15,836.04,842.45,833.34,841.88,0.7
1997-05-16,841.88,841.88,829.15,829.75,-1.44
1997-05-19,829.75,835.92,828.87,833.27,0.42
1997-05-20,833.27,841.96,826.41,841.66,1.01
1997-05-21,841.66,846.87,835.22,839.35,-0.27
1997-05-22,839.35,841.91,833.86,835.66,-0.44
1997-05-23,835.66,848.49,835.66,847.03,1.36
1997-05-27,847.03,851.53,840.96,849.71,0.32
1997-05-28,849.71,850.95,843.21,847.21,-0.29
1997-05-29,847.21,848.96,842.61,844.08,-0.37
1997-05-30,844.08,851.87,831.87,848.28,0.5
1997-06-02,848.28,851.34,844.61,846.36,-0.23
1997-06-03,846.36,850.56,841.51,845.48,-0.1
1997-06-04,845.48,845.55,838.82,840.11,-0.64
1997-06-05,840.11,848.89,840.11,843.43,0.4
1997-06-06,843.43,859.24,843.36,858.01,1.73
1997-06-09,858.01,865.14,858.01,862.91,0.57
1997-06-10,862.91,870.05,862.18,865.27,0.27
1997-06-11,865.27,870.66,865.15,869.57,0.5
1997-06-12,869.57,884.34,869.01,883.44,1.6
1997-06-13,883.48,894.69,883.48,893.27,1.11
1997-06-16,893.27,895.17,891.21,893.9,0.07
1997-06-17,893.9,897.6,886.19,894.42,0.06
1997-06-18,894.42,894.42,887.03,889.06,-0.6
1997-06-19,889.06,900.09,888.99,897.99,1.0
1997-06-20,897.99,901.77,897.77,898.7,0.08
1997-06-23,898.7,898.7,878.43,878.62,-2.23
1997-06-24,878.62,896.75,878.62,896.34,2.02
1997-06-25,896.34,902.09,882.24,888.99,-0.82
1997-06-26,888.99,893.21,879.32,883.68,-0.6
1997-06-27,883.68,894.7,883.68,887.3,0.41
1997-06-30,887.3,892.62,879.82,885.14,-0.24
1997-07-01,885.14,893.88,884.54,891.03,0.67
1997-07-02,891.03,904.05,891.03,904.03,1.46
1997-07-03,904.03,917.82,904.03,916.92,1.43
1997-07-07,916.92,923.26,909.69,912.2,-0.51
1997-07-08,912.2,918.76,911.56,918.75,0.72
1997-07-09,918.75,922.03,902.48,907.54,-1.22
1997-07-10,907.54,916.54,904.31,913.78,0.69
1997-07-11,913.78,919.74,913.11,916.68,0.32
1997-07-14,916.7,921.78,912.02,918.38,0.19
1997-07-15,918.38,926.15,914.52,925.76,0.8
1997-07-16,925.76,939.32,925.76,936.59,1.17
1997-07-17,936.59,936.96,927.9,931.61,-0.53
1997-07-18,931.61,931.61,912.9,915.3,-1.75
1997-07-21,915.3,915.38,907.12,912.94,-0.26
1997-07-22,912.94,934.38,912.94,933.98,2.3
1997-07-23,933.98,941.8,933.98,936.56,0.28
1997-07-24,936.56,941.51,926.91,940.28,0.4
1997-07-25,940.3,945.65,936.09,938.79,-0.16
1997-07-28,938.79,942.97,935.19,936.45,-0.25
1997-07-29,936.45,942.96,932.56,942.29,0.62
1997-07-30,942.29,953.98,941.98,952.29,1.06
1997-07-31,952.29,957.73,948.89,954.29,0.21
1997-08-01,954.29,955.33,939.05,947.14,-0.75
1997-08-04,947.14,953.18,943.6,950.3,0.33
1997-08-05,950.3,954.21,948.92,952.37,0.22
1997-08-06,952.37,962.43,949.45,960.32,0.83
1997-08-07,960.32,964.17,950.87,951.19,-0.95
1997-08-08,951.19,951.19,925.74,933.54,-1.86
1997-08-11,933.54,938.5,925.39,937.0,0.37
1997-08-12,937.0,942.99,925.66,926.53,-1.12
1997-08-13,926.53,935.77,916.54,922.02,-0.49
1997-08-14,922.02,930.07,916.92,924.77,0.3
1997-08-15,924.77,924.77,900.81,900.81,-2.59
1997-08-18,900.81,912.57,893.34,912.49,1.3
1997-08-19,912.49,926.01,912.49,926.01,1.48
1997-08-20,926.01,939.35,924.58,939.35,1.44
1997-08-21,939.35,939.47,921.35,925.05,-1.52
1997-08-22,925.05,925.05,905.42,923.54,-0.16
1997-08-25,923.55,930.93,917.29,920.16,-0.37
1997-08-26,920.16,922.47,911.72,913.02,-0.78
1997-08-27,913.02,916.23,903.83,913.7,0.07
1997-08-28,913.7,915.9,898.65,903.67,-1.1
1997-08-29,903.67,907.28,896.82,899.47,-0.46
1997-09-02,899.47,927.58,899.47,927.58,3.13
1997-09-03,927.58,935.9,926.87,927.86,0.03
1997-09-04,927.86,933.36,925.59,930.87,0.32
1997-09-05,930.87,940.37,924.05,929.05,-0.2
1997-09-08,929.05,936.5,929.05,931.2,0.23
1997-09-09,931.2,938.9,927.28,933.62,0.26
1997-09-10,933.62,933.62,918.76,919.03,-1.56
1997-09-11,919.03,919.03,902.56,912.59,-0.7
1997-09-12,912.59,925.05,906.7,923.91,1.24
1997-09-15,923.91,928.9,919.41,919.77,-0.45
1997-09-16,919.77,947.66,919.77,945.64,2.81
1997-09-17,945.64,950.29,941.99,943.0,-0.28
1997-09-18,943.0,958.19,943.0,947.29,0.45
1997-09-19,947.29,952.35,943.9,950.51,0.34
1997-09-22,950.51,960.59,950.51,955.43,0.52
1997-09-23,955.43,955.78,948.07,951.93,-0.37
1997-09-24,951.93,959.78,944.07,944.48,-0.78
1997-09-25,944.48,947.0,937.38,937.91,-0.7
1997-09-26,937.91,946.44,937.91,945.22,0.78
1997-09-29,945.22,953.96,941.94,953.34,0.86
1997-09-30,953.34,955.17,947.28,947.28,-0.64
1997-10-01,947.28,956.71,947.28,955.41,0.86
1997-10-02,955.41,960.46,952.94,960.46,0.53
1997-10-03,960.46,975.47,955.13,965.03,0.48
1997-10-06,965.03,974.16,965.03,972.69,0.79
1997-10-07,972.69,983.12,971.95,983.12,1.07
1997-10-08,983.12,983.12,968.65,973.84,-0.94
1997-10-09,973.84,974.72,963.34,970.62,-0.33
1997-10-10,970.62,970.62,963.42,966.98,-0.38
1997-10-13,966.98,973.46,966.95,968.1,0.12
1997-10-14,968.1,972.86,961.87,970.28,0.23
1997-10-15,970.28,970.28,962.75,965.72,-0.47
1997-10-16,965.72,973.38,950.77,955.25,-1.08
1997-10-17,955.23,955.23,931.58,944.16,-1.16
1997-10-20,944.16,955.72,941.43,955.61,1.21
1997-10-21,955.61,972.56,955.61,972.28,1.74
1997-10-22,972.28,972.61,965.66,968.49,-0.39
1997-10-23,968.49,968.49,944.16,950.69,-1.84
1997-10-24,950.69,960.04,937.55,941.64,-0.95
1997-10-27,941.64,941.64,876.73,876.99,-6.87
1997-10-28,876.99,923.09,855.27,921.85,5.12
1997-10-29,921.85,935.24,913.88,919.16,-0.29
1997-10-30,919.16,923.28,903.68,903.68,-1.68
1997-10-31,903.68,919.93,903.68,914.62,1.21
1997-11-03,914.62,939.02,914.62,938.99,2.66
1997-11-04,938.99,941.4,932.66,940.76,0.19
1997-11-05,940.76,949.62,938.16,942.76,0.21
1997-11-06,942.76,942.85,934.16,938.03,-0.5
1997-11-07,938.03,938.03,915.39,927.51,-1.12
1997-11-10,927.51,935.9,920.26,921.13,-0.69
1997-11-11,921.13,928.29,919.63,923.78,0.29
1997-11-12,923.78,923.88,905.34,905.96,-1.93
1997-11-13,905.96,917.79,900.61,916.66,1.18
1997-11-14,916.66,930.44,915.34,928.35,1.28
1997-11-17,928.35,949.66,928.35,946.2,1.92
1997-11-18,946.2,947.65,937.43,938.23,-0.84
1997-11-19,938.23,947.28,934.83,944.59,0.68
1997-11-20,944.59,961.83,944.59,958.98,1.52
1997-11-21,958.98,964.55,954.6,963.09,0.43
1997-11-24,963.09,963.09,945.22,946.67,-1.7
1997-11-25,951.23,954.47,944.71,950.82,0.44
1997-11-26,950.82,956.47,950.82,951.64,0.09
1997-11-28,951.64,959.13,951.64,955.4,0.4
1997-12-01,955.4,974.77,955.4,974.77,2.03
1997-12-02,974.78,976.2,969.83,971.68,-0.32
1997-12-03,971.68,980.81,966.16,976.77,0.52
1997-12-04,976.77,983.36,971.37,973.1,-0.38
1997-12-05,973.1,986.25,969.1,983.79,1.1
1997-12-08,983.79,985.67,979.57,982.37,-0.14
1997-12-09,982.37,982.37,973.81,975.78,-0.67
1997-12-10,975.78,975.78,962.68,969.79,-0.61
1997-12-11,969.79,969.79,951.89,954.94,-1.53
1997-12-12,954.94,961.32,947.0,953.39,-0.16
1997-12-15,953.39,965.96,953.39,963.39,1.05
1997-12-16,963.39,973.0,963.39,968.04,0.48
1997-12-17,968.04,974.3,964.25,965.54,-0.26
1997-12-18,965.54,965.54,950.55,955.3,-1.06
1997-12-19,955.3,955.3,924.92,946.78,-0.89
1997-12-22,946.78,956.73,946.25,953.7,0.73
1997-12-23,953.7,954.51,938.91,939.13,-1.53
1997-12-24,939.13,942.88,932.7,932.7,-0.68
1997-12-26,932.7,939.99,932.7,936.46,0.4
1997-12-29,936.46,953.95,936.46,953.36,1.8
1997-12-30,953.35,970.84,953.35,970.84,1.83
1997-12-31,970.84,975.02,967.41,970.43,-0.04
1998-01-02,970.43,975.04,965.73,975.04,0.48
1998-01-05,975.04,982.63,969.0,977.07,0.21
1998-01-06,977.07,977.07,962.68,966.58,-1.07
1998-01-07,966.58,966.58,952.67,964.0,-0.27
1998-01-08,964.0,964.0,955.04,956.05,-0.82
1998-01-09,956.05,956.05,921.72,927.69,-2.97
1998-01-12,927.69,939.25,912.83,939.21,1.24
1998-01-13,939.21,952.14,939.21,952.12,1.37
1998-01-14,952.12,958.12,948.0,957.94,0.61
1998-01-15,957.94,957.94,950.27,950.73,-0.75
1998-01-16,950.73,965.12,950.73,961.51,1.13
1998-01-20,961.51,978.6,961.48,978.6,1.78
1998-01-21,978.6,978.6,963.29,970.81,-0.8
1998-01-22,970.81,970.81,959.49,963.04,-0.8
1998-01-23,963.04,966.44,950.86,957.59,-0.57
1998-01-26,957.59,963.04,954.24,956.95,-0.07
1998-01-27,956.95,973.23,956.26,969.02,1.26
1998-01-28,969.02,978.63,969.02,977.46,0.87
1998-01-29,977.46,992.65,975.21,985.49,0.82
1998-01-30,985.49,987.41,979.63,980.28,-0.53
1998-02-02,980.28,1002.48,980.28,1001.27,2.14
1998-02-03,1001.27,1006.13,996.9,1006.0,0.47
1998-02-04,1006.0,1009.52,999.43,1006.9,0.09
1998-02-05,1006.9,1013.51,1000.27,1003.54,-0.33
1998-02-06,1003.54,1013.07,1003.36,1012.46,0.89
1998-02-09,1012.46,1015.33,1006.28,1010.74,-0.17
1998-02-10,1010.74,1022.15,1010.71,1019.01,0.82
1998-02-11,1019.01,1020.71,1016.38,1020.01,0.1
1998-02-12,1020.01,1026.3,1008.55,1024.14,0.4
1998-02-13,1024.14,1024.14,1017.71,1020.09,-0.4
1998-02-17,1020.09,1028.02,1020.09,1022.76,0.26
1998-02-18,1022.76,1032.08,1021.7,1032.08,0.91
1998-02-19,1032.08,1032.93,1026.62,1028.28,-0.37
1998-02-20,1028.28,1034.21,1022.69,1034.21,0.58
1998-02-23,1034.21,1038.68,1031.76,1038.14,0.38
1998-02-24,1038.14,1038.73,1028.89,1030.56,-0.73
1998-02-25,1030.56,1045.79,1030.56,1042.9,1.2
1998-02-26,1042.9,1048.68,1039.85,1048.67,0.55
1998-02-27,1048.67,1051.66,1044.4,1049.34,0.06
1998-03-02,1049.34,1053.98,1044.7,1047.7,-0.16
1998-03-03,1047.7,1052.02,1043.41,1052.02,0.41
1998-03-04,1052.02,1052.02,1042.74,1047.33,-0.45
1998-03-05,1047.33,1047.33,1030.87,1035.05,-1.17
1998-03-06,1035.05,1055.69,1035.05,1055.69,1.99
1998-03-09,1055.69,1058.55,1050.02,1052.31,-0.32
1998-03-10,1052.31,1064.59,1052.31,1064.25,1.13
1998-03-11,1064.25,1069.18,1064.22,1068.47,0.4
1998-03-12,1068.47,1071.87,1063.54,1069.92,0.14
1998-03-13,1069.92,1075.86,1066.57,1068.61,-0.12
1998-03-16,1068.61,1079.46,1068.61,1079.27,1.0
1998-03-17,1079.27,1080.52,1073.29,1080.45,0.11
1998-03-18,1080.45,1085.52,1077.77,1085.52,0.47
1998-03-19,1085.52,1089.74,1084.3,1089.74,0.39
1998-03-20,1089.74,1101.04,1089.39,1099.16,0.86
1998-03-23,1099.16,1101.16,1094.25,1095.55,-0.33
1998-03-24,1095.55,1106.75,1095.55,1105.65,0.92
1998-03-25,1105.65,1113.07,1092.84,1101.93,-0.34
1998-03-26,1101.93,1106.28,1097.0,1100.8,-0.1
1998-03-27,1100.8,1107.18,1091.14,1095.44,-0.49
1998-03-30,1095.44,1099.16,1090.02,1093.55,-0.17
1998-03-31,1093.55,1110.13,1093.55,1101.75,0.75
1998-04-01,1101.75,1109.19,1095.29,1108.15,0.58
1998-04-02,1108.15,1121.01,1107.89,1120.01,1.07
1998-04-03,1120.01,1126.36,1118.12,1122.7,0.24
1998-04-06,1122.7,1131.99,1121.37,1121.38,-0.12
1998-04-07,1121.38,1121.38,1102.44,1109.55,-1.05
1998-04-08,1109.55,1111.6,1098.21,1101.65,-0.71
1998-04-09,1101.65,1111.45,1101.65,1110.67,0.82
1998-04-13,1110.67,1110.75,1100.6,1109.69,-0.09
1998-04-14,1109.69,1115.95,1109.48,1115.75,0.55
1998-04-15,1115.75,1119.9,1112.24,1119.32,0.32
1998-04-16,1119.32,1119.32,1105.27,1108.17,-1.0
1998-04-17,1108.17,1122.72,1104.95,1122.72,1.31
1998-04-20,1122.72,1124.88,1118.47,1123.65,0.08
1998-04-21,1123.65,1129.65,1119.54,1126.67,0.27
1998-04-22,1126.67,1132.98,1126.29,1130.54,0.34
1998-04-23,1130.54,1130.54,1117.49,1119.58,-0.97
1998-04-24,1119.58,1122.81,1104.77,1107.9,-1.04
1998-04-27,1107.9,1107.9,1076.7,1086.54,-1.93
1998-04-28,1086.54,1095.94,1081.49,1085.11,-0.13
1998-04-29,1085.11,1098.24,1084.65,1094.63,0.88
1998-04-30,1094.63,1116.97,1094.63,1111.75,1.56
1998-05-01,1111.75,1121.02,1111.75,1121.0,0.83
1998-05-04,1121.0,1130.52,1121.0,1122.07,0.1
1998-05-05,1122.07,1122.07,1111.16,1115.5,-0.59
1998-05-06,1115.5,1118.39,1104.64,1104.92,-0.95
1998-05-07,1104.92,1105.58,1094.59,1095.14,-0.89
1998-05-08,1095.14,1111.42,1094.53,1108.14,1.19
1998-05-11,1108.14,1119.13,1103.72,1106.64,-0.14
1998-05-12,1106.64,1115.96,1102.78,1115.79,0.83
1998-05-13,1115.79,1122.22,1114.93,1118.86,0.28
1998-05-14,1118.86,1124.03,1112.43,1117.37,-0.13
1998-05-15,1117.37,1118.66,1107.11,1108.73,-0.77
1998-05-18,1108.73,1112.44,1097.99,1105.82,-0.26
1998-05-19,1105.82,1113.5,1105.82,1109.52,0.33
1998-05-20,1109.52,1119.08,1107.51,1119.06,0.86
1998-05-21,1119.06,1124.45,1111.94,1114.64,-0.39
1998-05-22,1114.64,1116.89,1107.99,1110.47,-0.37
1998-05-26,1110.47,1116.79,1094.01,1094.02,-1.48
1998-05-27,1094.02,1094.44,1074.39,1092.23,-0.16
1998-05-28,1092.23,1099.73,1089.06,1097.6,0.49
1998-05-29,1097.6,1104.16,1090.82,1090.82,-0.62
1998-06-01,1090.82,1097.85,1084.22,1090.98,0.01
1998-06-02,1090.98,1098.71,1089.67,1093.22,0.21
1998-06-03,1093.22,1097.43,1081.09,1082.73,-0.96
1998-06-04,1082.73,1095.93,1078.1,1094.83,1.12
1998-06-05,1094.83,1113.88,1094.83,1113.86,1.74
1998-06-08,1113.86,1119.7,1113.31,1115.72,0.17
1998-06-09,1115.72,1119.92,1111.31,1118.41,0.24
1998-06-10,1118.41,1126.0,1110.27,1112.28,-0.55
1998-06-11,1112.28,1114.2,1094.28,1094.58,-1.59
1998-06-12,1094.58,1098.84,1080.83,1098.84,0.39
1998-06-15,1098.84,1098.84,1077.01,1077.01,-1.99
1998-06-16,1077.01,1087.59,1074.67,1087.59,0.98
1998-06-17,1087.59,1112.87,1087.58,1107.11,1.79
1998-06-18,1107.11,1109.36,1103.71,1106.37,-0.07
1998-06-19,1106.37,1111.25,1097.1,1100.65,-0.52
1998-06-22,1100.65,1109.01,1099.42,1103.24,0.23
1998-06-23,1103.21,1119.49,1103.21,1119.49,1.48
1998-06-24,1119.49,1134.4,1115.1,1132.88,1.2
1998-06-25,1132.88,1142.04,1127.6,1129.28,-0.32
1998-06-26,1129.28,1136.83,1129.28,1133.2,0.35
1998-06-29,1133.2,1145.15,1133.2,1138.49,0.47
1998-06-30,1138.49,1140.8,1131.98,1133.84,-0.41
1998-07-01,1133.84,1148.56,1133.84,1148.56,1.3
1998-07-02,1148.56,1148.56,1142.99,1146.42,-0.19
1998-07-06,1146.42,1157.32,1145.03,1157.31,0.95
1998-07-07,1157.33,1159.81,1152.85,1154.66,-0.23
1998-07-08,1154.66,1166.89,1154.66,1166.37,1.02
1998-07-09,1166.38,1166.38,1156.03,1158.56,-0.67
1998-07-10,1158.57,1166.93,1150.88,1164.33,0.5
1998-07-13,1164.33,1166.98,1160.21,1165.19,0.07
1998-07-14,1165.19,1179.76,1165.19,1177.58,1.06
1998-07-15,1177.58,1181.48,1174.73,1174.81,-0.24
1998-07-16,1174.81,1184.02,1170.4,1183.99,0.78
1998-07-17,1183.99,1188.1,1182.42,1186.75,0.23
1998-07-20,1186.75,1190.58,1179.19,1184.1,-0.22
1998-07-21,1184.1,1187.37,1163.05,1165.07,-1.61
1998-07-22,1165.07,1167.67,1155.2,1164.08,-0.08
1998-07-23,1164.08,1164.35,1139.75,1139.75,-2.09
1998-07-24,1139.75,1150.14,1129.11,1140.8,0.09
1998-07-27,1140.8,1147.27,1128.19,1147.27,0.57
1998-07-28,1147.27,1147.27,1119.44,1130.24,-1.48
1998-07-29,1130.24,1138.56,1121.98,1125.21,-0.45
1998-07-30,1125.21,1143.07,1125.21,1142.95,1.58
1998-07-31,1142.95,1142.97,1114.3,1120.67,-1.95
1998-08-03,1120.67,1121.79,1110.39,1112.44,-0.73
1998-08-04,1112.44,1119.73,1071.82,1072.12,-3.62
1998-08-05,1072.12,1084.8,1057.35,1081.43,0.87
1998-08-06,1081.43,1090.95,1074.94,1089.63,0.76
1998-08-07,1089.63,1102.54,1084.72,1089.45,-0.02
1998-08-10,1089.45,1092.82,1081.76,1083.14,-0.58
1998-08-11,1083.14,1083.14,1054.0,1068.98,-1.31
1998-08-12,1068.98,1084.7,1068.98,1084.22,1.43
1998-08-13,1084.22,1091.5,1074.91,1074.91,-0.86
1998-08-14,1074.91,1083.92,1057.22,1062.75,-1.13
1998-08-17,1062.75,1083.67,1055.08,1083.67,1.97
1998-08-18,1083.67,1101.72,1083.67,1101.2,1.62
1998-08-19,1101.2,1106.32,1094.93,1098.06,-0.29
1998-08-20,1098.06,1098.79,1089.55,1091.6,-0.59
1998-08-21,1091.6,1091.6,1054.92,1081.18,-0.95
1998-08-24,1081.24,1093.82,1081.24,1088.14,0.64
1998-08-25,1088.14,1106.64,1085.53,1092.86,0.43
1998-08-26,1092.85,1092.85,1075.91,1084.19,-0.79
1998-08-27,1084.19,1084.19,1037.61,1042.59,-3.84
1998-08-28,1042.59,1051.8,1021.04,1027.14,-1.48
1998-08-31,1027.14,1033.47,957.28,957.28,-6.8
1998-09-01,957.28,1000.71,939.98,994.24,3.86
1998-09-02,994.26,1013.19,988.4,990.47,-0.38
1998-09-03,990.47,990.47,969.32,982.26,-0.83
1998-09-04,982.26,991.41,956.51,973.89,-0.85
1998-09-08,973.89,1023.46,973.89,1023.46,5.09
1998-09-09,1023.46,1027.72,1004.56,1006.2,-1.69
1998-09-10,1006.2,1006.2,968.64,980.19,-2.58
1998-09-11,980.19,1009.06,969.71,1009.06,2.95
1998-09-14,1009.06,1038.38,1009.06,1029.72,2.05
1998-09-15,1029.72,1037.9,1021.42,1037.68,0.77
1998-09-16,1037.68,1046.07,1029.31,1045.48,0.75
1998-09-17,1045.48,1045.48,1016.05,1018.87,-2.55
1998-09-18,1018.87,1022.01,1011.86,1020.09,0.12
1998-09-21,1020.09,1026.02,993.82,1023.89,0.37
1998-09-22,1023.89,1033.89,1021.96,1029.63,0.56
1998-09-23,1029.63,1066.09,1029.63,1066.09,3.54
1998-09-24,1066.09,1066.11,1033.04,1042.72,-2.19
1998-09-25,1042.72,1051.89,1028.49,1044.75,0.19
1998-09-28,1044.75,1061.46,1042.23,1048.69,0.38
1998-09-29,1048.69,1056.31,1039.95,1049.02,0.03
1998-09-30,1049.02,1049.02,1015.73,1017.01,-3.05
1998-10-01,1017.01,1017.01,981.29,986.39,-3.01
1998-10-02,986.39,1005.45,971.69,1002.6,1.64
1998-10-05,1002.6,1002.6,964.72,988.56,-1.4
1998-10-06,988.56,1008.77,974.81,984.59,-0.4
1998-10-07,984.59,995.66,957.15,970.68,-1.41
1998-10-08,970.68,970.68,923.32,959.44,-1.16
1998-10-09,959.44,984.42,953.04,984.39,2.6
1998-10-12,984.39,1010.71,984.39,997.71,1.35
1998-10-13,997.71,1000.78,987.55,994.8,-0.29
1998-10-14,994.8,1014.42,987.8,1005.53,1.08
1998-10-15,1005.53,1053.09,1000.12,1047.49,4.17
1998-10-16,1047.49,1062.65,1047.49,1056.42,0.85
1998-10-19,1056.42,1065.21,1054.23,1062.39,0.57
1998-10-20,1062.39,1084.06,1060.61,1063.93,0.14
1998-10-21,1063.93,1073.61,1058.08,1069.92,0.56
1998-10-22,1069.92,1080.43,1061.47,1078.48,0.8
1998-10-23,1078.48,1078.48,1067.43,1070.67,-0.72
1998-10-26,1070.67,1081.23,1068.17,1072.32,0.15
1998-10-27,1072.32,1087.08,1063.06,1065.34,-0.65
1998-10-28,1065.34,1072.79,1059.65,1068.09,0.26
1998-10-29,1068.09,1086.11,1065.95,1085.93,1.67
1998-10-30,1085.93,1103.78,1085.93,1098.67,1.17
1998-11-02,1098.67,1114.44,1098.67,1111.6,1.18
1998-11-03,1111.6,1115.02,1106.42,1110.84,-0.07
1998-11-04,1110.84,1127.18,1110.59,1118.67,0.7
1998-11-05,1118.67,1133.88,1109.55,1133.85,1.36
1998-11-06,1133.85,1141.3,1131.18,1141.01,0.63
1998-11-09,1141.01,1141.01,1123.17,1130.2,-0.95
1998-11-10,1130.2,1135.37,1122.8,1128.26,-0.17
1998-11-11,1128.26,1136.25,1117.4,1120.97,-0.65
1998-11-12,1120.97,1126.57,1115.55,1117.69,-0.29
1998-11-13,1117.69,1126.34,1116.76,1125.72,0.72
1998-11-16,1125.72,1138.72,1125.72,1135.86,0.9
1998-11-17,1135.87,1151.71,1129.67,1139.32,0.3
1998-11-18,1139.32,1144.52,1133.07,1144.48,0.45
1998-11-19,1144.48,1155.1,1144.42,1152.61,0.71
1998-11-20,1152.61,1163.55,1152.61,1163.55,0.95
1998-11-23,1163.55,1188.21,1163.55,1188.21,2.12
1998-11-24,1188.21,1191.3,1181.81,1182.99,-0.44
1998-11-25,1182.99,1187.16,1179.37,1186.87,0.33
1998-11-27,1186.87,1192.97,1186.83,1192.29,0.46
1998-11-30,1192.33,1192.72,1163.63,1163.63,-2.41
1998-12-01,1163.63,1175.89,1150.31,1175.28,1.0
1998-12-02,1175.28,1175.28,1157.76,1171.25,-0.34
1998-12-03,1171.25,1177.03,1149.6,1150.14,-1.8
1998-12-04,1150.14,1176.74,1150.14,1176.74,2.31
1998-12-07,1176.74,1189.01,1176.71,1187.7,0.93
1998-12-08,1187.7,1193.53,1172.78,1181.38,-0.53
1998-12-09,1181.38,1185.22,1175.89,1183.49,0.18
1998-12-10,1183.49,1183.77,1163.75,1165.02,-1.56
1998-12-11,1165.02,1167.89,1153.19,1166.46,0.12
1998-12-14,1166.46,1166.46,1136.89,1141.2,-2.17
1998-12-15,1141.2,1162.83,1141.2,1162.83,1.9
1998-12-16,1162.83,1166.29,1154.69,1161.94,-0.08
1998-12-17,1161.94,1180.03,1161.94,1179.98,1.55
1998-12-18,1179.98,1188.89,1178.27,1188.03,0.68
1998-12-21,1188.03,1210.75,1188.03,1202.84,1.25
1998-12-22,1202.84,1209.22,1192.81,1203.57,0.06
1998-12-23,1203.57,1229.89,1203.57,1228.54,2.07
1998-12-24,1228.54,1229.72,1224.85,1226.27,-0.18
1998-12-28,1226.27,1231.52,1221.17,1225.49,-0.06
1998-12-29,1225.49,1241.86,1220.78,1241.81,1.33
1998-12-30,1241.81,1244.93,1231.2,1231.93,-0.8
1998-12-31,1231.93,1237.18,1224.96,1229.23,-0.22
1999-01-04,1229.23,1248.81,1219.1,1228.1,-0.09
1999-01-05,1228.1,1246.11,1228.1,1244.78,1.36
1999-01-06,1244.78,1272.5,1244.78,1272.34,2.21
1999-01-07,1272.34,1272.34,1257.68,1269.73,-0.21
1999-01-08,1269.73,1278.05,1261.85,1275.09,0.42
1999-01-11,1275.09,1276.22,1253.43,1263.88,-0.88
1999-01-12,1263.88,1264.45,1238.25,1239.51,-1.93
1999-01-13,1239.51,1247.66,1206.59,1234.4,-0.41
1999-01-14,1234.4,1236.81,1209.48,1212.19,-1.8
1999-01-15,1212.19,1243.27,1212.19,1243.26,2.56
1999-01-19,1243.26,1253.27,1234.91,1252.0,0.7
1999-01-20,1252.0,1274.08,1251.1,1256.62,0.37
1999-01-21,1256.62,1256.94,1232.19,1235.16,-1.71
1999-01-22,1235.16,1236.53,1218.0,1225.19,-0.81
1999-01-25,1225.19,1233.98,1219.46,1233.98,0.72
1999-01-26,1233.98,1253.27,1233.98,1252.31,1.49
1999-01-27,1252.31,1262.62,1242.82,1243.17,-0.73
1999-01-28,1243.17,1266.32,1243.17,1265.37,1.79
1999-01-29,1265.37,1280.4,1255.2,1279.64,1.13
1999-02-01,1279.64,1283.64,1271.29,1273.0,-0.52
1999-02-02,1273.0,1273.34,1247.62,1261.99,-0.86
1999-02-03,1261.99,1276.08,1255.27,1272.07,0.8
1999-02-04,1272.07,1272.16,1248.37,1248.49,-1.85
1999-02-05,1248.49,1251.84,1232.33,1239.4,-0.73
1999-02-08,1239.4,1246.71,1231.94,1243.77,0.35
1999-02-09,1243.77,1244.06,1215.58,1216.14,-2.22
1999-02-10,1216.14,1226.78,1211.89,1223.55,0.61
1999-02-11,1223.55,1254.05,1223.36,1254.04,2.49
1999-02-12,1254.04,1254.04,1225.53,1230.13,-1.91
1999-02-16,1230.13,1252.27,1230.13,1241.87,0.95
1999-02-17,1241.87,1249.29,1220.94,1224.03,-1.44
1999-02-18,1224.03,1239.07,1220.53,1237.28,1.08
1999-02-19,1237.28,1247.94,1232.03,1239.19,0.16
1999-02-22,1239.22,1272.22,1239.22,1272.14,2.66
1999-02-23,1272.14,1280.43,1263.35,1271.18,-0.08
1999-02-24,1271.18,1283.91,1251.97,1253.41,-1.4
1999-02-25,1253.41,1253.41,1225.01,1245.02,-0.67
1999-02-26,1245.02,1246.54,1226.25,1238.33,-0.54
1999-03-01,1238.33,1238.6,1222.02,1236.16,-0.18
1999-03-02,1236.16,1248.31,1221.87,1225.5,-0.86
1999-03-03,1225.5,1231.69,1216.03,1227.7,0.18
1999-03-04,1227.7,1247.91,1227.7,1246.64,1.54
1999-03-05,1246.64,1275.68,1246.64,1275.47,2.31
1999-03-08,1275.47,1282.73,1271.61,1282.73,0.57
1999-03-09,1282.73,1293.74,1274.76,1279.84,-0.23
1999-03-10,1279.84,1287.03,1275.17,1286.84,0.55
1999-03-11,1286.84,1306.41,1286.84,1297.68,0.84
1999-03-12,1297.68,1304.58,1289.2,1294.59,-0.24
1999-03-15,1294.59,1307.54,1291.03,1307.26,0.98
1999-03-16,1307.26,1311.11,1302.29,1306.36,-0.07
1999-03-17,1306.38,1306.77,1292.61,1297.82,-0.66
1999-03-18,1297.82,1317.41,1294.74,1316.55,1.44
1999-03-19,1316.55,1323.88,1298.98,1299.29,-1.31
1999-03-22,1299.29,1303.89,1294.22,1297.01,-0.18
1999-03-23,1297.01,1297.01,1257.5,1262.14,-2.69
1999-03-24,1262.14,1269.02,1256.52,1268.59,0.51
1999-03-25,1268.59,1290.01,1268.59,1289.99,1.69
1999-03-26,1289.99,1289.99,1277.29,1282.8,-0.56
1999-03-29,1282.8,1311.8,1282.8,1310.17,2.13
1999-03-30,1310.17,1310.8,1295.53,1300.75,-0.72
1999-03-31,1300.75,1313.53,1285.75,1286.37,-1.11
1999-04-01,1286.37,1294.44,1282.55,1293.72,0.57
1999-04-05,1293.72,1321.12,1293.72,1321.12,2.12
1999-04-06,1321.12,1326.76,1311.07,1317.89,-0.24
1999-04-07,1317.89,1329.65,1312.56,1326.89,0.68
1999-04-08,1326.89,1344.08,1321.61,1343.98,1.29
1999-04-09,1343.98,1351.18,1335.23,1348.35,0.33
1999-04-12,1348.35,1358.69,1333.07,1358.63,0.76
1999-04-13,1358.64,1362.38,1344.03,1349.82,-0.65
1999-04-14,1349.82,1357.08,1326.41,1328.44,-1.58
1999-04-15,1328.44,1333.6,1308.38,1322.85,-0.42
1999-04-16,1322.86,1325.12,1311.1,1319.0,-0.29
1999-04-19,1319.0,1340.02,1284.59,1289.48,-2.24
1999-04-20,1289.48,1306.25,1288.28,1306.17,1.29
1999-04-21,1306.17,1336.12,1301.83,1336.12,2.29
1999-04-22,1336.12,1358.96,1336.12,1358.83,1.7
1999-04-23,1358.83,1363.7,1348.47,1356.85,-0.14
1999-04-26,1356.85,1363.58,1353.76,1360.04,0.24
1999-04-27,1360.04,1371.67,1356.61,1362.8,0.2
1999-04-28,1362.8,1368.76,1348.38,1350.91,-0.87
1999-04-29,1350.91,1356.86,1336.71,1342.83,-0.6
1999-04-30,1342.83,1351.83,1314.59,1335.18,-0.57
1999-05-03,1335.18,1354.63,1329.83,1354.63,1.46
1999-05-04,1354.63,1354.63,1330.59,1332.0,-1.67
1999-05-05,1332.0,1347.32,1317.41,1347.31,1.15
1999-05-06,1347.31,1348.35,1322.56,1332.05,-1.13
1999-05-07,1332.05,1345.99,1332.05,1345.0,0.97
1999-05-10,1345.0,1352.01,1334.0,1340.3,-0.35
1999-05-11,1340.3,1360.03,1340.3,1355.61,1.14
1999-05-12,1355.61,1366.95,1332.95,1364.0,0.62
1999-05-13,1364.0,1375.98,1364.0,1367.56,0.26
1999-05-14,1367.56,1367.56,1332.71,1337.8,-2.18
1999-05-17,1337.8,1339.95,1321.18,1339.49,0.13
1999-05-18,1339.49,1345.46,1323.37,1333.32,-0.46
1999-05-19,1333.32,1344.23,1328.27,1344.23,0.82
1999-05-20,1344.23,1350.5,1338.83,1338.83,-0.4
1999-05-21,1338.83,1340.9,1326.24,1330.29,-0.64
1999-05-24,1330.29,1332.96,1303.46,1306.65,-1.78
1999-05-25,1306.65,1317.48,1284.38,1284.4,-1.7
1999-05-26,1284.4,1304.83,1278.53,1304.76,1.59
1999-05-27,1304.76,1304.76,1277.31,1281.41,-1.79
1999-05-28,1281.4,1303.94,1281.4,1301.84,1.59
1999-06-01,1301.84,1301.84,1281.49,1294.26,-0.58
1999-06-02,1294.26,1297.07,1277.51,1294.81,0.04
1999-06-03,1294.81,1304.12,1294.23,1299.54,0.37
1999-06-04,1299.54,1327.75,1299.54,1327.75,2.17
1999-06-07,1327.75,1336.43,1325.89,1334.52,0.51
1999-06-08,1334.52,1334.52,1312.93,1317.33,-1.29
1999-06-09,1317.33,1325.95,1314.73,1318.64,0.1
1999-06-10,1318.64,1318.64,1293.08,1302.82,-1.2
1999-06-11,1302.82,1311.91,1287.92,1293.64,-0.7
1999-06-14,1293.64,1301.93,1292.2,1294.0,0.03
1999-06-15,1294.0,1310.75,1294.0,1301.16,0.55
1999-06-16,1301.16,1332.83,1301.16,1330.41,2.25
1999-06-17,1330.41,1343.54,1322.78,1339.9,0.71
1999-06-18,1339.9,1344.55,1333.48,1342.84,0.22
1999-06-21,1342.84,1349.11,1337.68,1349.0,0.46
1999-06-22,1349.0,1351.12,1335.58,1335.88,-0.97
1999-06-23,1335.87,1335.87,1324.32,1333.06,-0.21
1999-06-24,1333.06,1333.06,1308.5,1315.78,-1.3
1999-06-25,1315.78,1329.07,1312.64,1315.31,-0.04
1999-06-28,1315.31,1333.68,1315.31,1331.35,1.22
1999-06-29,1331.35,1351.51,1328.4,1351.45,1.51
1999-06-30,1351.45,1372.93,1338.8,1372.71,1.57
1999-07-01,1372.71,1382.8,1360.76,1380.96,0.6
1999-07-02,1380.96,1391.22,1379.5,1391.22,0.74
1999-07-06,1391.22,1405.32,1387.14,1388.12,-0.22
1999-07-07,1388.12,1395.86,1384.99,1395.86,0.56
1999-07-08,1395.86,1403.13,1386.67,1394.42,-0.1
1999-07-09,1394.42,1403.28,1394.42,1403.28,0.64
1999-07-12,1403.28,1407.04,1394.7,1399.1,-0.3
1999-07-13,1399.1,1399.1,1386.84,1393.56,-0.4
1999-07-14,1393.56,1400.1,1386.54,1398.17,0.33
1999-07-15,1398.17,1409.72,1398.17,1409.62,0.82
1999-07-16,1409.62,1418.82,1406.99,1418.78,0.65
1999-07-19,1418.78,1420.14,1404.6,1407.65,-0.78
1999-07-20,1407.65,1407.65,1375.18,1377.1,-2.17
1999-07-21,1377.1,1386.59,1372.64,1379.29,0.16
1999-07-22,1379.29,1379.29,1354.02,1360.97,-1.33
1999-07-23,1360.97,1367.48,1349.91,1356.94,-0.3
1999-07-26,1356.94,1358.57,1346.11,1347.76,-0.68
1999-07-27,1347.75,1368.77,1347.75,1362.84,1.12
1999-07-28,1362.84,1370.53,1355.54,1365.4,0.19
1999-07-29,1365.4,1365.4,1332.82,1341.03,-1.78
1999-07-30,1341.03,1350.92,1328.49,1328.72,-0.92
1999-08-02,1328.72,1344.73,1325.18,1328.05,-0.05
1999-08-03,1328.05,1336.06,1314.94,1322.18,-0.44
1999-08-04,1322.18,1330.09,1304.54,1305.33,-1.27
1999-08-05,1305.33,1313.71,1287.3,1313.71,0.64
1999-08-06,1313.71,1316.75,1293.18,1300.29,-1.02
1999-08-09,1300.29,1306.71,1295.93,1297.8,-0.19
1999-08-10,1297.8,1298.78,1267.73,1281.43,-1.26
1999-08-11,1281.43,1301.93,1281.43,1301.93,1.6
1999-08-12,1301.93,1313.61,1298.06,1298.16,-0.29
1999-08-13,1298.16,1327.71,1298.16,1327.68,2.27
1999-08-16,1327.68,1331.1,1320.79,1330.77,0.23
1999-08-17,1330.77,1344.16,1328.76,1344.16,1.01
1999-08-18,1344.16,1344.16,1332.07,1332.84,-0.84
1999-08-19,1332.84,1332.84,1315.37,1323.59,-0.69
1999-08-20,1323.59,1336.61,1323.59,1336.61,0.98
1999-08-23,1336.61,1360.24,1336.61,1360.22,1.77
1999-08-24,1360.22,1373.32,1353.74,1363.5,0.24
1999-08-25,1363.5,1382.75,1359.18,1381.79,1.34
1999-08-26,1381.79,1381.79,1361.62,1362.01,-1.43
1999-08-27,1362.01,1365.63,1347.35,1348.27,-1.01
1999-08-30,1348.27,1350.58,1322.77,1324.02,-1.8
1999-08-31,1324.02,1333.28,1306.91,1320.41,-0.27
1999-09-01,1320.41,1331.18,1320.31,1331.07,0.81
1999-09-02,1331.07,1331.07,1304.8,1319.11,-0.9
1999-09-03,1319.11,1357.75,1319.11,1357.24,2.89
1999-09-07,1357.24,1361.39,1349.59,1350.45,-0.5
1999-09-08,1350.45,1355.2,1337.36,1344.15,-0.47
1999-09-09,1344.15,1347.66,1333.91,1347.66,0.26
1999-09-10,1347.66,1357.62,1346.2,1351.66,0.3
1999-09-13,1351.66,1351.66,1341.7,1344.13,-0.56
1999-09-14,1344.13,1344.13,1330.6,1336.29,-0.58
1999-09-15,1336.29,1347.41,1317.97,1317.97,-1.37
1999-09-16,1317.97,1322.51,1299.95,1318.48,0.04
1999-09-17,1318.48,1337.54,1318.48,1335.42,1.28
1999-09-20,1335.42,1338.55,1330.62,1335.53,0.01
1999-09-21,1335.52,1335.52,1302.06,1307.58,-2.09
1999-09-22,1307.58,1316.2,1297.81,1310.51,0.22
1999-09-23,1310.51,1315.31,1277.3,1280.41,-2.3
1999-09-24,1280.41,1281.21,1263.79,1277.36,-0.24
1999-09-27,1277.36,1295.07,1277.36,1283.31,0.47
1999-09-28,1283.31,1285.39,1256.29,1282.2,-0.09
1999-09-29,1282.2,1289.16,1268.16,1268.37,-1.08
1999-09-30,1268.37,1291.32,1268.37,1282.71,1.13
1999-10-01,1282.71,1283.19,1265.86,1282.81,0.01
1999-10-04,1282.81,1304.6,1282.81,1304.6,1.7
1999-10-05,1304.6,1316.43,1286.44,1301.35,-0.25
1999-10-06,1301.35,1325.46,1301.35,1325.4,1.85
1999-10-07,1325.4,1328.03,1314.13,1317.64,-0.59
1999-10-08,1317.64,1336.57,1311.72,1336.02,1.39
1999-10-11,1336.02,1339.23,1332.96,1335.21,-0.06
1999-10-12,1335.21,1335.77,1311.8,1313.04,-1.66
1999-10-13,1313.04,1313.04,1282.8,1285.55,-2.09
1999-10-14,1285.55,1289.59,1267.75,1283.42,-0.17
1999-10-15,1283.42,1283.42,1245.39,1247.41,-2.81
1999-10-18,1247.41,1254.13,1233.66,1254.13,0.54
1999-10-19,1254.13,1279.3,1254.13,1261.32,0.57
1999-10-20,1261.32,1289.44,1261.32,1289.43,2.23
1999-10-21,1289.43,1289.43,1265.61,1283.61,-0.45
1999-10-22,1283.61,1308.89,1283.61,1301.65,1.41
1999-10-25,1301.65,1301.83,1286.08,1293.63,-0.62
1999-10-26,1293.63,1303.44,1281.86,1281.91,-0.91
1999-10-27,1281.91,1299.39,1280.48,1296.71,1.15
1999-10-28,1296.71,1342.47,1296.71,1342.44,3.53
1999-10-29,1342.44,1373.22,1342.44,1362.93,1.53
1999-11-01,1362.93,1367.37,1353.92,1354.12,-0.65
1999-11-02,1354.12,1369.44,1346.49,1347.74,-0.47
1999-11-03,1347.74,1360.44,1347.74,1354.93,0.53
1999-11-04,1354.93,1369.4,1354.93,1362.64,0.57
1999-11-05,1362.64,1387.49,1362.64,1370.23,0.56
1999-11-08,1370.23,1380.78,1363.73,1377.01,0.49
1999-11-09,1377.01,1383.81,1361.45,1365.28,-0.85
1999-11-10,1365.28,1379.26,1360.19,1373.46,0.6
1999-11-11,1373.46,1382.12,1372.2,1381.46,0.58
1999-11-12,1381.46,1396.12,1367.97,1396.06,1.06
1999-11-15,1396.06,1398.59,1392.17,1394.39,-0.12
1999-11-16,1394.39,1420.36,1394.39,1420.03,1.84
1999-11-17,1420.07,1423.55,1410.69,1410.71,-0.66
1999-11-18,1410.71,1425.27,1410.71,1424.94,1.01
1999-11-19,1424.94,1424.94,1417.61,1422.0,-0.21
1999-11-22,1422.0,1425.15,1412.3,1420.94,-0.07
1999-11-23,1420.94,1424.1,1402.2,1404.64,-1.15
1999-11-24,1404.64,1419.71,1399.17,1417.08,0.89
1999-11-26,1417.08,1425.24,1416.14,1416.62,-0.03
1999-11-29,1416.62,1416.62,1404.15,1407.83,-0.62
1999-11-30,1407.83,1410.59,1386.95,1388.91,-1.34
1999-12-01,1388.91,1400.12,1387.38,1397.72,0.63
1999-12-02,1397.72,1409.04,1397.72,1409.04,0.81
1999-12-03,1409.04,1447.42,1409.04,1433.3,1.72
1999-12-06,1433.3,1434.15,1418.25,1423.34,-0.7
1999-12-07,1423.33,1426.81,1409.17,1409.17,-0.99
1999-12-08,1409.17,1415.66,1403.88,1403.88,-0.38
1999-12-09,1403.88,1418.46,1391.5,1408.11,0.3
1999-12-10,1408.11,1421.58,1405.65,1417.04,0.63
1999-12-13,1417.04,1421.58,1410.1,1415.22,-0.13
1999-12-14,1415.22,1418.3,1401.59,1403.17,-0.85
1999-12-15,1403.17,1417.34,1395.93,1413.33,0.72
1999-12-16,1413.32,1422.94,1408.35,1418.78,0.39
1999-12-17,1418.78,1431.77,1418.78,1421.05,0.16
1999-12-20,1421.03,1429.16,1411.1,1418.09,-0.21
1999-12-21,1418.09,1436.47,1414.8,1433.43,1.08
1999-12-22,1433.43,1440.02,1429.05,1436.13,0.19
1999-12-23,1436.13,1461.44,1436.13,1458.34,1.55
1999-12-27,1458.34,1463.19,1450.83,1457.09,-0.09
1999-12-28,1457.09,1462.68,1452.78,1457.66,0.04
1999-12-29,1457.66,1466.1,1457.66,1463.46,0.4
1999-12-30,1463.46,1473.1,1462.6,1464.47,0.07
1999-12-31,1464.47,1472.42,1463.36,1469.25,0.33
2000-01-03,1469.25,1478.0,1438.36,1455.22,-0.95
2000-01-04,1455.22,1455.22,1397.43,1399.42,-3.83
2000-01-05,1399.42,1413.27,1377.68,1402.11,0.19
2000-01-06,1402.11,1411.9,1392.02,1403.45,0.1
2000-01-07,1403.45,1441.47,1400.73,1441.47,2.71
2000-01-10,1441.47,1464.36,1441.47,1457.6,1.12
2000-01-11,1457.6,1458.66,1434.42,1438.56,-1.31
2000-01-12,1438.56,1442.6,1427.08,1432.25,-0.44
2000-01-13,1432.25,1454.2,1432.25,1449.68,1.22
2000-01-14,1449.68,1473.0,1449.68,1465.15,1.07
2000-01-18,1465.15,1465.15,1451.3,1455.14,-0.68
2000-01-19,1455.14,1461.39,1448.68,1455.9,0.05
2000-01-20,1455.9,1465.71,1438.54,1445.57,-0.71
2000-01-21,1445.57,1453.18,1439.6,1441.36,-0.29
2000-01-24,1441.36,1454.09,1395.42,1401.53,-2.76
2000-01-25,1401.53,1414.26,1388.49,1410.03,0.61
2000-01-26,1410.03,1412.73,1400.16,1404.09,-0.42
2000-01-27,1404.09,1418.86,1380.71,1398.56,-0.39
2000-01-28,1398.56,1398.56,1356.2,1360.16,-2.75
2000-01-31,1360.16,1394.5,1350.05,1394.46,2.52
2000-02-01,1394.46,1412.49,1384.79,1409.28,1.06
2000-02-02,1409.28,1420.61,1403.49,1409.12,-0.01
2000-02-03,1409.12,1425.78,1398.52,1424.97,1.12
2000-02-04,1424.97,1435.91,1420.63,1424.37,-0.04
2000-02-07,1424.37,1427.15,1413.33,1424.24,-0.01
2000-02-08,1424.24,1441.83,1424.24,1441.72,1.23
2000-02-09,1441.72,1444.55,1411.65,1411.7,-2.08
2000-02-10,1411.7,1422.1,1406.43,1416.83,0.36
2000-02-11,1416.83,1416.83,1378.89,1387.12,-2.1
2000-02-14,1387.12,1394.93,1380.53,1389.94,0.2
2000-02-15,1389.94,1407.72,1376.25,1402.05,0.87
2000-02-16,1402.05,1404.55,1385.58,1387.67,-1.03
2000-02-17,1387.67,1399.88,1380.07,1388.25,0.04
2000-02-18,1388.26,1388.59,1345.32,1346.09,-3.04
2000-02-22,1346.09,1358.11,1331.88,1352.17,0.45
2000-02-23,1352.17,1370.11,1342.44,1360.69,0.63
2000-02-24,1360.69,1364.8,1329.88,1353.43,-0.53
2000-02-25,1353.43,1362.14,1329.15,1333.36,-1.48
2000-02-28,1333.36,1360.82,1325.02,1348.05,1.1
2000-02-29,1348.05,1369.63,1348.05,1366.42,1.36
2000-03-01,1366.42,1383.46,1366.42,1379.19,0.93
2000-03-02,1379.19,1386.56,1370.35,1381.76,0.19
2000-03-03,1381.76,1410.88,1381.76,1409.17,1.98
2000-03-06,1409.17,1409.74,1384.75,1391.28,-1.27
2000-03-07,1391.28,1399.21,1349.99,1355.62,-2.56
2000-03-08,1355.62,1373.79,1346.62,1366.7,0.82
2000-03-09,1366.7,1401.82,1357.59,1401.69,2.56
2000-03-10,1401.69,1413.46,1392.07,1395.07,-0.47
2000-03-13,1395.07,1398.39,1364.84,1383.62,-0.82
2000-03-14,1383.62,1395.38,1359.15,1359.15,-1.77
2000-03-15,1359.15,1397.99,1356.99,1392.14,2.43
2000-03-16,1392.15,1458.47,1392.15,1458.47,4.76
2000-03-17,1458.47,1477.33,1453.27,1464.47,0.41
2000-03-20,1464.47,1470.3,1448.43,1456.63,-0.54
2000-03-21,1456.63,1493.92,1446.06,1493.87,2.56
2000-03-22,1493.87,1505.08,1487.33,1500.64,0.45
2000-03-23,1500.64,1532.5,1492.39,1527.35,1.78
2000-03-24,1527.35,1552.87,1516.83,1527.46,0.01
2000-03-27,1527.46,1534.63,1518.46,1523.86,-0.24
2000-03-28,1523.86,1527.36,1507.09,1507.73,-1.06
2000-03-29,1507.73,1521.45,1497.45,1508.52,0.05
2000-03-30,1508.52,1517.38,1474.63,1487.92,-1.37
2000-03-31,1487.92,1519.81,1484.38,1498.58,0.72
2000-04-03,1498.58,1507.19,1486.96,1505.97,0.49
2000-04-04,1505.98,1526.45,1417.22,1494.73,-0.75
2000-04-05,1494.73,1506.55,1478.05,1487.37,-0.49
2000-04-06,1487.37,1511.76,1487.37,1501.34,0.94
2000-04-07,1501.34,1518.68,1501.34,1516.35,1.0
2000-04-10,1516.35,1527.19,1503.35,1504.46,-0.78
2000-04-11,1504.46,1512.8,1486.78,1500.59,-0.26
2000-04-12,1500.59,1509.1,1466.15,1467.17,-2.23
2000-04-13,1467.17,1477.52,1439.34,1440.51,-1.82
2000-04-14,1440.51,1440.51,1339.4,1356.56,-5.83
2000-04-17,1356.56,1401.53,1346.5,1401.44,3.31
2000-04-18,1401.44,1441.61,1397.81,1441.61,2.87
2000-04-19,1441.61,1447.69,1424.26,1427.47,-0.98
2000-04-20,1427.47,1435.49,1422.08,1434.54,0.5
2000-04-24,1434.54,1434.54,1407.13,1429.86,-0.33
2000-04-25,1429.86,1477.67,1429.86,1477.44,3.33
2000-04-26,1477.44,1482.94,1456.98,1460.99,-1.11
2000-04-27,1460.99,1469.21,1434.81,1464.92,0.27
2000-04-28,1464.92,1473.62,1448.15,1452.43,-0.85
2000-05-01,1452.43,1481.51,1452.43,1468.25,1.09
2000-05-02,1468.25,1468.25,1445.22,1446.29,-1.5
2000-05-03,1446.29,1446.29,1398.36,1415.1,-2.16
2000-05-04,1415.1,1420.99,1404.94,1409.57,-0.39
2000-05-05,1409.57,1436.03,1405.08,1432.63,1.64
2000-05-08,1432.63,1432.63,1417.05,1424.17,-0.59
2000-05-09,1424.17,1430.28,1401.85,1412.14,-0.84
2000-05-10,1412.14,1412.14,1375.14,1383.05,-2.06
2000-05-11,1383.05,1410.26,1383.05,1407.81,1.79
2000-05-12,1407.81,1430.13,1407.81,1420.96,0.93
2000-05-15,1420.96,1452.39,1416.54,1452.36,2.21
2000-05-16,1452.36,1470.4,1450.76,1466.04,0.94
2000-05-17,1466.04,1466.04,1441.67,1447.8,-1.24
2000-05-18,1447.8,1458.04,1436.59,1437.21,-0.73
2000-05-19,1437.21,1437.21,1401.74,1406.95,-2.11
2000-05-22,1406.95,1410.55,1368.73,1400.72,-0.44
2000-05-23,1400.72,1404.04,1373.6,1373.86,-1.92
2000-05-24,1373.86,1401.75,1361.09,1399.05,1.83
2000-05-25,1399.05,1411.65,1373.93,1381.52,-1.25
2000-05-26,1381.52,1391.42,1369.75,1378.02,-0.25
2000-05-30,1378.02,1422.45,1378.02,1422.45,3.22
2000-05-31,1422.44,1434.49,1415.5,1420.6,-0.13
2000-06-01,1420.6,1448.81,1420.6,1448.81,1.99
2000-06-02,1448.81,1483.23,1448.81,1477.26,1.96
2000-06-05,1477.26,1477.28,1464.68,1467.63,-0.65
2000-06-06,1467.63,1471.36,1454.74,1457.84,-0.67
2000-06-07,1457.84,1474.64,1455.06,1471.36,0.93
2000-06-08,1471.36,1475.65,1456.49,1461.67,-0.66
2000-06-09,1461.67,1472.67,1454.96,1456.95,-0.32
2000-06-12,1456.95,1462.93,1445.99,1446.0,-0.75
2000-06-13,1446.0,1470.42,1442.38,1469.44,1.62
2000-06-14,1469.44,1483.62,1467.71,1470.54,0.07
2000-06-15,1470.54,1482.04,1464.62,1478.73,0.56
2000-06-16,1478.73,1480.77,1460.42,1464.46,-0.97
2000-06-19,1464.46,1488.93,1459.05,1486.0,1.47
2000-06-20,1486.0,1487.32,1470.18,1475.95,-0.68
2000-06-21,1475.95,1482.19,1468.0,1479.13,0.22
2000-06-22,1479.13,1479.13,1448.03,1452.18,-1.82
2000-06-23,1452.18,1459.94,1438.31,1441.48,-0.74
2000-06-26,1441.48,1459.66,1441.48,1455.31,0.96
2000-06-27,1455.31,1463.44,1450.55,1450.55,-0.33
2000-06-28,1450.55,1467.6,1450.55,1454.82,0.29
2000-06-29,1454.82,1455.14,1434.63,1442.39,-0.85
2000-06-30,1442.39,1454.68,1438.71,1454.6,0.85
2000-07-03,1454.6,1469.58,1450.85,1469.54,1.03
2000-07-05,1469.54,1469.54,1442.45,1446.23,-1.59
2000-07-06,1446.23,1461.65,1439.56,1456.67,0.72
2000-07-07,1456.67,1484.12,1456.67,1478.9,1.53
2000-07-10,1478.9,1486.56,1474.76,1475.62,-0.22
2000-07-11,1475.62,1488.77,1470.48,1480.88,0.36
2000-07-12,1480.88,1497.69,1480.88,1492.92,0.81
2000-07-13,1492.92,1501.39,1489.65,1495.84,0.2
2000-07-14,1495.84,1509.99,1494.56,1509.98,0.95
2000-07-17,1509.98,1517.32,1505.26,1510.49,0.03
2000-07-18,1510.49,1510.49,1491.35,1493.74,-1.11
2000-07-19,1493.74,1495.63,1479.92,1481.96,-0.79
2000-07-20,1481.96,1501.92,1481.96,1495.57,0.92
2000-07-21,1495.57,1495.57,1477.91,1480.19,-1.03
2000-07-24,1480.19,1485.88,1463.8,1464.29,-1.07
2000-07-25,1464.29,1476.23,1464.29,1474.47,0.7
2000-07-26,1474.47,1474.47,1452.42,1452.42,-1.5
2000-07-27,1452.42,1464.91,1445.33,1449.62,-0.19
2000-07-28,1449.62,1456.68,1413.89,1419.89,-2.05
2000-07-31,1419.89,1437.65,1418.71,1430.83,0.77
2000-08-01,1430.83,1443.54,1428.96,1438.1,0.51
2000-08-02,1438.1,1451.59,1433.49,1438.7,0.04
2000-08-03,1438.7,1454.19,1425.43,1452.56,0.96
2000-08-04,1452.56,1462.93,1451.31,1462.93,0.71
2000-08-07,1462.93,1480.8,1460.72,1479.32,1.12
2000-08-08,1479.32,1484.4,1472.53,1482.8,0.24
2000-08-09,1482.8,1490.37,1471.32,1472.87,-0.67
2000-08-10,1472.87,1475.19,1459.85,1460.25,-0.86
2000-08-11,1460.25,1475.72,1453.06,1471.84,0.79
2000-08-14,1471.84,1491.64,1468.56,1491.56,1.34
2000-08-15,1491.56,1493.12,1482.74,1484.43,-0.48
2000-08-16,1484.43,1496.09,1475.74,1479.85,-0.31
2000-08-17,1479.85,1499.32,1479.85,1496.07,1.1
2000-08-18,1496.07,1499.47,1488.99,1491.72,-0.29
2000-08-21,1491.72,1502.84,1491.13,1499.48,0.52
2000-08-22,1499.48,1508.45,1497.42,1498.13,-0.09
2000-08-23,1498.13,1507.2,1489.52,1505.97,0.52
2000-08-24,1505.97,1511.16,1501.25,1508.31,0.16
2000-08-25,1508.31,1513.47,1505.09,1506.45,-0.12
2000-08-28,1506.45,1523.95,1506.45,1514.09,0.51
2000-08-29,1514.09,1514.89,1505.48,1509.84,-0.28
2000-08-30,1509.84,1510.49,1500.09,1502.59,-0.48
2000-08-31,1502.59,1525.21,1502.59,1517.68,1.0
2000-09-01,1517.68,1530.09,1515.53,1520.77,0.2
2000-09-05,1520.77,1520.77,1503.75,1507.08,-0.9
2000-09-06,1507.08,1512.61,1492.12,1492.25,-0.98
2000-09-07,1492.25,1505.34,1492.25,1502.51,0.69
2000-09-08,1502.51,1502.51,1489.88,1494.5,-0.53
2000-09-11,1494.5,1506.76,1483.01,1489.26,-0.35
2000-09-12,1489.26,1496.93,1479.67,1481.99,-0.49
2000-09-13,1481.99,1487.45,1473.61,1484.91,0.2
2000-09-14,1484.91,1494.16,1476.73,1480.87,-0.27
2000-09-15,1480.87,1480.96,1460.22,1465.81,-1.02
2000-09-18,1465.81,1467.77,1441.92,1444.51,-1.45
2000-09-19,1444.51,1461.16,1444.51,1459.9,1.07
2000-09-20,1459.9,1460.49,1430.95,1451.34,-0.59
2000-09-21,1451.34,1452.77,1436.3,1449.05,-0.16
2000-09-22,1449.05,1449.05,1421.08,1448.72,-0.02
2000-09-25,1448.72,1457.42,1435.93,1439.03,-0.67
2000-09-26,1439.03,1448.04,1425.25,1427.21,-0.82
2000-09-27,1427.21,1437.22,1419.44,1426.57,-0.04
2000-09-28,1426.57,1461.69,1425.78,1458.29,2.22
2000-09-29,1458.29,1458.29,1436.29,1436.51,-1.49
2000-10-02,1436.52,1445.6,1429.83,1436.23,-0.02
2000-10-03,1436.23,1454.82,1425.28,1426.46,-0.68
2000-10-04,1426.46,1439.99,1416.31,1434.32,0.55
2000-10-05,1434.32,1444.17,1431.8,1436.28,0.14
2000-10-06,1436.28,1443.3,1397.06,1408.99,-1.9
2000-10-09,1408.99,1409.69,1392.48,1402.03,-0.49
2000-10-10,1402.03,1408.83,1383.85,1387.02,-1.07
2000-10-11,1387.02,1387.02,1349.67,1364.59,-1.62
2000-10-12,1364.59,1374.93,1328.06,1329.78,-2.55
2000-10-13,1329.78,1374.17,1326.81,1374.17,3.34
2000-10-16,1374.17,1379.48,1365.06,1374.62,0.03
2000-10-17,1374.62,1380.99,1342.34,1349.97,-1.79
2000-10-18,1349.97,1356.65,1305.79,1342.13,-0.58
2000-10-19,1342.13,1389.93,1342.13,1388.76,3.47
2000-10-20,1388.76,1408.47,1382.19,1396.93,0.59
2000-10-23,1396.93,1406.96,1387.75,1395.78,-0.08
2000-10-24,1395.78,1415.64,1388.13,1398.13,0.17
2000-10-25,1398.13,1398.13,1362.21,1364.9,-2.38
2000-10-26,1364.9,1372.72,1337.77,1364.44,-0.03
2000-10-27,1364.44,1384.57,1364.13,1379.58,1.11
2000-10-30,1379.58,1406.36,1376.86,1398.66,1.38
2000-10-31,1398.66,1432.22,1398.66,1429.4,2.2
2000-11-01,1429.4,1429.6,1410.45,1421.22,-0.57
2000-11-02,1421.22,1433.27,1421.13,1428.32,0.5
2000-11-03,1428.32,1433.21,1420.92,1426.69,-0.11
2000-11-06,1428.76,1438.46,1427.72,1432.19,0.39
2000-11-07,1432.19,1436.22,1423.26,1431.87,-0.02
2000-11-08,1431.87,1437.28,1408.78,1409.28,-1.58
2000-11-09,1409.28,1409.28,1369.68,1400.14,-0.65
2000-11-10,1400.14,1400.14,1365.97,1365.98,-2.44
2000-11-13,1365.98,1365.98,1328.62,1351.26,-1.08
2000-11-14,1351.26,1390.06,1351.26,1382.95,2.35
2000-11-15,1382.95,1395.96,1374.75,1389.81,0.5
2000-11-16,1389.81,1394.68,1370.4,1372.32,-1.26
2000-11-17,1372.32,1384.85,1355.55,1367.72,-0.34
2000-11-20,1367.72,1367.72,1341.67,1342.62,-1.84
2000-11-21,1342.62,1355.87,1333.62,1347.35,0.35
2000-11-22,1347.35,1347.35,1321.89,1322.36,-1.85
2000-11-24,1322.36,1343.83,1322.36,1341.77,1.47
2000-11-27,1341.77,1362.5,1341.77,1348.97,0.54
2000-11-28,1348.97,1358.81,1334.97,1336.09,-0.95
2000-11-29,1336.09,1352.38,1329.28,1341.91,0.44
2000-11-30,1341.91,1341.91,1294.9,1314.95,-2.01
2000-12-01,1314.95,1334.67,1307.02,1315.23,0.02
2000-12-04,1315.18,1332.06,1310.23,1324.97,0.74
2000-12-05,1324.97,1376.56,1324.97,1376.54,3.89
2000-12-06,1376.54,1376.54,1346.15,1351.46,-1.82
2000-12-07,1351.46,1353.5,1339.26,1343.55,-0.59
2000-12-08,1343.55,1380.33,1343.55,1369.89,1.96
2000-12-11,1369.89,1389.05,1364.14,1380.2,0.75
2000-12-12,1380.2,1380.27,1370.27,1371.18,-0.65
2000-12-13,1371.18,1385.82,1358.48,1359.99,-0.82
2000-12-14,1359.99,1359.99,1340.48,1340.93,-1.4
2000-12-15,1340.93,1340.93,1305.38,1312.15,-2.15
2000-12-18,1312.15,1332.32,1312.15,1322.74,0.81
2000-12-19,1322.96,1346.44,1305.2,1305.6,-1.3
2000-12-20,1305.6,1305.6,1261.16,1264.74,-3.13
2000-12-21,1264.74,1285.31,1254.07,1274.86,0.8
2000-12-22,1274.86,1305.97,1274.86,1305.97,2.44
2000-12-26,1305.97,1315.94,1301.64,1315.19,0.71
2000-12-27,1315.19,1332.03,1310.96,1328.92,1.04
2000-12-28,1328.92,1335.93,1325.78,1334.22,0.4
2000-12-29,1334.22,1340.1,1317.51,1320.28,-1.04
2001-01-02,1320.28,1320.28,1276.05,1283.27,-2.8
2001-01-03,1283.27,1347.76,1274.62,1347.56,5.01
2001-01-04,1347.56,1350.24,1329.14,1333.34,-1.06
2001-01-05,1333.34,1334.77,1294.95,1298.35,-2.62
2001-01-08,1298.35,1298.35,1276.29,1295.86,-0.19
2001-01-09,1295.86,1311.72,1295.14,1300.8,0.38
2001-01-10,1300.8,1313.76,1287.28,1313.27,0.96
2001-01-11,1313.27,1332.19,1310.36,1326.82,1.03
2001-01-12,1326.82,1333.21,1311.59,1318.32,-0.62
2001-01-16,1318.32,1327.81,1313.33,1326.65,0.61
2001-01-17,1326.65,1346.92,1325.41,1329.47,0.21
2001-01-18,1329.89,1352.71,1327.41,1347.97,1.39
2001-01-19,1347.97,1354.55,1336.74,1342.55,-0.4
2001-01-22,1342.54,1353.62,1333.84,1342.9,0.03
2001-01-23,1342.9,1362.9,1339.63,1360.4,1.3
2001-01-24,1360.4,1369.59,1357.28,1364.3,0.29
2001-01-25,1364.3,1367.35,1354.63,1357.51,-0.5
2001-01-26,1357.51,1357.51,1342.75,1354.95,-0.19
2001-01-29,1354.92,1365.54,1350.36,1364.17,0.68
2001-01-30,1364.17,1375.68,1356.2,1373.73,0.7
2001-01-31,1373.73,1383.37,1364.66,1366.01,-0.56
2001-02-01,1366.01,1373.5,1359.34,1373.47,0.55
2001-02-02,1373.47,1376.38,1348.72,1349.47,-1.75
2001-02-05,1349.47,1354.56,1344.48,1354.31,0.36
2001-02-06,1354.31,1363.55,1350.04,1352.26,-0.15
2001-02-07,1352.26,1352.26,1334.26,1340.89,-0.84
2001-02-08,1341.1,1350.32,1332.42,1332.53,-0.62
2001-02-09,1332.53,1332.53,1309.98,1314.76,-1.33
2001-02-12,1314.76,1330.96,1313.64,1330.31,1.18
2001-02-13,1330.31,1336.62,1317.51,1318.8,-0.87
2001-02-14,1318.8,1320.73,1304.72,1315.92,-0.22
2001-02-15,1315.92,1331.29,1315.92,1326.61,0.81
2001-02-16,1326.61,1326.61,1293.18,1301.53,-1.89
2001-02-20,1301.53,1307.16,1278.44,1278.94,-1.74
2001-02-21,1278.94,1282.97,1253.16,1255.27,-1.85
2001-02-22,1255.27,1259.94,1228.33,1252.82,-0.2
2001-02-23,1252.82,1252.82,1215.44,1245.86,-0.56
2001-02-26,1245.86,1267.69,1241.71,1267.65,1.75
2001-02-27,1267.65,1272.76,1252.26,1257.94,-0.77
2001-02-28,1257.94,1263.47,1229.65,1239.94,-1.43
2001-03-01,1239.94,1241.36,1214.5,1241.23,0.1
2001-03-02,1241.23,1251.01,1219.74,1234.18,-0.57
2001-03-05,1234.18,1242.55,1234.04,1241.41,0.59
2001-03-06,1241.41,1267.42,1241.41,1253.8,1.0
2001-03-07,1253.8,1263.86,1253.8,1261.89,0.65
2001-03-08,1261.89,1266.5,1257.6,1264.74,0.23
2001-03-09,1264.74,1264.74,1228.42,1233.42,-2.48
2001-03-12,1233.42,1233.42,1176.78,1180.16,-4.32
2001-03-13,1180.16,1197.83,1171.5,1197.66,1.48
2001-03-14,1197.66,1197.66,1155.35,1166.71,-2.58
2001-03-15,1166.71,1182.04,1166.71,1173.56,0.59
2001-03-16,1173.56,1173.56,1148.64,1150.53,-1.96
2001-03-19,1150.53,1173.5,1147.18,1170.81,1.76
2001-03-20,1170.81,1180.56,1142.19,1142.62,-2.41
2001-03-21,1142.62,1149.39,1118.74,1122.14,-1.79
2001-03-22,1122.14,1124.27,1081.19,1117.58,-0.41
2001-03-23,1117.58,1141.83,1117.58,1139.83,1.99
2001-03-26,1139.83,1160.02,1139.83,1152.69,1.13
2001-03-27,1152.69,1183.35,1150.96,1182.17,2.56
2001-03-28,1182.17,1182.17,1147.83,1153.29,-2.44
2001-03-29,1153.29,1161.69,1136.26,1147.95,-0.46
2001-03-30,1147.95,1162.8,1143.83,1160.33,1.08
2001-04-02,1160.33,1169.51,1137.51,1145.87,-1.25
2001-04-03,1145.87,1145.87,1100.19,1106.46,-3.44
2001-04-04,1106.46,1117.5,1091.99,1103.25,-0.29
2001-04-05,1103.25,1151.47,1103.25,1151.44,4.37
2001-04-06,1151.44,1151.44,1119.29,1128.43,-2.0
2001-04-09,1128.43,1146.13,1126.38,1137.59,0.81
2001-04-10,1137.59,1173.92,1137.59,1168.38,2.71
2001-04-11,1168.38,1182.24,1160.26,1165.89,-0.21
2001-04-12,1165.89,1183.51,1157.73,1183.5,1.51
2001-04-16,1183.5,1184.64,1167.38,1179.68,-0.32
2001-04-17,1179.68,1192.04,1169.13,1191.81,1.03
2001-04-18,1191.81,1248.42,1191.81,1238.16,3.89
2001-04-19,1238.16,1253.71,1233.39,1253.7,1.25
2001-04-20,1253.7,1253.7,1234.41,1242.98,-0.85
2001-04-23,1242.98,1242.98,1217.47,1224.36,-1.5
2001-04-24,1224.36,1233.54,1208.89,1209.47,-1.22
2001-04-25,1209.47,1232.36,1207.38,1228.75,1.59
2001-04-26,1228.75,1248.3,1228.75,1234.52,0.47
2001-04-27,1234.52,1253.07,1234.52,1253.05,1.5
2001-04-30,1253.05,1269.3,1243.99,1249.46,-0.29
2001-05-01,1249.46,1266.47,1243.55,1266.44,1.36
2001-05-02,1266.44,1272.93,1257.7,1267.43,0.08
2001-05-03,1267.43,1267.43,1239.88,1248.58,-1.49
2001-05-04,1248.58,1267.51,1232.0,1266.61,1.44
2001-05-07,1266.61,1270.0,1259.19,1263.51,-0.24
2001-05-08,1266.71,1267.01,1253.0,1261.2,-0.18
2001-05-09,1261.2,1261.65,1247.83,1255.54,-0.45
2001-05-10,1255.54,1268.14,1254.56,1255.18,-0.03
2001-05-11,1255.18,1259.84,1240.79,1245.67,-0.76
2001-05-14,1245.67,1249.68,1241.02,1248.92,0.26
2001-05-15,1248.92,1257.45,1245.36,1249.44,0.04
2001-05-16,1249.44,1286.39,1243.02,1284.99,2.85
2001-05-17,1284.99,1296.48,1282.65,1288.49,0.27
2001-05-18,1288.49,1292.06,1281.15,1291.96,0.27
2001-05-21,1291.96,1312.95,1287.87,1312.83,1.62
2001-05-22,1312.83,1315.93,1306.89,1309.38,-0.26
2001-05-23,1309.38,1309.38,1288.7,1289.05,-1.55
2001-05-24,1289.05,1295.04,1281.22,1293.17,0.32
2001-05-25,1293.17,1293.17,1276.42,1277.89,-1.18
2001-05-29,1277.89,1278.42,1265.41,1267.93,-0.78
2001-05-30,1267.93,1267.93,1245.96,1248.08,-1.57
2001-05-31,1248.08,1261.91,1248.07,1255.82,0.62
2001-06-01,1255.82,1265.34,1246.88,1260.67,0.39
2001-06-04,1260.67,1267.17,1256.36,1267.11,0.51
2001-06-05,1267.11,1286.62,1267.11,1283.57,1.3
2001-06-06,1283.57,1283.85,1269.01,1270.03,-1.05
2001-06-07,1270.03,1278.42,1265.41,1276.96,0.55
2001-06-08,1276.96,1277.11,1259.99,1264.96,-0.94
2001-06-11,1264.96,1264.96,1249.23,1254.39,-0.84
2001-06-12,1254.39,1261.0,1235.75,1255.85,0.12
2001-06-13,1255.85,1259.75,1241.59,1241.6,-1.13
2001-06-14,1241.6,1241.6,1218.9,1219.87,-1.75
2001-06-15,1219.87,1221.5,1203.03,1214.36,-0.45
2001-06-18,1214.36,1221.23,1208.33,1208.43,-0.49
2001-06-19,1208.43,1226.11,1207.71,1212.58,0.34
2001-06-20,1212.58,1225.61,1210.07,1223.14,0.87
2001-06-21,1223.14,1240.24,1220.25,1237.04,1.14
2001-06-22,1237.04,1237.73,1221.41,1225.35,-0.94
2001-06-25,1225.35,1231.5,1213.6,1218.6,-0.55
2001-06-26,1218.6,1220.7,1204.64,1216.76,-0.15
2001-06-27,1216.76,1219.92,1207.29,1211.07,-0.47
2001-06-28,1211.07,1234.44,1211.07,1226.2,1.25
2001-06-29,1226.2,1237.29,1221.14,1224.42,-0.15
2001-07-02,1224.42,1239.78,1224.03,1236.72,1.01
2001-07-03,1236.71,1236.71,1229.43,1234.45,-0.18
2001-07-05,1234.45,1234.45,1219.15,1219.24,-1.23
2001-07-06,1219.24,1219.24,1188.74,1190.59,-2.35
2001-07-09,1190.59,1201.76,1189.75,1198.78,0.69
2001-07-10,1198.78,1203.43,1179.93,1181.52,-1.44
2001-07-11,1181.52,1184.93,1168.46,1180.18,-0.11
2001-07-12,1180.18,1210.25,1180.18,1208.14,2.37
2001-07-13,1208.14,1218.54,1203.61,1215.68,0.62
2001-07-16,1215.68,1219.63,1200.05,1202.45,-1.09
2001-07-17,1202.45,1215.36,1196.14,1214.44,1.0
2001-07-18,1214.44,1214.44,1198.33,1207.71,-0.55
2001-07-19,1207.71,1225.04,1205.8,1215.02,0.61
2001-07-20,1215.02,1215.69,1207.04,1210.85,-0.34
2001-07-23,1210.85,1215.22,1190.5,1191.03,-1.64
2001-07-24,1191.03,1191.03,1165.54,1171.65,-1.63
2001-07-25,1171.65,1190.52,1171.28,1190.49,1.61
2001-07-26,1190.49,1204.18,1182.65,1202.93,1.04
2001-07-27,1202.93,1209.26,1195.99,1205.82,0.24
2001-07-30,1205.82,1209.05,1200.41,1204.52,-0.11
2001-07-31,1204.52,1222.74,1204.52,1211.23,0.56
2001-08-01,1211.23,1223.04,1211.23,1215.93,0.39
2001-08-02,1215.93,1226.27,1215.31,1220.75,0.4
2001-08-03,1220.75,1220.75,1205.31,1214.35,-0.52
2001-08-06,1214.35,1214.35,1197.35,1200.48,-1.14
2001-08-07,1200.47,1207.56,1195.64,1204.4,0.33
2001-08-08,1204.4,1206.79,1181.27,1183.53,-1.73
2001-08-09,1183.53,1184.71,1174.68,1183.43,-0.01
2001-08-10,1183.43,1193.33,1169.55,1190.16,0.57
2001-08-13,1190.16,1193.82,1185.12,1191.29,0.09
2001-08-14,1191.29,1198.79,1184.26,1186.73,-0.38
2001-08-15,1186.73,1191.21,1177.61,1178.02,-0.73
2001-08-16,1178.02,1181.8,1166.08,1181.66,0.31
2001-08-17,1181.66,1181.66,1156.07,1161.97,-1.67
2001-08-20,1161.97,1171.41,1160.94,1171.41,0.81
2001-08-21,1171.41,1179.85,1156.56,1157.26,-1.21
2001-08-22,1157.26,1168.56,1153.34,1165.31,0.7
2001-08-23,1165.31,1169.86,1160.96,1162.09,-0.28
2001-08-24,1162.09,1185.15,1162.09,1184.93,1.97
2001-08-27,1184.93,1186.85,1178.07,1179.21,-0.48
2001-08-28,1179.21,1179.66,1161.17,1161.51,-1.5
2001-08-29,1161.51,1166.97,1147.38,1148.6,-1.11
2001-08-30,1148.6,1151.75,1124.87,1129.03,-1.7
2001-08-31,1129.03,1141.83,1126.38,1133.58,0.4
2001-09-04,1133.58,1155.4,1129.06,1132.94,-0.06
2001-09-05,1132.94,1135.52,1114.86,1131.74,-0.11
2001-09-06,1131.74,1131.74,1105.83,1106.4,-2.24
2001-09-07,1106.4,1106.4,1082.12,1085.78,-1.86
2001-09-10,1085.78,1096.94,1073.15,1092.54,0.62
2001-09-17,1092.54,1092.54,1037.46,1038.77,-4.92
2001-09-18,1038.77,1046.42,1029.25,1032.74,-0.58
2001-09-19,1032.74,1038.91,984.62,1016.1,-1.61
2001-09-20,1016.1,1016.1,984.49,984.54,-3.11
2001-09-21,984.54,984.54,944.75,965.8,-1.9
2001-09-24,965.8,1008.44,965.8,1003.45,3.9
2001-09-25,1003.45,1017.14,998.33,1012.27,0.88
2001-09-26,1012.27,1020.29,1002.62,1007.04,-0.52
2001-09-27,1007.04,1018.92,998.24,1018.61,1.15
2001-09-28,1018.61,1040.94,1018.61,1040.94,2.19
2001-10-01,1040.94,1040.94,1026.76,1038.55,-0.23
2001-10-02,1038.55,1051.33,1034.47,1051.33,1.23
2001-10-03,1051.33,1075.38,1041.48,1072.28,1.99
2001-10-04,1072.28,1084.12,1067.82,1069.62,-0.25
2001-10-05,1069.62,1072.35,1053.5,1071.38,0.16
2001-10-08,1071.37,1071.37,1056.88,1062.44,-0.83
2001-10-09,1062.44,1063.37,1053.83,1056.75,-0.54
2001-10-10,1056.75,1081.62,1052.7,1080.99,2.29
2001-10-11,1080.99,1099.16,1080.99,1097.43,1.52
2001-10-12,1097.43,1097.43,1072.15,1091.65,-0.53
2001-10-15,1091.65,1091.65,1078.19,1089.98,-0.15
2001-10-16,1089.98,1101.66,1087.13,1097.54,0.69
2001-10-17,1097.54,1107.12,1076.57,1077.09,-1.86
2001-10-18,1077.09,1077.94,1064.54,1068.61,-0.79
2001-10-19,1068.61,1075.52,1057.24,1073.48,0.46
2001-10-22,1073.48,1090.57,1070.32,1089.9,1.53
2001-10-23,1089.9,1098.99,1081.53,1084.78,-0.47
2001-10-24,1084.78,1090.26,1079.98,1085.2,0.04
2001-10-25,1085.2,1100.09,1065.64,1100.09,1.37
2001-10-26,1100.09,1110.61,1094.24,1104.61,0.41
2001-10-29,1104.61,1104.61,1078.3,1078.3,-2.38
2001-10-30,1078.3,1078.3,1053.61,1059.79,-1.72
2001-10-31,1059.79,1074.79,1057.55,1059.78,0.0
2001-11-01,1059.78,1085.61,1054.31,1084.1,2.29
2001-11-02,1084.1,1089.63,1075.58,1087.2,0.29
2001-11-05,1087.2,1106.72,1087.2,1102.84,1.44
2001-11-06,1102.84,1119.73,1095.36,1118.86,1.45
2001-11-07,1118.86,1126.62,1112.98,1115.8,-0.27
2001-11-08,1115.8,1135.75,1115.42,1118.54,0.25
2001-11-09,1118.54,1123.02,1111.13,1120.31,0.16
2001-11-12,1120.31,1121.71,1098.32,1118.33,-0.18
2001-11-13,1118.33,1139.14,1118.33,1139.09,1.86
2001-11-14,1139.09,1148.28,1132.87,1141.21,0.19
2001-11-15,1141.21,1146.46,1135.06,1142.24,0.09
2001-11-16,1142.24,1143.52,1129.92,1138.65,-0.31
2001-11-19,1138.65,1151.06,1138.65,1151.06,1.09
2001-11-20,1151.06,1152.45,1142.17,1142.66,-0.73
2001-11-21,1142.66,1142.66,1129.78,1137.03,-0.49
2001-11-23,1137.03,1151.05,1135.9,1150.34,1.17
2001-11-26,1150.34,1157.88,1146.17,1157.42,0.62
2001-11-27,1157.42,1163.38,1140.81,1149.5,-0.68
2001-11-28,1149.5,1149.5,1128.29,1128.52,-1.83
2001-11-29,1128.52,1140.4,1125.51,1140.2,1.03
2001-11-30,1140.2,1143.57,1135.89,1139.45,-0.07
2001-12-03,1139.45,1139.45,1125.78,1129.9,-0.84
2001-12-04,1129.9,1144.8,1128.86,1144.8,1.32
2001-12-05,1143.77,1173.62,1143.77,1170.35,2.23
2001-12-06,1170.35,1173.35,1164.43,1167.1,-0.28
2001-12-07,1167.1,1167.1,1152.66,1158.31,-0.75
2001-12-10,1158.31,1158.31,1139.66,1139.93,-1.59
2001-12-11,1139.93,1150.89,1134.32,1136.76,-0.28
2001-12-12,1136.76,1141.58,1126.01,1137.07,0.03
2001-12-13,1137.07,1137.07,1117.85,1119.38,-1.56
2001-12-14,1119.38,1128.28,1114.53,1123.09,0.33
2001-12-17,1123.09,1137.36,1122.34,1134.36,1.0
2001-12-18,1134.36,1145.1,1134.36,1142.92,0.75
2001-12-19,1142.92,1152.44,1134.75,1149.56,0.58
2001-12-20,1149.56,1151.42,1139.93,1139.93,-0.84
2001-12-21,1139.93,1147.83,1139.93,1144.89,0.44
2001-12-24,1144.89,1147.83,1144.62,1144.65,-0.02
2001-12-26,1144.65,1159.18,1144.65,1149.37,0.41
2001-12-27,1149.37,1157.13,1149.37,1157.13,0.68
2001-12-28,1157.13,1164.64,1157.13,1161.02,0.34
2001-12-31,1161.02,1161.16,1148.04,1148.08,-1.11
2002-01-02,1148.08,1154.67,1136.23,1154.67,0.57
2002-01-03,1154.67,1165.27,1154.01,1165.27,0.92
2002-01-04,1165.27,1176.55,1163.42,1172.51,0.62
2002-01-07,1172.51,1176.97,1163.55,1164.89,-0.65
2002-01-08,1164.89,1167.6,1157.46,1160.71,-0.36
2002-01-09,1160.71,1174.26,1151.89,1155.14,-0.48
2002-01-10,1155.14,1159.93,1150.85,1156.55,0.12
2002-01-11,1156.55,1159.41,1145.45,1145.6,-0.95
2002-01-14,1145.6,1145.6,1138.15,1138.41,-0.63
2002-01-15,1138.41,1148.81,1136.88,1146.19,0.68
2002-01-16,1146.19,1146.19,1127.49,1127.57,-1.62
2002-01-17,1127.57,1139.27,1127.57,1138.88,1.0
2002-01-18,1138.88,1138.88,1124.45,1127.58,-0.99
2002-01-22,1127.58,1135.26,1117.91,1119.31,-0.73
2002-01-23,1119.31,1131.94,1117.43,1128.18,0.79
2002-01-24,1128.18,1139.5,1128.18,1132.15,0.35
2002-01-25,1132.15,1138.31,1127.82,1133.28,0.1
2002-01-28,1133.28,1138.63,1126.66,1133.06,-0.02
2002-01-29,1133.06,1137.47,1098.74,1100.64,-2.86
2002-01-30,1100.64,1113.79,1081.66,1113.57,1.17
2002-01-31,1113.57,1130.21,1113.3,1130.2,1.49
2002-02-01,1130.2,1130.2,1118.51,1122.2,-0.71
2002-02-04,1122.2,1122.2,1092.25,1094.44,-2.47
2002-02-05,1094.44,1100.96,1082.58,1090.02,-0.4
2002-02-06,1090.02,1093.58,1077.78,1083.51,-0.6
2002-02-07,1083.51,1094.03,1078.44,1080.17,-0.31
2002-02-08,1080.17,1096.3,1079.91,1096.22,1.49
2002-02-11,1096.22,1112.01,1094.68,1111.94,1.43
2002-02-12,1111.94,1112.68,1102.98,1107.5,-0.4
2002-02-13,1107.5,1120.56,1107.5,1118.51,0.99
2002-02-14,1118.51,1124.72,1112.3,1116.48,-0.18
2002-02-15,1116.48,1117.09,1103.23,1104.18,-1.1
2002-02-19,1104.18,1104.18,1082.24,1083.34,-1.89
2002-02-20,1083.34,1098.32,1074.36,1097.98,1.35
2002-02-21,1097.98,1101.5,1080.24,1080.95,-1.55
2002-02-22,1080.95,1093.93,1074.39,1089.84,0.82
2002-02-25,1089.84,1112.71,1089.84,1109.43,1.8
2002-02-26,1109.43,1115.05,1101.72,1109.38,0.0
2002-02-27,1109.38,1123.06,1102.26,1109.89,0.05
2002-02-28,1109.89,1121.57,1106.73,1106.73,-0.28
2002-03-01,1106.73,1131.79,1106.73,1131.78,2.26
2002-03-04,1131.78,1153.84,1130.93,1153.84,1.95
2002-03-05,1153.84,1157.74,1144.78,1146.14,-0.67
2002-03-06,1146.14,1165.29,1145.11,1162.77,1.45
2002-03-07,1162.77,1167.94,1150.69,1157.54,-0.45
2002-03-08,1157.54,1172.76,1157.54,1164.31,0.58
2002-03-11,1164.31,1173.03,1159.58,1168.26,0.34
2002-03-12,1168.26,1168.26,1154.34,1165.58,-0.23
2002-03-13,1165.58,1165.58,1151.01,1154.09,-0.99
2002-03-14,1154.09,1157.83,1151.08,1153.04,-0.09
2002-03-15,1153.04,1166.48,1153.04,1166.16,1.14
2002-03-18,1166.16,1172.73,1159.14,1165.55,-0.05
2002-03-19,1165.55,1173.94,1165.55,1170.29,0.41
2002-03-20,1170.29,1170.29,1151.61,1151.85,-1.58
2002-03-21,1151.85,1155.1,1139.48,1153.59,0.15
2002-03-22,1153.59,1156.49,1144.6,1148.7,-0.42
2002-03-25,1148.7,1151.04,1131.87,1131.87,-1.47
2002-03-26,1131.87,1147.0,1131.61,1138.49,0.58
2002-03-27,1138.49,1146.95,1135.33,1144.58,0.53
2002-03-28,1144.58,1154.45,1144.58,1147.39,0.25
2002-04-01,1147.39,1147.84,1132.87,1146.54,-0.07
2002-04-02,1146.54,1146.54,1135.71,1136.76,-0.85
2002-04-03,1136.76,1138.85,1119.68,1125.4,-1.0
2002-04-04,1125.4,1130.45,1120.06,1126.34,0.08
2002-04-05,1126.34,1133.31,1119.49,1122.73,-0.32
2002-04-08,1122.73,1125.41,1111.79,1125.29,0.23
2002-04-09,1125.29,1128.29,1116.73,1117.8,-0.67
2002-04-10,1117.8,1131.76,1117.8,1130.47,1.13
2002-04-11,1130.47,1130.47,1102.42,1103.69,-2.37
2002-04-12,1103.69,1112.77,1102.74,1111.01,0.66
2002-04-15,1111.01,1114.86,1099.41,1102.55,-0.76
2002-04-16,1102.55,1129.4,1102.55,1128.37,2.34
2002-04-17,1128.37,1133.0,1123.37,1126.07,-0.2
2002-04-18,1126.07,1130.49,1109.29,1124.47,-0.14
2002-04-19,1124.47,1128.82,1122.59,1125.17,0.06
2002-04-22,1125.17,1125.17,1105.62,1107.83,-1.54
2002-04-23,1107.83,1111.17,1098.94,1100.96,-0.62
2002-04-24,1100.96,1108.46,1092.51,1093.14,-0.71
2002-04-25,1093.14,1094.36,1084.81,1091.48,-0.15
2002-04-26,1091.48,1096.77,1076.31,1076.32,-1.39
2002-04-29,1076.32,1078.95,1063.62,1065.45,-1.01
2002-04-30,1065.45,1082.62,1063.46,1076.92,1.08
2002-05-01,1076.92,1088.32,1065.29,1086.46,0.89
2002-05-02,1086.46,1091.42,1079.46,1084.56,-0.17
2002-05-03,1084.56,1084.56,1068.89,1073.43,-1.03
2002-05-06,1073.43,1075.96,1052.65,1052.67,-1.93
2002-05-07,1052.67,1058.67,1048.96,1049.49,-0.3
2002-05-08,1049.49,1088.92,1049.49,1088.85,3.75
2002-05-09,1088.85,1088.85,1072.23,1073.01,-1.45
2002-05-10,1073.01,1075.43,1053.93,1054.99,-1.68
2002-05-13,1054.99,1074.84,1053.9,1074.56,1.85
2002-05-14,1074.56,1097.71,1074.56,1097.28,2.11
2002-05-15,1097.28,1104.23,1088.94,1091.07,-0.57
2002-05-16,1091.07,1099.29,1089.17,1098.23,0.66
2002-05-17,1098.23,1106.59,1096.77,1106.59,0.76
2002-05-20,1106.59,1106.59,1090.61,1091.88,-1.33
2002-05-21,1091.88,1099.55,1079.08,1079.88,-1.1
2002-05-22,1079.88,1086.02,1075.64,1086.02,0.57
2002-05-23,1086.02,1097.1,1080.55,1097.08,1.02
2002-05-24,1097.08,1097.08,1082.19,1083.82,-1.21
2002-05-28,1083.82,1085.98,1070.31,1074.55,-0.86
2002-05-29,1074.55,1074.83,1067.66,1067.66,-0.64
2002-05-30,1067.66,1069.5,1054.26,1064.66,-0.28
2002-05-31,1064.66,1079.93,1064.66,1067.14,0.23
2002-06-03,1067.14,1070.74,1039.9,1040.68,-2.48
2002-06-04,1040.68,1046.06,1030.52,1040.69,0.0
2002-06-05,1040.69,1050.11,1038.84,1049.9,0.88
2002-06-06,1049.9,1049.9,1026.91,1029.15,-1.98
2002-06-07,1029.15,1033.02,1012.49,1027.53,-0.16
2002-06-10,1027.53,1038.18,1025.45,1030.74,0.31
2002-06-11,1030.74,1039.04,1012.94,1013.6,-1.66
2002-06-12,1013.6,1021.85,1002.58,1020.26,0.66
2002-06-13,1020.26,1023.47,1008.12,1009.56,-1.05
2002-06-14,1009.56,1009.56,981.63,1007.27,-0.23
2002-06-17,1007.27,1036.17,1007.27,1036.17,2.87
2002-06-18,1036.17,1040.83,1030.92,1037.14,0.09
2002-06-19,1037.14,1037.61,1017.88,1019.99,-1.65
2002-06-20,1019.99,1023.33,1004.59,1006.29,-1.34
2002-06-21,1006.29,1006.29,985.65,989.14,-1.7
2002-06-24,989.14,1002.11,970.85,992.72,0.36
2002-06-25,992.72,1005.88,974.21,976.14,-1.67
2002-06-26,976.14,977.43,952.92,973.53,-0.27
2002-06-27,973.53,990.67,963.74,990.64,1.76
2002-06-28,990.64,1001.79,988.31,989.82,-0.08
2002-07-01,989.82,994.46,967.43,968.65,-2.14
2002-07-02,968.65,968.65,945.54,948.09,-2.12
2002-07-03,948.09,954.3,934.87,953.99,0.62
2002-07-05,953.99,989.07,953.99,989.03,3.67
2002-07-08,989.03,993.56,972.91,976.98,-1.22
2002-07-09,976.98,979.63,951.71,952.83,-2.47
2002-07-10,952.83,956.34,920.29,920.47,-3.4
2002-07-11,920.47,929.16,900.94,927.37,0.75
2002-07-12,927.37,934.31,913.71,921.39,-0.64
2002-07-15,921.39,921.39,876.46,917.93,-0.38
2002-07-16,917.93,918.65,897.13,901.05,-1.85
2002-07-17,901.05,926.52,895.03,906.04,0.57
2002-07-18,906.04,907.8,880.6,881.56,-2.7
2002-07-19,881.56,881.56,842.07,847.76,-3.84
2002-07-22,847.76,854.13,813.26,819.85,-3.29
2002-07-23,819.85,827.69,796.13,797.7,-2.7
2002-07-24,797.71,844.32,775.68,843.42,5.73
2002-07-25,843.42,853.83,816.11,838.68,-0.56
2002-07-26,838.68,852.85,835.92,852.84,1.69
2002-07-29,852.84,898.96,852.84,898.96,5.41
2002-07-30,898.96,909.81,884.7,902.78,0.42
2002-07-31,902.78,911.64,889.88,911.62,0.98
2002-08-01,911.62,911.62,882.48,884.66,-2.96
2002-08-02,884.66,884.72,853.95,864.24,-2.31
2002-08-05,864.24,864.24,833.44,834.6,-3.43
2002-08-06,834.6,874.44,834.6,859.57,2.99
2002-08-07,859.57,878.74,854.15,876.77,2.0
2002-08-08,876.77,905.84,875.17,905.46,3.27
2002-08-09,905.46,913.95,890.77,908.64,0.35
2002-08-12,908.64,908.64,892.38,903.8,-0.53
2002-08-13,903.8,911.71,883.62,884.21,-2.17
2002-08-14,884.21,920.21,876.2,919.62,4.0
2002-08-15,919.62,933.29,918.17,930.25,1.16
2002-08-16,930.25,935.38,916.21,928.77,-0.16
2002-08-19,928.77,951.17,927.21,950.72,2.36
2002-08-20,950.7,950.7,931.86,937.43,-1.4
2002-08-21,937.43,951.59,931.32,949.36,1.27
2002-08-22,949.36,965.0,946.43,962.7,1.41
2002-08-23,962.7,962.7,937.17,940.86,-2.27
2002-08-26,940.86,950.8,930.42,947.95,0.75
2002-08-27,947.95,955.82,930.36,934.82,-1.39
2002-08-28,934.82,934.82,913.21,917.87,-1.81
2002-08-29,917.87,924.59,903.33,917.8,-0.01
2002-08-30,917.8,928.15,910.17,916.07,-0.19
2002-09-03,916.07,916.07,877.51,878.02,-4.15
2002-09-04,878.02,896.1,875.73,893.4,1.75
2002-09-05,893.4,893.4,870.5,879.15,-1.6
2002-09-06,879.15,899.07,879.15,893.92,1.68
2002-09-09,893.92,907.34,882.92,902.96,1.01
2002-09-10,902.96,909.89,900.5,909.58,0.73
2002-09-11,910.63,924.02,908.47,909.45,-0.01
2002-09-12,909.45,909.45,884.84,886.91,-2.48
2002-09-13,886.91,892.75,877.05,889.81,0.33
2002-09-16,889.81,891.84,878.91,891.1,0.14
2002-09-17,891.1,902.68,872.38,873.52,-1.97
2002-09-18,873.52,878.45,857.39,869.46,-0.46
2002-09-19,869.46,869.46,843.09,843.32,-3.01
2002-09-20,843.32,849.32,839.09,845.39,0.25
2002-09-23,845.39,845.39,825.76,833.7,-1.38
2002-09-24,833.7,833.7,817.38,819.29,-1.73
2002-09-25,819.27,844.22,818.46,839.66,2.49
2002-09-26,839.66,856.6,839.66,854.95,1.82
2002-09-27,854.95,854.95,826.84,827.37,-3.23
2002-09-30,827.37,827.37,800.2,815.28,-1.46
2002-10-01,815.28,847.93,812.82,847.91,4.0
2002-10-02,843.77,851.93,826.5,827.91,-2.36
2002-10-03,827.91,840.02,817.25,818.95,-1.08
2002-10-04,818.95,825.9,794.1,800.58,-2.24
2002-10-07,800.58,808.21,782.96,785.28,-1.91
2002-10-08,785.28,808.86,779.5,798.55,1.69
2002-10-09,798.55,798.55,775.8,776.76,-2.73
2002-10-10,776.76,806.51,768.63,803.92,3.5
2002-10-11,803.92,843.27,803.92,835.32,3.91
2002-10-14,835.32,844.39,828.37,841.44,0.73
2002-10-15,841.44,881.27,841.44,881.27,4.73
2002-10-16,881.27,881.27,856.28,860.02,-2.41
2002-10-17,860.02,885.35,860.02,879.2,2.23
2002-10-18,879.2,886.68,866.58,884.39,0.59
2002-10-21,884.39,900.69,873.06,899.72,1.73
2002-10-22,899.72,899.72,882.4,890.16,-1.06
2002-10-23,890.16,896.14,873.82,896.14,0.67
2002-10-24,896.14,902.94,879.0,882.5,-1.52
2002-10-25,882.5,897.71,877.03,897.65,1.72
2002-10-28,897.65,907.44,886.15,890.23,-0.83
2002-10-29,890.23,890.64,867.91,882.15,-0.91
2002-10-30,882.15,895.28,879.19,890.71,0.97
2002-10-31,890.71,898.83,879.75,885.76,-0.56
2002-11-01,885.76,903.42,877.71,900.96,1.72
2002-11-04,900.96,924.58,900.96,908.35,0.82
2002-11-05,908.35,915.83,904.91,915.39,0.78
2002-11-06,915.39,925.66,905.0,923.76,0.91
2002-11-07,923.76,923.76,898.68,902.65,-2.29
2002-11-08,902.65,910.11,891.62,894.74,-0.88
2002-11-11,894.74,894.74,874.63,876.19,-2.07
2002-11-12,876.19,894.3,876.19,882.95,0.77
2002-11-13,882.95,892.51,872.05,882.53,-0.05
2002-11-14,882.53,904.27,882.53,904.27,2.46
2002-11-15,904.27,910.21,895.35,909.83,0.61
2002-11-18,909.83,915.91,899.48,900.36,-1.04
2002-11-19,900.36,905.45,893.09,896.74,-0.4
2002-11-20,896.74,915.01,894.93,914.15,1.94
2002-11-21,914.15,935.13,914.15,933.76,2.15
2002-11-22,933.76,937.28,928.41,930.55,-0.34
2002-11-25,930.55,937.15,923.31,932.88,0.25
2002-11-26,932.87,932.87,912.1,913.31,-2.1
2002-11-27,913.31,940.41,913.31,938.87,2.8
2002-11-29,938.87,941.82,935.58,936.31,-0.27
2002-12-02,936.31,954.28,927.72,934.53,-0.19
2002-12-03,934.53,934.53,918.73,920.75,-1.47
2002-12-04,920.75,925.25,909.51,917.57,-0.34
2002-12-05,917.58,921.49,905.9,906.55,-1.2
2002-12-06,906.55,915.48,895.96,912.23,0.63
2002-12-09,912.23,912.23,891.97,892.0,-2.22
2002-12-10,892.0,904.95,892.0,904.45,1.4
2002-12-11,904.45,909.94,896.48,904.96,0.06
2002-12-12,904.96,908.37,897.0,901.59,-0.37
2002-12-13,901.58,901.58,888.48,889.48,-1.34
2002-12-16,889.48,910.42,889.48,910.4,2.35
2002-12-17,910.4,911.22,901.74,902.99,-0.81
2002-12-18,902.99,902.99,887.82,891.12,-1.31
2002-12-19,890.02,899.19,880.32,884.25,-0.77
2002-12-20,884.25,897.79,884.25,895.75,1.3
2002-12-23,895.74,902.43,892.26,897.38,0.18
2002-12-24,897.38,897.38,892.29,892.47,-0.55
2002-12-26,892.47,903.89,887.48,889.66,-0.31
2002-12-27,889.66,890.46,873.62,875.4,-1.6
2002-12-30,875.4,882.1,870.23,879.39,0.46
2002-12-31,879.39,881.93,869.45,879.82,0.05
2003-01-02,879.82,909.03,879.82,909.03,3.32
2003-01-03,909.03,911.25,903.07,908.59,-0.05
2003-01-06,908.59,931.77,908.59,929.01,2.25
2003-01-07,929.01,930.81,919.93,922.93,-0.65
2003-01-08,922.93,922.93,908.32,909.93,-1.41
2003-01-09,909.93,928.31,909.93,927.58,1.94
2003-01-10,927.58,932.89,917.66,927.57,0.0
2003-01-13,927.57,935.05,922.05,926.26,-0.14
2003-01-14,926.26,931.66,921.72,931.66,0.58
2003-01-15,931.66,932.59,916.7,918.22,-1.44
2003-01-16,918.22,926.03,911.98,914.6,-0.39
2003-01-17,914.6,914.6,899.02,901.78,-1.4
2003-01-21,901.78,906.0,887.62,887.62,-1.57
2003-01-22,887.62,889.74,877.64,878.36,-1.04
2003-01-23,878.36,890.25,876.89,887.34,1.02
2003-01-24,887.34,887.34,859.71,861.4,-2.92
2003-01-27,861.4,863.95,844.25,847.48,-1.62
2003-01-28,847.48,860.76,847.48,858.54,1.31
2003-01-29,858.54,868.72,845.86,864.36,0.68
2003-01-30,864.36,865.48,843.74,844.61,-2.28
2003-01-31,844.61,858.33,840.34,855.7,1.31
2003-02-03,855.7,864.64,855.7,860.32,0.54
2003-02-04,860.32,860.32,840.19,848.2,-1.41
2003-02-05,848.2,861.63,842.11,843.59,-0.54
2003-02-06,843.59,844.23,833.25,838.15,-0.64
2003-02-07,838.15,845.73,826.7,829.69,-1.01
2003-02-10,829.69,837.16,823.53,835.97,0.76
2003-02-11,835.97,843.02,825.09,829.2,-0.81
2003-02-12,829.2,832.12,818.49,818.68,-1.27
2003-02-13,818.68,821.25,806.29,817.37,-0.16
2003-02-14,817.37,834.89,815.03,834.89,2.14
2003-02-18,834.89,852.87,834.89,851.17,1.95
2003-02-19,851.17,851.17,838.79,845.13,-0.71
2003-02-20,845.13,849.37,836.56,837.1,-0.95
2003-02-21,837.1,852.28,831.48,848.17,1.32
2003-02-24,848.17,848.17,832.16,832.58,-1.84
2003-02-25,832.58,839.55,818.54,838.57,0.72
2003-02-26,838.57,840.1,826.68,827.55,-1.31
2003-02-27,827.55,842.19,827.55,837.28,1.18
2003-02-28,837.28,847.0,837.28,841.15,0.46
2003-03-03,841.15,852.34,832.74,834.81,-0.75
2003-03-04,834.81,835.43,821.96,821.99,-1.54
2003-03-05,821.99,829.87,819.0,829.85,0.96
2003-03-06,829.85,829.85,819.85,822.1,-0.93
2003-03-07,822.1,829.55,811.23,828.89,0.83
2003-03-10,828.89,828.89,806.57,807.48,-2.58
2003-03-11,807.48,814.25,800.3,800.73,-0.84
2003-03-12,800.73,804.19,788.9,804.19,0.43
2003-03-13,804.19,832.02,804.19,831.9,3.45
2003-03-14,831.89,841.39,828.26,833.27,0.16
2003-03-17,833.27,862.79,827.17,862.79,3.54
2003-03-18,862.79,866.94,857.36,866.45,0.42
2003-03-19,866.45,874.99,861.21,874.02,0.87
2003-03-20,874.02,879.6,859.01,875.67,0.19
2003-03-21,875.84,895.9,875.84,895.79,2.3
2003-03-24,895.79,895.79,862.02,864.23,-3.52
2003-03-25,864.23,879.87,862.59,874.74,1.22
2003-03-26,874.74,875.8,866.47,869.95,-0.55
2003-03-27,869.95,874.15,858.09,868.52,-0.16
2003-03-28,868.52,869.88,860.83,863.5,-0.58
2003-03-31,863.5,863.5,843.68,848.18,-1.77
2003-04-01,848.18,861.28,847.85,858.48,1.21
2003-04-02,858.48,884.57,858.48,880.9,2.61
2003-04-03,880.9,885.89,876.12,876.45,-0.51
2003-04-04,876.45,882.73,874.23,878.85,0.27
2003-04-07,878.85,904.89,878.85,879.93,0.12
2003-04-08,879.93,883.11,874.68,878.29,-0.19
2003-04-09,878.29,887.35,865.72,865.99,-1.4
2003-04-10,865.99,871.78,862.76,871.58,0.65
2003-04-11,871.58,883.34,865.92,868.3,-0.38
2003-04-14,868.3,885.26,868.3,885.23,1.95
2003-04-15,885.23,891.27,881.85,890.81,0.63
2003-04-16,890.81,896.77,877.93,879.91,-1.22
2003-04-17,879.91,893.83,879.2,893.58,1.55
2003-04-21,893.58,898.01,888.17,892.01,-0.18
2003-04-22,892.01,911.74,886.7,911.37,2.17
2003-04-23,911.37,919.74,909.89,919.02,0.84
2003-04-24,919.02,919.02,906.69,911.43,-0.83
2003-04-25,911.43,911.43,897.52,898.81,-1.38
2003-04-28,898.81,918.15,898.81,914.84,1.78
2003-04-29,914.84,924.24,911.1,917.84,0.33
2003-04-30,917.84,922.01,911.7,916.92,-0.1
2003-05-01,916.92,919.68,902.83,916.3,-0.07
2003-05-02,916.3,930.56,912.35,930.08,1.5
2003-05-05,930.08,933.88,924.55,926.55,-0.38
2003-05-06,926.55,939.61,926.38,934.39,0.85
2003-05-07,934.39,937.22,926.41,929.62,-0.51
2003-05-08,929.62,929.62,919.72,920.27,-1.01
2003-05-09,920.27,933.77,920.27,933.41,1.43
2003-05-12,933.41,946.84,929.3,945.11,1.25
2003-05-13,945.11,947.51,938.91,942.3,-0.3
2003-05-14,942.3,947.29,935.24,939.28,-0.32
2003-05-15,939.28,948.23,938.79,946.67,0.79
2003-05-19,944.3,944.3,920.23,920.77,-2.74
2003-05-20,920.77,925.34,912.05,919.73,-0.11
2003-05-21,919.73,923.85,914.91,923.42,0.4
2003-05-22,923.42,935.3,922.54,931.87,0.92
2003-05-23,931.87,935.2,927.42,933.22,0.14
2003-05-27,933.22,952.76,927.33,951.48,1.96
2003-05-28,951.48,959.39,950.12,953.22,0.18
2003-05-29,953.22,962.08,946.23,949.64,-0.38
2003-05-30,949.64,965.38,949.64,963.59,1.47
2003-06-02,963.59,979.11,963.59,967.0,0.35
2003-06-03,967.0,973.02,964.47,971.56,0.47
2003-06-04,971.56,987.85,970.72,986.24,1.51
2003-06-05,986.24,990.14,978.13,990.14,0.4
2003-06-06,990.14,1007.69,986.01,987.76,-0.24
2003-06-09,987.76,987.76,972.59,975.93,-1.2
2003-06-10,975.93,984.84,975.93,984.84,0.91
2003-06-11,984.84,997.48,981.61,997.48,1.28
2003-06-12,997.48,1002.74,991.27,998.51,0.1
2003-06-13,998.51,1000.92,984.27,988.61,-0.99
2003-06-16,988.61,1010.86,988.61,1010.74,2.24
2003-06-17,1010.74,1015.33,1007.04,1011.66,0.09
2003-06-18,1011.66,1015.12,1004.61,1010.09,-0.16
2003-06-19,1010.09,1011.22,993.08,994.7,-1.52
2003-06-20,994.7,1002.09,993.36,995.69,0.1
2003-06-23,995.69,995.69,977.4,981.64,-1.41
2003-06-24,981.64,987.84,979.08,983.45,0.18
2003-06-25,983.45,991.64,974.86,975.32,-0.83
2003-06-26,975.32,986.53,973.8,985.82,1.08
2003-06-27,985.82,988.88,974.29,976.22,-0.97
2003-06-30,976.22,983.61,973.6,974.5,-0.18
2003-07-01,974.5,983.26,962.1,982.32,0.8
2003-07-02,982.32,993.78,982.32,993.75,1.16
2003-07-03,993.75,995.0,983.34,985.7,-0.81
2003-07-07,985.7,1005.56,985.7,1004.42,1.9
2003-07-08,1004.42,1008.92,998.73,1007.84,0.34
2003-07-09,1007.84,1010.43,998.17,1002.21,-0.56
2003-07-10,1002.21,1002.21,983.63,988.7,-1.35
2003-07-11,988.7,1000.86,988.7,998.14,0.95
2003-07-14,998.14,1015.41,998.14,1003.86,0.57
2003-07-15,1003.86,1009.61,996.67,1000.42,-0.34
2003-07-16,1000.42,1003.47,989.3,994.0,-0.63
2003-07-17,994.0,994.0,978.6,981.73,-1.24
2003-07-18,981.73,994.25,981.7,993.32,1.18
2003-07-21,993.32,993.32,975.63,978.8,-1.46
2003-07-22,978.8,990.29,976.08,988.11,0.95
2003-07-23,988.11,989.86,979.79,988.61,0.05
2003-07-24,988.61,998.89,981.07,981.6,-0.71
2003-07-25,981.6,998.71,977.42,998.68,1.74
2003-07-28,998.68,1000.68,993.59,996.52,-0.22
2003-07-29,996.52,998.64,984.15,989.28,-0.73
2003-07-30,989.28,992.62,985.96,987.49,-0.18
2003-07-31,987.49,1004.59,987.49,990.31,0.29
2003-08-01,990.31,990.31,978.86,980.15,-1.03
2003-08-04,980.15,985.75,966.79,982.82,0.27
2003-08-05,982.82,982.82,964.97,965.46,-1.77
2003-08-06,965.46,975.74,960.84,967.08,0.17
2003-08-07,967.08,974.89,963.82,974.12,0.73
2003-08-08,974.12,980.57,973.83,977.59,0.36
2003-08-11,977.59,985.46,974.21,980.59,0.31
2003-08-12,980.59,990.41,979.9,990.35,1.0
2003-08-13,990.35,992.5,980.85,984.03,-0.64
2003-08-14,984.03,991.91,980.36,990.51,0.66
2003-08-18,990.67,1000.35,990.67,999.74,0.93
2003-08-19,999.74,1003.3,995.3,1002.35,0.26
2003-08-20,1002.35,1003.54,996.62,1000.3,-0.2
2003-08-21,1000.3,1009.53,999.33,1003.27,0.3
2003-08-22,1003.27,1011.01,992.62,993.06,-1.02
2003-08-25,993.06,993.71,987.91,993.71,0.07
2003-08-26,993.71,997.93,983.57,996.73,0.3
2003-08-27,996.73,998.05,993.33,996.79,0.01
2003-08-29,1002.84,1008.85,999.52,1008.01,1.13
2003-09-02,1008.01,1022.59,1005.67,1021.99,1.39
2003-09-03,1021.99,1029.34,1021.99,1026.27,0.42
2003-09-04,1026.27,1029.17,1022.19,1027.97,0.17
2003-09-05,1027.97,1029.21,1018.19,1021.39,-0.64
2003-09-08,1021.39,1032.41,1021.39,1031.64,1.0
2003-09-09,1031.64,1031.64,1021.14,1023.17,-0.82
2003-09-10,1023.17,1023.17,1009.74,1010.92,-1.2
2003-09-11,1010.92,1020.88,1010.92,1016.42,0.54
2003-09-12,1016.42,1019.65,1007.71,1018.63,0.22
2003-09-15,1018.63,1019.79,1013.59,1014.81,-0.38
2003-09-16,1014.81,1029.66,1014.81,1029.32,1.43
2003-09-17,1029.32,1031.34,1024.53,1025.97,-0.33
2003-09-18,1025.97,1040.16,1025.75,1039.58,1.33
2003-09-19,1039.58,1040.29,1031.89,1036.3,-0.32
2003-09-22,1036.3,1036.3,1018.3,1022.82,-1.3
2003-09-23,1022.82,1030.12,1021.54,1029.03,0.61
2003-09-24,1029.03,1029.83,1008.93,1009.38,-1.91
2003-09-25,1009.38,1015.97,1003.26,1003.27,-0.61
2003-09-26,1003.27,1003.45,996.08,996.85,-0.64
2003-09-29,996.85,1006.89,995.31,1006.58,0.98
2003-09-30,1006.58,1006.58,990.36,995.97,-1.05
2003-10-01,995.97,1018.22,995.97,1018.22,2.23
2003-10-02,1018.22,1021.87,1013.38,1020.24,0.2
2003-10-03,1020.24,1039.31,1020.24,1029.85,0.94
2003-10-06,1029.85,1036.48,1029.15,1034.35,0.44
2003-10-07,1034.35,1039.25,1026.19,1039.25,0.47
2003-10-08,1039.25,1040.08,1030.96,1033.78,-0.53
2003-10-09,1033.78,1048.28,1033.78,1038.73,0.48
2003-10-10,1038.73,1040.84,1035.74,1038.06,-0.06
2003-10-13,1038.06,1048.9,1038.06,1045.35,0.7
2003-10-14,1045.35,1049.49,1040.84,1049.48,0.4
2003-10-15,1049.48,1053.79,1043.15,1046.76,-0.26
2003-10-16,1046.76,1052.94,1044.04,1050.07,0.32
2003-10-17,1050.07,1051.9,1036.57,1039.32,-1.02
2003-10-20,1039.32,1044.69,1036.13,1044.68,0.52
2003-10-21,1044.68,1048.57,1042.5,1046.03,0.13
2003-10-22,1046.03,1046.03,1028.39,1030.36,-1.5
2003-10-23,1030.36,1035.44,1025.87,1033.77,0.33
2003-10-24,1033.77,1033.77,1018.32,1028.91,-0.47
2003-10-27,1028.91,1037.75,1028.91,1031.13,0.22
2003-10-28,1031.13,1046.79,1031.13,1046.79,1.52
2003-10-29,1046.79,1049.83,1043.35,1048.11,0.13
2003-10-30,1048.11,1052.82,1043.82,1046.94,-0.11
2003-10-31,1046.94,1053.09,1046.94,1050.71,0.36
2003-11-03,1050.71,1061.44,1050.71,1059.02,0.79
2003-11-04,1059.02,1059.02,1051.7,1053.25,-0.54
2003-11-05,1053.25,1054.54,1044.88,1051.81,-0.14
2003-11-06,1051.81,1058.94,1046.93,1058.05,0.59
2003-11-07,1058.05,1062.39,1052.17,1053.21,-0.46
2003-11-10,1053.21,1053.65,1045.58,1047.11,-0.58
2003-11-11,1047.11,1048.23,1043.46,1046.57,-0.05
2003-11-12,1046.57,1059.1,1046.57,1058.56,1.14
2003-11-13,1058.56,1059.62,1052.96,1058.41,-0.01
2003-11-14,1058.41,1063.65,1048.11,1050.35,-0.76
2003-11-17,1050.35,1050.35,1035.28,1043.63,-0.64
2003-11-18,1043.63,1048.77,1034.0,1034.15,-0.91
2003-11-19,1034.15,1043.95,1034.15,1042.44,0.8
2003-11-20,1042.44,1046.48,1033.42,1033.65,-0.84
2003-11-21,1033.65,1037.57,1031.2,1035.28,0.16
2003-11-24,1035.28,1052.08,1035.28,1052.08,1.62
2003-11-25,1052.08,1058.05,1049.31,1053.89,0.17
2003-11-26,1053.89,1058.45,1048.28,1058.45,0.43
2003-11-28,1058.45,1060.63,1056.77,1058.2,-0.02
2003-12-01,1058.2,1070.47,1058.2,1070.12,1.13
2003-12-02,1070.12,1071.22,1065.22,1066.62,-0.33
2003-12-03,1066.62,1074.3,1064.63,1064.73,-0.18
2003-12-04,1064.73,1070.37,1063.15,1069.72,0.47
2003-12-05,1069.72,1069.72,1060.09,1061.5,-0.77
2003-12-08,1061.5,1069.59,1060.93,1069.3,0.73
2003-12-09,1069.3,1071.94,1059.16,1060.18,-0.85
2003-12-10,1060.18,1063.02,1053.41,1059.05,-0.11
2003-12-11,1059.05,1073.63,1059.05,1071.21,1.15
2003-12-12,1071.21,1074.76,1067.64,1074.14,0.27
2003-12-15,1074.14,1082.79,1068.0,1068.04,-0.57
2003-12-16,1068.04,1075.94,1068.04,1075.13,0.66
2003-12-17,1075.13,1076.54,1071.14,1076.48,0.13
2003-12-18,1076.48,1089.5,1076.48,1089.18,1.18
2003-12-19,1089.18,1091.06,1084.19,1088.67,-0.05
2003-12-22,1088.66,1092.94,1086.14,1092.94,0.39
2003-12-23,1092.94,1096.95,1091.73,1096.02,0.28
2003-12-24,1096.02,1096.4,1092.73,1094.04,-0.18
2003-12-26,1094.04,1098.47,1094.04,1095.89,0.17
2003-12-29,1095.89,1109.48,1095.89,1109.48,1.24
2003-12-30,1109.48,1109.75,1106.41,1109.64,0.01
2003-12-31,1109.64,1112.56,1106.21,1111.92,0.21
2004-01-02,1111.92,1118.85,1105.08,1108.48,-0.31
2004-01-05,1108.48,1122.22,1108.48,1122.22,1.24
2004-01-06,1122.22,1124.46,1118.44,1123.67,0.13
2004-01-07,1123.67,1126.33,1116.45,1126.33,0.24
2004-01-08,1126.33,1131.92,1124.91,1131.92,0.5
2004-01-09,1131.34,1131.36,1120.9,1121.86,-0.89
2004-01-12,1121.86,1127.85,1120.9,1127.23,0.48
2004-01-13,1127.23,1129.07,1115.19,1121.22,-0.53
2004-01-14,1121.22,1130.75,1121.22,1130.52,0.83
2004-01-15,1130.52,1137.11,1124.5,1132.05,0.14
2004-01-16,1132.05,1139.83,1132.05,1139.83,0.69
2004-01-20,1139.83,1142.93,1135.4,1138.77,-0.09
2004-01-21,1138.77,1149.21,1134.62,1147.62,0.78
2004-01-22,1147.62,1150.51,1143.01,1143.94,-0.32
2004-01-23,1143.94,1150.31,1136.85,1141.55,-0.21
2004-01-26,1141.55,1155.38,1141.0,1155.37,1.21
2004-01-27,1155.37,1155.37,1144.05,1144.05,-0.98
2004-01-28,1144.05,1149.14,1126.5,1128.48,-1.36
2004-01-29,1128.48,1134.39,1122.38,1134.11,0.5
2004-01-30,1134.11,1134.17,1127.73,1131.13,-0.26
2004-02-02,1131.13,1142.58,1127.87,1135.26,0.37
2004-02-03,1135.26,1137.44,1131.33,1136.03,0.07
2004-02-04,1136.03,1136.03,1124.74,1126.52,-0.84
2004-02-05,1126.52,1131.17,1124.44,1128.59,0.18
2004-02-06,1128.59,1142.79,1128.39,1142.76,1.26
2004-02-09,1142.76,1144.46,1139.21,1139.81,-0.26
2004-02-10,1139.81,1147.02,1138.7,1145.54,0.5
2004-02-11,1145.54,1158.89,1142.33,1157.76,1.07
2004-02-12,1157.76,1157.76,1151.44,1152.11,-0.49
2004-02-13,1152.11,1156.88,1143.23,1145.81,-0.55
2004-02-17,1145.81,1158.98,1145.81,1156.99,0.98
2004-02-18,1156.99,1157.4,1149.42,1151.82,-0.45
2004-02-19,1151.82,1158.57,1146.83,1147.06,-0.41
2004-02-20,1147.06,1149.81,1139.0,1144.11,-0.26
2004-02-23,1144.11,1146.69,1136.98,1140.99,-0.27
2004-02-24,1140.99,1144.54,1134.43,1139.09,-0.17
2004-02-25,1139.09,1145.24,1138.71,1143.67,0.4
2004-02-26,1143.67,1147.23,1138.62,1144.91,0.11
2004-02-27,1145.8,1151.68,1141.8,1144.94,0.0
2004-03-01,1144.94,1157.45,1144.94,1155.97,0.96
2004-03-02,1155.97,1156.54,1147.31,1149.1,-0.59
2004-03-03,1149.1,1152.44,1143.78,1151.04,0.17
2004-03-04,1151.03,1154.97,1149.81,1154.88,0.33
2004-03-05,1154.87,1163.23,1148.71,1156.86,0.17
2004-03-08,1156.86,1159.94,1146.97,1147.2,-0.84
2004-03-09,1147.2,1147.32,1136.84,1140.58,-0.58
2004-03-10,1140.58,1141.51,1122.53,1123.89,-1.46
2004-03-11,1123.89,1125.96,1105.87,1106.78,-1.52
2004-03-12,1106.78,1120.63,1106.78,1120.57,1.25
2004-03-15,1120.57,1120.57,1103.36,1104.49,-1.43
2004-03-16,1104.49,1113.82,1102.61,1110.7,0.56
2004-03-17,1110.7,1125.76,1110.7,1123.75,1.17
2004-03-18,1123.75,1125.5,1113.25,1122.32,-0.13
2004-03-19,1122.32,1122.72,1109.69,1109.78,-1.12
2004-03-22,1109.78,1109.78,1089.49,1095.4,-1.3
2004-03-23,1095.4,1101.52,1091.57,1093.95,-0.13
2004-03-24,1093.95,1098.39,1087.06,1091.33,-0.24
2004-03-25,1091.33,1110.38,1091.33,1109.19,1.64
2004-03-26,1109.19,1115.27,1106.13,1108.06,-0.1
2004-03-29,1108.06,1124.37,1108.06,1122.47,1.3
2004-03-30,1122.47,1127.6,1119.66,1127.0,0.4
2004-03-31,1127.0,1130.83,1121.46,1126.21,-0.07
2004-04-01,1126.21,1135.67,1126.2,1132.17,0.53
2004-04-02,1132.17,1144.81,1132.17,1141.81,0.85
2004-04-05,1141.81,1150.57,1141.64,1150.57,0.77
2004-04-06,1150.57,1150.57,1143.3,1148.16,-0.21
2004-04-07,1148.16,1148.16,1138.41,1140.53,-0.66
2004-04-08,1140.53,1148.97,1134.52,1139.32,-0.11
2004-04-12,1139.32,1147.29,1139.32,1145.2,0.52
2004-04-13,1145.2,1147.81,1127.7,1129.44,-1.38
2004-04-14,1129.44,1132.52,1122.15,1128.17,-0.11
2004-04-15,1128.17,1134.08,1120.75,1128.84,0.06
2004-04-16,1128.84,1136.8,1126.79,1134.61,0.51
2004-04-19,1134.56,1136.18,1129.84,1135.82,0.11
2004-04-20,1135.82,1139.26,1118.09,1118.15,-1.56
2004-04-21,1118.15,1125.72,1116.03,1124.09,0.53
2004-04-22,1124.09,1142.77,1121.92,1139.93,1.41
2004-04-23,1139.93,1141.92,1134.81,1140.6,0.06
2004-04-26,1140.6,1145.08,1132.91,1135.53,-0.44
2004-04-27,1135.53,1146.84,1135.53,1138.11,0.23
2004-04-28,1138.11,1138.11,1121.7,1122.41,-1.38
2004-04-29,1122.41,1128.8,1108.02,1113.89,-0.76
2004-04-30,1113.89,1119.26,1107.23,1107.3,-0.59
2004-05-03,1107.3,1118.72,1107.3,1117.49,0.92
2004-05-04,1117.49,1127.74,1112.89,1119.55,0.18
2004-05-05,1119.55,1125.07,1117.86,1121.53,0.18
2004-05-06,1121.53,1121.53,1106.3,1113.99,-0.67
2004-05-07,1113.99,1117.33,1098.63,1098.7,-1.37
2004-05-10,1098.7,1098.7,1079.63,1087.12,-1.05
2004-05-11,1087.12,1095.69,1087.12,1095.45,0.77
2004-05-12,1095.45,1097.55,1076.32,1097.28,0.17
2004-05-13,1097.28,1102.77,1091.76,1096.44,-0.08
2004-05-14,1096.44,1102.37,1088.24,1095.7,-0.07
2004-05-17,1095.7,1095.7,1079.36,1084.1,-1.06
2004-05-18,1084.1,1094.14,1084.1,1091.49,0.68
2004-05-19,1091.49,1105.93,1088.49,1088.68,-0.26
2004-05-20,1088.68,1092.62,1085.43,1089.19,0.05
2004-05-21,1089.19,1099.7,1089.19,1093.56,0.4
2004-05-24,1093.56,1101.71,1091.77,1095.41,0.17
2004-05-25,1095.41,1113.8,1090.74,1113.05,1.61
2004-05-26,1113.05,1116.71,1109.91,1114.94,0.17
2004-05-27,1114.94,1123.95,1114.86,1121.28,0.57
2004-05-28,1121.28,1122.69,1118.1,1120.68,-0.05
2004-06-01,1120.68,1122.7,1113.32,1121.2,0.05
2004-06-02,1121.2,1128.1,1118.64,1124.99,0.34
2004-06-03,1124.99,1125.31,1116.56,1116.64,-0.74
2004-06-04,1116.64,1129.17,1116.64,1122.5,0.52
2004-06-07,1122.5,1140.54,1122.5,1140.42,1.6
2004-06-08,1140.42,1142.18,1135.45,1142.18,0.15
2004-06-10,1131.33,1136.47,1131.33,1136.47,-0.5
2004-06-14,1136.47,1136.47,1122.16,1125.29,-0.98
2004-06-15,1125.29,1137.36,1125.29,1132.01,0.6
2004-06-16,1132.01,1135.28,1130.55,1133.56,0.14
2004-06-17,1133.56,1133.56,1126.88,1132.05,-0.13
2004-06-18,1132.05,1139.08,1129.82,1135.02,0.26
2004-06-21,1135.02,1138.05,1129.64,1130.3,-0.42
2004-06-22,1130.3,1135.05,1124.37,1134.41,0.36
2004-06-23,1134.41,1145.16,1131.73,1144.06,0.85
2004-06-24,1144.06,1146.34,1139.94,1140.65,-0.3
2004-06-25,1140.65,1145.97,1134.24,1134.43,-0.55
2004-06-28,1134.43,1142.6,1131.62,1133.35,-0.1
2004-06-29,1133.35,1138.26,1131.81,1136.2,0.25
2004-06-30,1136.2,1144.22,1133.62,1140.84,0.41
2004-07-01,1140.84,1140.84,1123.06,1128.94,-1.04
2004-07-02,1128.94,1129.18,1123.26,1125.38,-0.32
2004-07-06,1125.38,1125.38,1113.21,1116.21,-0.81
2004-07-07,1116.21,1122.37,1114.92,1118.33,0.19
2004-07-08,1118.33,1119.12,1108.72,1109.11,-0.82
2004-07-09,1109.11,1115.57,1109.11,1112.81,0.33
2004-07-12,1112.81,1116.11,1106.71,1114.35,0.14
2004-07-13,1114.35,1116.3,1112.99,1115.14,0.07
2004-07-14,1115.14,1119.6,1107.83,1111.47,-0.33
2004-07-15,1111.47,1114.67,1106.6,1106.69,-0.43
2004-07-16,1106.69,1112.17,1101.07,1101.39,-0.48
2004-07-19,1101.39,1105.52,1096.55,1100.9,-0.04
2004-07-20,1100.9,1108.88,1099.1,1108.67,0.71
2004-07-21,1108.67,1116.27,1093.88,1093.88,-1.33
2004-07-22,1093.88,1099.69,1084.16,1096.84,0.27
2004-07-23,1096.84,1096.84,1083.49,1086.2,-0.97
2004-07-26,1086.2,1089.82,1078.78,1084.07,-0.2
2004-07-27,1084.07,1096.65,1084.07,1094.83,0.99
2004-07-28,1094.83,1098.84,1082.17,1095.42,0.05
2004-07-29,1095.42,1103.71,1095.42,1100.43,0.46
2004-07-30,1100.43,1103.73,1096.96,1101.72,0.12
2004-08-02,1101.72,1108.6,1097.34,1106.62,0.44
2004-08-03,1106.62,1106.62,1099.2,1099.69,-0.63
2004-08-04,1099.69,1102.45,1092.4,1098.63,-0.1
2004-08-05,1098.63,1098.83,1079.98,1080.7,-1.63
2004-08-06,1080.7,1080.7,1062.23,1063.97,-1.55
2004-08-09,1063.97,1069.46,1063.97,1065.22,0.12
2004-08-10,1065.22,1079.04,1065.22,1079.04,1.3
2004-08-11,1079.04,1079.04,1065.92,1075.79,-0.3
2004-08-12,1075.79,1075.79,1062.82,1063.23,-1.17
2004-08-13,1063.23,1067.58,1060.72,1064.8,0.15
2004-08-16,1064.8,1080.66,1064.8,1079.34,1.37
2004-08-17,1079.34,1086.96,1079.34,1081.71,0.22
2004-08-18,1081.71,1095.17,1078.93,1095.17,1.24
2004-08-19,1095.17,1095.17,1086.28,1091.23,-0.36
2004-08-20,1091.23,1100.26,1089.57,1098.35,0.65
2004-08-24,1095.68,1100.94,1092.82,1096.19,-0.2
2004-08-25,1096.19,1106.29,1093.24,1104.96,0.8
2004-08-26,1104.96,1106.78,1102.43,1105.09,0.01
2004-08-27,1105.09,1109.68,1104.61,1107.77,0.24
2004-08-30,1107.77,1107.77,1099.15,1099.15,-0.78
2004-08-31,1099.15,1104.24,1094.72,1104.24,0.46
2004-09-01,1104.24,1109.25,1099.11,1105.91,0.15
2004-09-02,1105.91,1119.11,1105.6,1118.31,1.12
2004-09-03,1118.31,1120.8,1113.57,1113.63,-0.42
2004-09-07,1113.63,1124.08,1113.63,1121.3,0.69
2004-09-08,1121.3,1123.05,1116.27,1116.27,-0.45
2004-09-09,1116.27,1121.3,1113.62,1118.38,0.19
2004-09-10,1118.38,1125.26,1114.39,1123.92,0.5
2004-09-13,1123.92,1129.78,1123.35,1125.82,0.17
2004-09-14,1125.82,1129.46,1124.72,1128.33,0.22
2004-09-15,1128.33,1128.33,1119.74,1120.37,-0.71
2004-09-16,1120.37,1126.06,1120.37,1123.5,0.28
2004-09-17,1123.5,1130.48,1123.5,1128.55,0.45
2004-09-20,1128.55,1128.55,1120.34,1122.2,-0.56
2004-09-21,1122.2,1131.54,1122.2,1129.3,0.63
2004-09-22,1129.3,1129.3,1112.67,1113.56,-1.39
2004-09-23,1113.56,1113.61,1108.05,1108.36,-0.47
2004-09-24,1108.36,1113.81,1108.36,1110.11,0.16
2004-09-27,1110.11,1110.11,1103.24,1103.52,-0.59
2004-09-28,1103.52,1111.77,1101.29,1110.06,0.59
2004-09-29,1110.06,1114.8,1107.36,1114.8,0.43
2004-09-30,1114.8,1116.31,1109.61,1114.58,-0.02
2004-10-01,1114.58,1131.64,1114.58,1131.5,1.52
2004-10-04,1131.5,1140.19,1131.5,1135.17,0.32
2004-10-05,1135.17,1137.87,1132.03,1134.48,-0.06
2004-10-06,1134.48,1142.05,1132.94,1142.05,0.67
2004-10-07,1142.05,1142.05,1130.46,1130.65,-1.0
2004-10-08,1130.65,1132.92,1120.19,1122.14,-0.75
2004-10-11,1122.14,1126.2,1122.14,1124.39,0.2
2004-10-12,1124.39,1124.39,1115.77,1121.84,-0.23
2004-10-13,1121.84,1127.01,1109.63,1113.65,-0.73
2004-10-14,1113.65,1114.97,1102.06,1103.29,-0.93
2004-10-15,1103.29,1113.17,1102.14,1108.2,0.45
2004-10-18,1108.2,1114.46,1103.33,1114.02,0.53
2004-10-19,1114.02,1118.03,1103.15,1103.23,-0.97
2004-10-20,1103.23,1104.09,1094.25,1103.66,0.04
2004-10-21,1103.66,1108.96,1098.47,1106.49,0.26
2004-10-22,1106.49,1108.32,1095.29,1095.74,-0.97
2004-10-25,1095.74,1096.81,1090.19,1094.81,-0.09
2004-10-26,1094.81,1111.1,1094.81,1111.09,1.49
2004-10-27,1111.09,1126.29,1107.43,1125.4,1.29
2004-10-28,1125.34,1130.67,1120.57,1127.44,0.18
2004-10-29,1127.44,1131.44,1124.62,1130.2,0.24
2004-11-01,1130.2,1133.43,1127.53,1130.51,0.03
2004-11-02,1130.51,1140.48,1128.12,1130.54,0.0
2004-11-03,1130.54,1147.6,1130.54,1143.2,1.12
2004-11-04,1143.2,1161.67,1142.34,1161.67,1.62
2004-11-05,1161.67,1170.87,1160.36,1166.17,0.39
2004-11-08,1166.17,1166.86,1162.32,1164.89,-0.11
2004-11-09,1164.89,1168.97,1162.48,1164.08,-0.07
2004-11-10,1164.08,1169.35,1162.51,1162.91,-0.1
2004-11-11,1162.91,1174.82,1162.91,1173.48,0.91
2004-11-12,1173.48,1184.17,1171.39,1184.17,0.91
2004-11-15,1184.17,1184.48,1179.85,1183.81,-0.03
2004-11-16,1183.81,1183.81,1175.32,1175.43,-0.71
2004-11-17,1175.43,1188.46,1175.43,1181.94,0.55
2004-11-18,1181.94,1184.9,1180.09,1183.55,0.14
2004-11-19,1183.55,1184.0,1169.17,1170.34,-1.12
2004-11-22,1170.34,1178.18,1167.89,1177.24,0.59
2004-11-23,1177.24,1179.52,1171.41,1176.94,-0.03
2004-11-24,1176.94,1182.46,1176.94,1181.76,0.41
2004-11-26,1181.76,1186.62,1181.08,1182.65,0.08
2004-11-29,1182.65,1186.94,1172.37,1178.57,-0.34
2004-11-30,1178.57,1178.66,1173.81,1173.82,-0.4
2004-12-01,1173.78,1191.37,1173.78,1191.37,1.5
2004-12-02,1191.37,1194.81,1186.66,1190.33,-0.09
2004-12-03,1190.33,1197.46,1187.7,1191.17,0.07
2004-12-06,1191.17,1192.41,1185.18,1190.25,-0.08
2004-12-07,1190.25,1192.19,1177.07,1177.07,-1.11
2004-12-08,1177.07,1184.05,1176.8,1182.81,0.49
2004-12-09,1182.81,1190.51,1173.76,1189.24,0.54
2004-12-10,1189.24,1191.45,1185.24,1188.0,-0.1
2004-12-13,1188.0,1198.77,1188.0,1198.68,0.9
2004-12-14,1198.68,1205.29,1197.84,1203.38,0.39
2004-12-15,1203.38,1206.61,1199.44,1205.72,0.19
2004-12-16,1205.72,1207.97,1198.41,1203.21,-0.21
2004-12-17,1203.21,1203.21,1193.44,1194.22,-0.75
2004-12-20,1194.2,1203.64,1193.36,1194.65,0.04
2004-12-21,1194.65,1205.93,1194.65,1205.45,0.9
2004-12-22,1205.45,1211.42,1203.81,1209.57,0.34
2004-12-23,1209.57,1213.66,1208.71,1210.13,0.05
2004-12-27,1210.13,1214.17,1204.92,1204.92,-0.43
2004-12-28,1204.92,1213.54,1204.92,1213.54,0.72
2004-12-29,1213.54,1213.95,1210.95,1213.45,-0.01
2004-12-30,1213.45,1216.47,1213.41,1213.55,0.01
2004-12-31,1213.55,1217.33,1211.65,1211.92,-0.13
2005-01-03,1211.92,1217.9,1200.3,1202.08,-0.81
2005-01-04,1202.08,1205.84,1185.39,1188.05,-1.17
2005-01-05,1188.05,1192.75,1183.72,1183.74,-0.36
2005-01-06,1183.74,1191.63,1183.23,1187.89,0.35
2005-01-07,1187.89,1192.2,1182.11,1186.19,-0.14
2005-01-10,1186.19,1194.78,1184.8,1190.25,0.34
2005-01-11,1190.25,1190.25,1180.43,1182.99,-0.61
2005-01-12,1182.99,1187.98,1175.64,1187.7,0.4
2005-01-13,1187.7,1187.7,1175.61,1177.45,-0.86
2005-01-14,1177.45,1185.21,1177.45,1184.52,0.6
2005-01-18,1184.52,1195.98,1180.1,1195.98,0.97
2005-01-19,1195.98,1195.98,1184.37,1184.63,-0.95
2005-01-20,1184.63,1184.63,1173.39,1175.41,-0.78
2005-01-21,1175.41,1179.55,1167.82,1167.87,-0.64
2005-01-24,1167.87,1173.17,1163.75,1163.75,-0.35
2005-01-25,1163.75,1174.3,1163.75,1168.41,0.4
2005-01-26,1168.41,1175.99,1168.41,1174.07,0.48
2005-01-27,1174.07,1177.5,1170.15,1174.55,0.04
2005-01-28,1174.55,1175.63,1166.3,1171.36,-0.27
2005-01-31,1171.36,1182.07,1171.36,1181.27,0.85
2005-02-01,1181.27,1190.39,1180.95,1189.41,0.69
2005-02-02,1189.41,1195.25,1188.92,1193.19,0.32
2005-02-03,1193.19,1193.19,1185.63,1189.89,-0.28
2005-02-04,1189.89,1203.47,1189.67,1203.03,1.1
2005-02-07,1203.03,1204.15,1199.27,1201.72,-0.11
2005-02-08,1201.72,1205.11,1200.16,1202.3,0.05
2005-02-09,1202.3,1203.83,1191.54,1191.99,-0.86
2005-02-10,1191.99,1198.75,1191.54,1197.01,0.42
2005-02-11,1197.01,1208.38,1193.28,1205.3,0.69
2005-02-14,1205.3,1206.93,1203.59,1206.14,0.07
2005-02-15,1206.14,1212.44,1205.52,1210.12,0.33
2005-02-16,1210.12,1212.44,1205.06,1210.34,0.02
2005-02-17,1210.34,1211.33,1200.74,1200.75,-0.79
2005-02-18,1200.75,1202.92,1197.35,1201.59,0.07
2005-02-22,1201.59,1202.48,1184.16,1184.16,-1.45
2005-02-23,1184.16,1193.52,1184.16,1190.8,0.56
2005-02-24,1190.8,1200.42,1187.8,1200.2,0.79
2005-02-25,1200.2,1212.15,1199.61,1211.37,0.93
2005-02-28,1211.37,1211.37,1198.13,1203.6,-0.64
2005-03-01,1203.6,1212.25,1203.6,1210.41,0.57
2005-03-02,1210.41,1215.79,1204.22,1210.08,-0.03
2005-03-03,1210.08,1215.72,1204.45,1210.47,0.03
2005-03-04,1210.47,1224.76,1210.47,1222.12,0.96
2005-03-07,1222.12,1229.11,1222.12,1225.31,0.26
2005-03-08,1225.31,1225.69,1218.57,1219.43,-0.48
2005-03-09,1219.43,1219.43,1206.66,1207.01,-1.02
2005-03-10,1207.01,1211.23,1201.41,1209.25,0.19
2005-03-11,1209.25,1213.04,1198.15,1200.08,-0.76
2005-03-14,1200.08,1206.83,1199.51,1206.83,0.56
2005-03-15,1206.83,1210.54,1197.75,1197.75,-0.75
2005-03-16,1197.75,1197.75,1185.61,1188.07,-0.81
2005-03-17,1188.07,1193.28,1186.34,1190.21,0.18
2005-03-18,1190.21,1191.98,1182.78,1189.65,-0.05
2005-03-21,1189.65,1189.65,1178.82,1183.78,-0.49
2005-03-22,1183.78,1189.59,1171.63,1171.71,-1.02
2005-03-23,1171.71,1176.26,1168.7,1172.53,0.07
2005-03-24,1172.53,1180.11,1171.42,1171.42,-0.09
2005-03-28,1171.42,1179.91,1171.42,1174.28,0.24
2005-03-29,1174.28,1179.39,1163.69,1165.36,-0.76
2005-03-30,1165.36,1181.54,1165.36,1181.41,1.38
2005-03-31,1181.41,1184.53,1179.49,1180.59,-0.07
2005-04-01,1180.59,1189.8,1169.91,1172.92,-0.65
2005-04-04,1172.79,1178.61,1167.72,1176.12,0.27
2005-04-05,1176.12,1183.56,1176.12,1181.39,0.45
2005-04-06,1181.39,1189.34,1181.39,1184.07,0.23
2005-04-07,1184.07,1191.88,1183.81,1191.14,0.6
2005-04-08,1191.14,1191.75,1181.13,1181.2,-0.83
2005-04-11,1181.2,1184.07,1178.69,1181.21,0.0
2005-04-12,1181.21,1190.17,1170.85,1187.76,0.55
2005-04-13,1187.76,1187.76,1171.4,1173.79,-1.18
2005-04-14,1173.79,1174.67,1161.7,1162.05,-1.0
2005-04-15,1162.05,1162.05,1141.92,1142.62,-1.67
2005-04-18,1142.62,1148.92,1139.8,1145.98,0.29
2005-04-19,1145.98,1154.67,1145.98,1152.78,0.59
2005-04-20,1152.78,1155.5,1136.15,1137.5,-1.33
2005-04-21,1137.5,1159.95,1137.5,1159.95,1.97
2005-04-22,1159.95,1159.95,1142.95,1152.12,-0.68
2005-04-25,1152.12,1164.05,1152.12,1162.1,0.87
2005-04-26,1162.1,1164.8,1151.74,1151.74,-0.88
2005-04-27,1151.74,1159.87,1144.42,1156.38,0.4
2005-04-29,1143.22,1156.97,1139.19,1156.85,0.04
2005-05-02,1156.85,1162.87,1154.71,1162.16,0.46
2005-05-03,1162.16,1166.89,1156.71,1161.17,-0.09
2005-05-04,1161.17,1176.01,1161.17,1175.65,1.25
2005-05-05,1175.65,1178.62,1166.77,1172.63,-0.26
2005-05-06,1172.63,1177.75,1170.5,1171.35,-0.11
2005-05-09,1171.35,1178.87,1169.38,1178.84,0.64
2005-05-10,1178.84,1178.84,1162.98,1166.22,-1.07
2005-05-11,1166.22,1171.77,1157.71,1171.11,0.42
2005-05-12,1171.11,1173.37,1157.76,1159.36,-1.0
2005-05-13,1159.36,1163.75,1146.18,1154.05,-0.46
2005-05-16,1154.05,1165.75,1153.64,1165.69,1.01
2005-05-17,1165.69,1174.35,1159.86,1173.8,0.7
2005-05-18,1173.8,1187.9,1173.8,1185.56,1.0
2005-05-19,1185.56,1191.09,1184.49,1191.08,0.47
2005-05-20,1191.08,1191.22,1185.19,1189.28,-0.15
2005-05-23,1189.28,1197.44,1188.76,1193.86,0.39
2005-05-24,1193.86,1195.29,1189.87,1194.07,0.02
2005-05-25,1194.07,1194.07,1185.96,1190.01,-0.34
2005-05-26,1190.01,1198.95,1190.01,1197.62,0.64
2005-05-27,1197.62,1199.56,1195.28,1198.78,0.1
2005-05-31,1198.78,1198.78,1191.5,1191.5,-0.61
2005-06-01,1191.5,1205.64,1191.03,1202.27,0.9
2005-06-02,1202.27,1204.67,1198.42,1204.29,0.17
2005-06-03,1204.29,1205.09,1194.55,1196.02,-0.69
2005-06-06,1196.02,1198.78,1192.75,1197.51,0.12
2005-06-07,1197.51,1208.85,1197.26,1197.26,-0.02
2005-06-08,1197.26,1201.97,1193.33,1194.67,-0.22
2005-06-09,1194.67,1201.86,1191.09,1200.93,0.52
2005-06-10,1200.93,1202.79,1192.64,1198.11,-0.23
2005-06-13,1198.11,1206.03,1194.51,1200.82,0.23
2005-06-14,1200.82,1207.53,1200.18,1203.91,0.26
2005-06-15,1203.91,1208.08,1198.66,1206.58,0.22
2005-06-16,1206.55,1212.1,1205.47,1210.96,0.36
2005-06-17,1210.93,1219.55,1210.93,1216.96,0.5
2005-06-20,1216.96,1219.1,1210.65,1216.1,-0.07
2005-06-21,1216.1,1217.13,1211.86,1213.61,-0.2
2005-06-22,1213.61,1219.59,1211.69,1213.88,0.02
2005-06-23,1213.88,1216.45,1200.72,1200.73,-1.08
2005-06-24,1200.73,1200.9,1191.45,1191.57,-0.76
2005-06-27,1191.57,1194.33,1188.3,1190.69,-0.07
2005-06-28,1190.69,1202.54,1190.69,1201.57,0.91
2005-06-29,1201.57,1204.07,1198.7,1199.85,-0.14
2005-06-30,1199.85,1203.27,1190.51,1191.33,-0.71
2005-07-01,1191.33,1197.89,1191.33,1194.44,0.26
2005-07-05,1194.44,1206.34,1192.49,1204.99,0.88
2005-07-06,1204.99,1206.11,1194.78,1194.94,-0.83
2005-07-07,1194.94,1198.46,1183.55,1197.87,0.25
2005-07-08,1197.87,1212.73,1197.2,1211.86,1.17
2005-07-11,1211.86,1220.03,1211.86,1219.44,0.63
2005-07-12,1219.44,1225.54,1216.6,1222.21,0.23
2005-07-13,1222.21,1224.46,1219.64,1223.29,0.09
2005-07-14,1223.29,1233.16,1223.29,1226.5,0.26
2005-07-15,1226.5,1229.53,1223.5,1227.92,0.12
2005-07-18,1227.92,1227.92,1221.13,1221.13,-0.55
2005-07-19,1221.13,1230.34,1221.13,1229.35,0.67
2005-07-20,1229.35,1236.56,1222.91,1235.2,0.48
2005-07-21,1235.2,1235.83,1224.7,1227.04,-0.66
2005-07-22,1227.04,1234.19,1226.15,1233.68,0.54
2005-07-25,1233.68,1238.36,1228.15,1229.03,-0.38
2005-07-26,1229.03,1234.42,1229.03,1231.16,0.17
2005-07-27,1231.16,1237.64,1230.15,1236.79,0.46
2005-07-28,1236.79,1245.15,1235.81,1243.72,0.56
2005-07-29,1243.72,1245.04,1234.18,1234.18,-0.77
2005-08-01,1234.18,1239.1,1233.8,1235.35,0.09
2005-08-02,1235.35,1244.69,1235.35,1244.12,0.71
2005-08-03,1244.12,1245.86,1240.57,1245.04,0.07
2005-08-04,1245.04,1245.04,1235.15,1235.86,-0.74
2005-08-05,1235.86,1235.86,1225.62,1226.42,-0.76
2005-08-08,1226.42,1232.28,1222.67,1223.13,-0.27
2005-08-09,1223.13,1234.11,1223.13,1231.38,0.67
2005-08-10,1231.38,1242.69,1226.58,1229.13,-0.18
2005-08-11,1229.13,1237.81,1228.33,1237.81,0.71
2005-08-12,1237.81,1237.81,1225.87,1230.39,-0.6
2005-08-15,1230.4,1236.24,1226.2,1233.87,0.28
2005-08-16,1233.87,1233.87,1219.05,1219.34,-1.18
2005-08-17,1219.34,1225.63,1218.07,1220.24,0.07
2005-08-18,1220.24,1222.64,1215.93,1219.02,-0.1
2005-08-19,1219.02,1225.08,1219.02,1219.71,0.06
2005-08-22,1219.71,1228.96,1216.47,1221.73,0.17
2005-08-23,1221.73,1223.04,1214.44,1217.57,-0.34
2005-08-24,1217.57,1224.15,1209.37,1209.59,-0.66
2005-08-25,1209.59,1213.73,1209.57,1212.39,0.23
2005-08-26,1212.4,1212.4,1204.23,1205.1,-0.6
2005-08-29,1205.1,1214.28,1201.53,1212.28,0.6
2005-08-30,1212.28,1212.28,1201.07,1208.41,-0.32
2005-08-31,1208.41,1220.36,1204.4,1220.33,0.99
2005-09-01,1220.33,1227.29,1216.18,1221.59,0.1
2005-09-02,1221.59,1224.45,1217.75,1218.02,-0.29
2005-09-06,1218.02,1233.61,1218.02,1233.39,1.26
2005-09-07,1233.39,1237.06,1230.93,1236.36,0.24
2005-09-08,1236.36,1236.36,1229.51,1231.67,-0.38
2005-09-09,1231.67,1243.13,1231.67,1241.48,0.8
2005-09-12,1241.48,1242.6,1239.15,1240.56,-0.07
2005-09-13,1240.57,1240.57,1231.2,1231.2,-0.75
2005-09-14,1231.2,1234.74,1226.16,1227.16,-0.33
2005-09-15,1227.16,1231.88,1224.85,1227.73,0.05
2005-09-16,1228.42,1237.95,1228.42,1237.91,0.83
2005-09-19,1237.91,1237.91,1227.65,1231.02,-0.56
2005-09-20,1231.02,1236.49,1220.07,1221.34,-0.79
2005-09-21,1221.34,1221.52,1209.89,1210.2,-0.91
2005-09-22,1210.2,1216.64,1205.35,1214.62,0.37
2005-09-23,1214.62,1218.83,1209.8,1215.29,0.06
2005-09-26,1215.29,1222.56,1211.84,1215.63,0.03
2005-09-27,1215.63,1220.17,1211.11,1215.66,0.0
2005-09-28,1215.66,1220.98,1212.72,1216.89,0.1
2005-09-29,1216.89,1228.7,1211.54,1227.68,0.89
2005-09-30,1227.68,1229.57,1225.22,1228.81,0.09
2005-10-03,1228.81,1233.34,1225.15,1226.7,-0.17
2005-10-04,1226.7,1229.88,1214.02,1214.47,-1.0
2005-10-05,1214.47,1214.47,1196.25,1196.39,-1.49
2005-10-06,1196.39,1202.14,1181.92,1191.49,-0.41
2005-10-07,1191.49,1199.71,1191.46,1195.9,0.37
2005-10-10,1195.9,1196.52,1186.12,1187.33,-0.72
2005-10-11,1187.33,1193.1,1183.16,1184.87,-0.21
2005-10-12,1184.87,1190.02,1173.65,1177.68,-0.61
2005-10-13,1177.68,1179.56,1168.2,1176.84,-0.07
2005-10-14,1176.84,1187.13,1175.44,1186.57,0.83
2005-10-17,1186.57,1191.21,1184.48,1190.1,0.3
2005-10-18,1190.1,1190.1,1178.13,1178.14,-1.0
2005-10-19,1178.14,1195.76,1170.55,1195.76,1.5
2005-10-20,1195.76,1197.3,1173.3,1177.8,-1.5
2005-10-21,1177.8,1186.46,1174.92,1179.59,0.15
2005-10-24,1179.59,1199.39,1179.59,1199.38,1.68
2005-10-25,1199.38,1201.3,1189.29,1196.54,-0.24
2005-10-26,1196.54,1204.01,1191.38,1191.38,-0.43
2005-10-27,1191.38,1192.65,1178.89,1178.9,-1.05
2005-10-28,1178.9,1198.41,1178.9,1198.41,1.65
2005-10-31,1198.41,1211.43,1198.41,1207.01,0.72
2005-11-01,1207.01,1207.34,1201.66,1202.76,-0.35
2005-11-02,1202.76,1215.17,1201.07,1214.76,1.0
2005-11-03,1214.76,1224.7,1214.76,1219.94,0.43
2005-11-04,1219.94,1222.52,1214.45,1220.14,0.02
2005-11-07,1220.14,1224.18,1217.29,1222.81,0.22
2005-11-08,1222.81,1222.81,1216.08,1218.59,-0.35
2005-11-09,1218.59,1226.59,1216.53,1220.65,0.17
2005-11-10,1220.65,1232.41,1215.05,1230.96,0.84
2005-11-11,1230.96,1235.7,1230.72,1234.72,0.31
2005-11-14,1234.72,1237.2,1231.78,1233.76,-0.08
2005-11-15,1233.76,1237.94,1226.41,1229.01,-0.39
2005-11-16,1229.01,1232.24,1227.18,1231.21,0.18
2005-11-17,1231.21,1242.96,1231.21,1242.8,0.94
2005-11-18,1242.8,1249.58,1240.71,1248.27,0.44
2005-11-21,1248.27,1255.89,1246.9,1254.85,0.53
2005-11-22,1254.85,1261.9,1251.4,1261.23,0.51
2005-11-23,1261.23,1270.64,1259.51,1265.61,0.35
2005-11-25,1265.61,1268.78,1265.54,1268.25,0.21
2005-11-28,1268.25,1268.44,1257.17,1257.46,-0.85
2005-11-29,1257.46,1266.18,1257.46,1257.48,0.0
2005-11-30,1257.48,1260.93,1249.39,1249.48,-0.64
2005-12-01,1249.48,1266.17,1249.48,1264.67,1.22
2005-12-02,1264.67,1266.85,1261.42,1265.08,0.03
2005-12-05,1265.08,1265.08,1258.12,1262.09,-0.24
2005-12-06,1262.09,1272.89,1262.09,1263.7,0.13
2005-12-07,1263.7,1264.85,1253.02,1257.37,-0.5
2005-12-08,1257.37,1263.36,1250.91,1255.84,-0.12
2005-12-09,1255.84,1263.08,1254.24,1259.37,0.28
2005-12-12,1259.37,1263.86,1255.52,1260.43,0.08
2005-12-13,1260.43,1272.11,1258.56,1267.43,0.56
2005-12-14,1267.43,1275.8,1267.07,1272.74,0.42
2005-12-15,1272.74,1275.17,1267.74,1270.94,-0.14
2005-12-16,1270.94,1275.24,1267.32,1267.32,-0.28
2005-12-19,1267.32,1270.51,1259.28,1259.92,-0.58
2005-12-20,1259.92,1263.86,1257.21,1259.62,-0.02
2005-12-21,1259.62,1269.37,1259.62,1262.79,0.25
2005-12-22,1262.79,1268.19,1262.5,1268.12,0.42
2005-12-23,1268.12,1269.76,1265.92,1268.66,0.04
2005-12-27,1268.66,1271.83,1256.54,1256.54,-0.96
2005-12-28,1256.54,1261.1,1256.54,1258.17,0.13
2005-12-29,1258.17,1260.61,1254.18,1254.42,-0.3
2005-12-30,1254.42,1254.42,1246.59,1248.29,-0.49
2006-01-03,1248.29,1270.22,1245.74,1268.8,1.64
2006-01-04,1268.8,1275.37,1267.74,1273.46,0.37
2006-01-05,1273.46,1276.91,1270.3,1273.48,0.0
2006-01-06,1273.48,1286.09,1273.48,1285.45,0.94
2006-01-09,1285.45,1290.78,1284.82,1290.15,0.37
2006-01-10,1290.15,1290.15,1283.76,1289.69,-0.04
2006-01-11,1289.72,1294.9,1288.12,1294.18,0.35
2006-01-12,1294.18,1294.18,1285.04,1286.06,-0.63
2006-01-13,1286.06,1288.96,1282.78,1287.61,0.12
2006-01-17,1287.61,1287.61,1278.61,1282.93,-0.36
2006-01-18,1282.93,1282.93,1272.08,1277.93,-0.4
2006-01-19,1277.93,1287.79,1277.93,1285.04,0.56
2006-01-20,1285.04,1285.04,1260.92,1261.49,-1.83
2006-01-23,1261.49,1268.19,1261.49,1263.82,0.18
2006-01-24,1263.82,1271.47,1263.82,1266.86,0.24
2006-01-25,1266.86,1271.87,1259.42,1264.68,-0.17
2006-01-26,1264.68,1276.44,1264.68,1273.83,0.72
2006-01-27,1273.83,1286.38,1273.83,1283.72,0.78
2006-01-30,1283.72,1287.94,1283.51,1285.2,0.11
2006-01-31,1285.2,1285.2,1276.85,1280.08,-0.4
2006-02-01,1280.08,1283.33,1277.57,1282.46,0.19
2006-02-02,1282.46,1282.46,1267.72,1270.84,-0.91
2006-02-03,1270.84,1270.87,1261.02,1264.03,-0.54
2006-02-06,1264.03,1267.04,1261.62,1265.02,0.08
2006-02-07,1265.02,1265.78,1253.61,1254.78,-0.81
2006-02-08,1254.78,1266.47,1254.78,1265.65,0.87
2006-02-09,1265.65,1274.56,1262.8,1263.78,-0.15
2006-02-10,1263.82,1269.89,1254.98,1266.99,0.25
2006-02-13,1266.99,1266.99,1258.34,1262.86,-0.33
2006-02-14,1262.86,1278.21,1260.8,1275.53,1.0
2006-02-15,1275.53,1281.0,1271.06,1280.0,0.35
2006-02-16,1280.0,1289.39,1280.0,1289.38,0.73
2006-02-17,1289.38,1289.47,1284.07,1287.24,-0.17
2006-02-21,1287.24,1291.92,1281.33,1283.04,-0.33
2006-02-22,1283.03,1294.17,1283.03,1292.67,0.75
2006-02-23,1292.67,1293.84,1285.14,1287.79,-0.38
2006-02-24,1287.79,1292.11,1285.62,1289.43,0.13
2006-02-27,1289.43,1297.57,1289.43,1294.12,0.36
2006-02-28,1294.12,1294.12,1278.66,1280.66,-1.04
2006-03-01,1280.66,1291.8,1280.66,1291.24,0.83
2006-03-02,1291.24,1291.24,1283.21,1289.14,-0.16
2006-03-03,1289.14,1297.33,1284.2,1287.23,-0.15
2006-03-06,1287.23,1288.23,1275.67,1278.26,-0.7
2006-03-07,1278.26,1278.26,1271.11,1275.88,-0.19
2006-03-08,1275.88,1280.33,1268.42,1278.47,0.2
2006-03-09,1278.47,1282.74,1272.23,1272.23,-0.49
2006-03-10,1272.23,1284.37,1271.11,1281.58,0.72
2006-03-13,1281.58,1287.37,1281.58,1284.13,0.21
2006-03-14,1284.13,1298.14,1282.67,1297.48,1.04
2006-03-15,1297.48,1304.4,1294.97,1303.02,0.43
2006-03-16,1303.02,1310.45,1303.02,1305.33,0.18
2006-03-17,1305.33,1309.79,1305.32,1307.25,0.15
2006-03-20,1307.25,1310.0,1303.59,1305.08,-0.17
2006-03-21,1305.08,1310.88,1295.82,1297.23,-0.6
2006-03-22,1297.23,1305.97,1295.81,1305.04,0.6
2006-03-23,1305.04,1305.04,1298.11,1301.67,-0.26
2006-03-24,1301.67,1306.53,1298.89,1302.95,0.1
2006-03-27,1302.95,1303.74,1299.09,1301.61,-0.1
2006-03-28,1301.61,1306.24,1291.84,1293.23,-0.64
2006-03-29,1293.23,1305.6,1293.23,1302.89,0.75
2006-03-30,1302.89,1310.15,1296.72,1300.25,-0.2
2006-03-31,1300.25,1303.0,1294.83,1294.83,-0.41
2006-04-03,1302.88,1309.19,1296.65,1297.81,0.23
2006-04-04,1297.81,1307.55,1294.71,1305.93,0.63
2006-04-05,1305.93,1312.81,1304.82,1311.56,0.43
2006-04-06,1311.56,1311.99,1302.44,1309.04,-0.19
2006-04-07,1309.04,1314.07,1294.18,1295.5,-1.03
2006-04-10,1295.51,1300.74,1293.17,1296.6,0.09
2006-04-11,1296.6,1300.71,1282.96,1286.57,-0.78
2006-04-12,1286.57,1290.93,1286.45,1288.12,0.12
2006-04-13,1288.12,1292.09,1283.37,1289.12,0.08
2006-04-17,1289.12,1292.45,1280.74,1285.33,-0.29
2006-04-18,1285.33,1309.02,1285.33,1307.65,1.71
2006-04-19,1307.65,1310.39,1302.79,1309.93,0.2
2006-04-20,1309.93,1318.16,1306.38,1311.46,0.12
2006-04-21,1311.46,1317.67,1306.59,1311.28,-0.01
2006-04-24,1311.28,1311.28,1303.79,1308.11,-0.24
2006-04-25,1308.11,1310.79,1299.17,1301.74,-0.49
2006-04-26,1301.74,1310.97,1301.74,1305.41,0.28
2006-04-27,1305.41,1315.0,1295.57,1309.72,0.33
2006-04-28,1309.72,1316.04,1306.16,1310.61,0.07
2006-05-01,1310.61,1317.21,1303.46,1305.19,-0.41
2006-05-02,1305.19,1313.66,1305.19,1313.21,0.61
2006-05-03,1313.21,1313.47,1303.92,1307.85,-0.39
2006-05-04,1307.85,1315.14,1307.85,1312.25,0.32
2006-05-05,1312.25,1326.53,1312.25,1325.76,1.03
2006-05-08,1325.76,1326.7,1322.87,1324.66,-0.08
2006-05-09,1324.66,1326.6,1322.48,1325.14,0.04
2006-05-10,1324.57,1325.51,1317.44,1322.85,-0.17
2006-05-11,1322.63,1322.63,1303.45,1305.92,-1.28
2006-05-12,1305.88,1305.88,1290.38,1291.24,-1.12
2006-05-15,1291.19,1294.81,1284.51,1294.5,0.25
2006-05-16,1294.5,1297.88,1288.51,1292.08,-0.19
2006-05-17,1291.73,1291.73,1267.31,1270.32,-1.68
2006-05-18,1270.25,1274.89,1261.75,1261.81,-0.67
2006-05-19,1261.81,1272.15,1256.28,1267.03,0.41
2006-05-22,1267.03,1268.77,1252.98,1262.07,-0.39
2006-05-23,1262.06,1273.67,1256.15,1256.58,-0.43
2006-05-24,1256.56,1264.53,1245.34,1258.57,0.16
2006-05-25,1258.41,1273.26,1258.41,1272.88,1.14
2006-05-26,1272.71,1280.54,1272.5,1280.16,0.57
2006-05-30,1280.04,1280.04,1259.84,1259.84,-1.58
2006-05-31,1259.38,1270.09,1259.38,1270.09,0.81
2006-06-01,1270.05,1285.71,1269.19,1285.71,1.23
2006-06-02,1285.71,1290.68,1280.22,1288.22,0.2
2006-06-05,1288.16,1288.16,1264.66,1265.29,-1.78
2006-06-06,1265.23,1269.88,1254.46,1263.85,-0.11
2006-06-07,1263.61,1272.47,1255.77,1256.15,-0.61
2006-06-08,1256.08,1259.85,1235.18,1257.93,0.14
2006-06-09,1257.93,1262.58,1250.03,1252.3,-0.45
2006-06-12,1252.27,1255.22,1236.2,1236.4,-1.19
2006-06-13,1236.08,1243.37,1222.52,1223.69,-1.11
2006-06-14,1223.66,1231.46,1219.29,1230.04,0.52
2006-06-15,1230.01,1258.64,1230.01,1256.16,2.12
2006-06-16,1256.16,1256.27,1246.33,1251.54,-0.37
2006-06-19,1251.54,1255.93,1237.17,1240.14,-0.91
2006-06-20,1240.12,1249.01,1238.87,1240.12,0.0
2006-06-21,1240.09,1257.96,1240.09,1252.2,0.97
2006-06-22,1251.92,1251.92,1241.53,1245.6,-0.53
2006-06-23,1245.59,1253.13,1241.43,1244.5,-0.09
2006-06-26,1244.5,1250.92,1243.68,1250.56,0.49
2006-06-27,1250.55,1253.37,1238.94,1239.2,-0.91
2006-06-28,1238.99,1247.06,1237.59,1246.0,0.55
2006-06-30,1272.86,1276.3,1270.2,1270.2,1.94
2006-07-03,1270.06,1280.38,1270.06,1280.19,0.79
2006-07-05,1280.05,1280.05,1265.91,1270.91,-0.72
2006-07-06,1270.58,1278.32,1270.58,1274.08,0.25
2006-07-07,1274.08,1275.38,1263.13,1265.48,-0.67
2006-07-10,1265.46,1274.06,1264.46,1267.34,0.15
2006-07-11,1267.26,1273.64,1259.65,1272.52,0.4
2006-07-12,1272.39,1273.31,1257.29,1258.6,-1.09
2006-07-13,1258.58,1258.58,1241.43,1242.29,-1.3
2006-07-14,1242.29,1242.7,1228.45,1236.2,-0.49
2006-07-17,1236.2,1240.07,1231.49,1234.49,-0.14
2006-07-18,1234.48,1239.86,1224.54,1236.86,0.19
2006-07-19,1236.74,1261.81,1236.74,1259.81,1.86
2006-07-20,1259.81,1262.56,1249.13,1249.13,-0.85
2006-07-21,1249.12,1250.96,1238.72,1240.29,-0.71
2006-07-24,1240.25,1262.5,1240.25,1260.91,1.66
2006-07-25,1260.91,1272.39,1257.19,1268.88,0.63
2006-07-26,1268.87,1273.89,1261.94,1268.4,-0.04
2006-07-27,1268.2,1275.85,1261.92,1263.2,-0.41
2006-07-28,1263.15,1280.42,1263.15,1278.55,1.22
2006-07-31,1278.53,1278.66,1274.31,1276.66,-0.15
2006-08-01,1276.66,1276.66,1265.71,1270.92,-0.45
2006-08-02,1270.73,1283.42,1270.73,1278.55,0.51
2006-08-03,1278.22,1283.96,1271.25,1280.27,0.22
2006-08-04,1280.26,1292.92,1273.82,1279.36,-0.07
2006-08-07,1279.31,1279.31,1273.0,1275.77,-0.28
2006-08-08,1275.67,1282.75,1268.37,1271.48,-0.34
2006-08-09,1271.13,1283.74,1264.73,1265.95,-0.43
2006-08-10,1265.72,1272.55,1261.3,1271.81,0.46
2006-08-11,1271.64,1271.64,1262.08,1266.74,-0.4
2006-08-14,1266.67,1278.9,1266.67,1268.21,0.12
2006-08-15,1268.19,1286.23,1268.19,1285.58,1.37
2006-08-16,1285.27,1296.21,1285.27,1295.43,0.77
2006-08-17,1295.37,1300.78,1292.71,1297.48,0.16
2006-08-18,1297.48,1302.3,1293.57,1302.3,0.37
2006-08-21,1302.3,1302.3,1295.51,1297.52,-0.37
2006-08-22,1297.52,1302.49,1294.44,1298.82,0.1
2006-08-23,1298.73,1301.5,1289.49,1292.99,-0.45
2006-08-24,1292.97,1297.23,1291.4,1296.06,0.24
2006-08-25,1295.92,1298.88,1292.39,1295.09,-0.07
2006-08-28,1295.09,1305.02,1293.97,1301.78,0.52
2006-08-29,1301.57,1305.02,1295.29,1304.28,0.19
2006-08-30,1303.7,1306.74,1302.15,1304.27,0.08
2006-08-31,1304.25,1306.11,1302.45,1303.82,-0.12
2006-09-01,1303.8,1312.03,1303.8,1311.01,0.55
2006-09-05,1310.94,1314.67,1308.82,1313.25,0.17
2006-09-06,1313.04,1313.04,1299.28,1300.26,-0.99
2006-09-07,1300.21,1301.25,1292.13,1294.02,-0.48
2006-09-08,1294.02,1300.14,1294.02,1298.92,0.38
2006-09-11,1298.86,1302.36,1290.93,1299.54,0.05
2006-09-12,1299.53,1314.28,1299.53,1313.11,1.04
2006-09-13,1312.74,1319.92,1311.12,1318.07,0.39
2006-09-14,1318.0,1318.0,1313.25,1316.28,-0.14
2006-09-15,1316.28,1324.65,1316.28,1319.87,0.26
2006-09-18,1319.85,1324.87,1318.16,1321.18,0.12
2006-09-19,1321.17,1322.04,1312.17,1318.31,-0.27
2006-09-20,1318.28,1328.53,1318.28,1325.18,0.57
2006-09-21,1324.89,1328.19,1315.45,1318.03,-0.54
2006-09-22,1318.03,1318.03,1310.94,1314.78,-0.25
2006-09-25,1314.78,1329.35,1311.58,1326.37,0.88
2006-09-26,1326.35,1336.6,1325.3,1336.34,0.75
2006-09-27,1336.12,1340.08,1333.54,1336.59,0.02
2006-09-28,1336.56,1340.28,1333.75,1339.15,0.17
2006-09-29,1339.15,1339.88,1335.64,1335.85,-0.23
2006-10-02,1335.82,1338.54,1330.28,1331.32,-0.34
2006-10-03,1331.32,1338.31,1327.1,1334.11,0.21
2006-10-05,1349.84,1353.79,1347.75,1353.22,1.43
2006-10-06,1353.22,1353.22,1344.21,1349.58,-0.27
2006-10-09,1349.58,1352.69,1346.55,1350.66,0.08
2006-10-10,1350.62,1354.23,1348.6,1353.42,0.2
2006-10-11,1353.28,1353.97,1343.57,1349.95,-0.26
2006-10-12,1349.94,1363.76,1349.94,1362.83,0.95
2006-10-13,1362.82,1366.63,1360.5,1365.62,0.2
2006-10-16,1365.61,1370.2,1364.48,1369.05,0.25
2006-10-17,1369.05,1369.05,1356.87,1364.05,-0.37
2006-10-18,1363.93,1372.87,1360.95,1365.96,0.13
2006-10-19,1365.95,1368.09,1362.06,1366.96,0.08
2006-10-20,1366.94,1368.66,1362.1,1368.6,0.12
2006-10-23,1368.58,1377.4,1363.94,1377.02,0.62
2006-10-24,1377.02,1377.78,1372.42,1377.38,0.03
2006-10-25,1377.36,1383.61,1376.0,1382.22,0.35
2006-10-26,1382.21,1389.45,1379.47,1389.08,0.5
2006-10-27,1388.89,1388.89,1375.85,1377.34,-0.85
2006-10-30,1377.3,1381.22,1373.46,1377.93,0.04
2006-10-31,1377.93,1381.21,1372.19,1377.94,0.0
2006-11-01,1377.76,1381.95,1366.26,1367.81,-0.74
2006-11-02,1367.44,1368.39,1362.21,1367.34,-0.03
2006-11-03,1367.31,1371.68,1360.98,1364.3,-0.22
2006-11-06,1364.27,1381.4,1364.27,1379.78,1.13
2006-11-07,1379.75,1388.19,1379.19,1382.84,0.22
2006-11-08,1382.5,1388.61,1376.29,1385.72,0.21
2006-11-09,1385.43,1388.92,1377.31,1378.33,-0.53
2006-11-10,1378.33,1381.04,1375.6,1380.9,0.19
2006-11-13,1380.58,1387.61,1378.8,1384.42,0.25
2006-11-14,1384.36,1394.49,1379.07,1393.22,0.64
2006-11-15,1392.91,1401.35,1392.13,1396.57,0.24
2006-11-16,1396.53,1403.76,1396.53,1399.76,0.23
2006-11-17,1399.76,1401.21,1394.55,1401.2,0.1
2006-11-20,1401.17,1404.37,1397.85,1400.5,-0.05
2006-11-21,1400.43,1403.49,1399.99,1402.81,0.16
2006-11-22,1402.69,1407.89,1402.26,1406.09,0.23
2006-11-24,1405.94,1405.94,1399.25,1400.95,-0.37
2006-11-27,1400.95,1400.95,1381.44,1381.9,-1.36
2006-11-28,1381.61,1387.91,1377.83,1386.72,0.34
2006-11-29,1386.11,1401.14,1386.11,1399.48,0.92
2006-11-30,1399.47,1406.3,1393.83,1400.63,0.08
2006-12-01,1400.63,1402.46,1385.93,1396.71,-0.28
2006-12-04,1396.67,1411.23,1396.67,1409.12,0.89
2006-12-05,1409.1,1415.27,1408.78,1414.76,0.4
2006-12-06,1414.4,1415.93,1411.05,1412.9,-0.13
2006-12-07,1412.86,1418.27,1406.8,1407.29,-0.4
2006-12-08,1407.27,1414.09,1403.67,1409.84,0.18
2006-12-11,1409.81,1415.6,1408.56,1413.04,0.23
2006-12-12,1413.0,1413.78,1404.75,1411.56,-0.1
2006-12-13,1411.32,1416.64,1411.05,1413.21,0.12
2006-12-14,1413.16,1427.23,1413.16,1425.49,0.87
2006-12-15,1425.48,1431.63,1425.48,1427.09,0.11
2006-12-18,1427.08,1431.81,1420.65,1422.48,-0.32
2006-12-19,1422.42,1428.3,1414.88,1425.55,0.22
2006-12-20,1425.51,1429.05,1423.51,1423.53,-0.14
2006-12-21,1423.2,1426.4,1415.9,1418.3,-0.37
2006-12-22,1418.1,1418.82,1410.28,1410.76,-0.53
2006-12-26,1410.75,1417.91,1410.45,1416.9,0.44
2006-12-27,1416.63,1427.72,1416.63,1426.84,0.7
2006-12-28,1426.77,1427.26,1422.05,1424.73,-0.15
2006-12-29,1424.71,1427.0,1416.72,1418.3,-0.45
2007-01-03,1418.03,1429.42,1407.86,1416.6,-0.12
2007-01-04,1416.6,1421.84,1408.22,1418.34,0.12
2007-01-05,1418.34,1418.34,1405.75,1409.71,-0.61
2007-01-08,1409.26,1414.98,1403.97,1412.84,0.22
2007-01-09,1412.84,1415.61,1405.42,1412.11,-0.05
2007-01-10,1411.94,1415.99,1404.33,1414.85,0.19
2007-01-11,1414.84,1427.12,1414.84,1423.82,0.63
2007-01-12,1423.82,1431.23,1422.58,1430.73,0.49
2007-01-16,1430.73,1433.93,1428.62,1431.9,0.08
2007-01-17,1431.77,1435.27,1428.57,1430.62,-0.09
2007-01-18,1430.59,1433.3,1424.21,1426.37,-0.3
2007-01-19,1426.35,1431.57,1425.19,1430.5,0.29
2007-01-22,1430.47,1431.39,1420.4,1422.95,-0.53
2007-01-23,1422.95,1431.33,1421.66,1427.99,0.35
2007-01-24,1427.96,1440.14,1427.96,1440.13,0.85
2007-01-25,1440.12,1440.69,1422.34,1423.9,-1.13
2007-01-26,1423.9,1427.27,1416.96,1422.18,-0.12
2007-01-29,1422.03,1426.94,1418.46,1420.62,-0.11
2007-01-30,1420.61,1428.82,1420.61,1428.82,0.58
2007-01-31,1428.65,1441.61,1424.78,1438.24,0.66
2007-02-01,1437.9,1446.64,1437.9,1445.94,0.54
2007-02-02,1445.94,1449.33,1444.49,1448.39,0.17
2007-02-05,1448.33,1449.38,1443.85,1446.99,-0.1
2007-02-06,1446.98,1450.19,1443.4,1448.0,0.07
2007-02-07,1447.41,1452.99,1446.44,1450.02,0.14
2007-02-08,1449.99,1450.45,1442.81,1448.31,-0.12
2007-02-09,1448.25,1452.45,1433.44,1438.06,-0.71
2007-02-12,1438.0,1439.11,1431.44,1433.37,-0.33
2007-02-13,1433.22,1444.41,1433.22,1444.26,0.76
2007-02-14,1443.91,1457.65,1443.91,1455.3,0.76
2007-02-15,1455.15,1457.97,1453.19,1456.81,0.1
2007-02-16,1456.77,1456.77,1451.57,1455.54,-0.09
2007-02-20,1455.53,1460.53,1449.2,1459.68,0.28
2007-02-21,1459.6,1459.6,1452.02,1457.63,-0.14
2007-02-22,1457.29,1461.57,1450.51,1456.38,-0.09
2007-02-23,1456.22,1456.22,1448.36,1451.19,-0.36
2007-02-26,1451.04,1456.95,1445.48,1449.37,-0.13
2007-02-27,1449.25,1449.25,1389.42,1399.04,-3.47
2007-02-28,1398.64,1415.89,1396.65,1406.82,0.56
2007-03-01,1406.8,1409.46,1380.87,1403.17,-0.26
2007-03-02,1403.16,1403.4,1386.87,1387.17,-1.14
2007-03-05,1387.11,1391.86,1373.97,1374.12,-0.94
2007-03-06,1374.06,1397.9,1374.06,1395.41,1.55
2007-03-07,1395.02,1401.16,1390.64,1391.97,-0.25
2007-03-08,1391.88,1407.93,1391.88,1401.89,0.71
2007-03-09,1401.89,1410.15,1397.3,1402.85,0.07
2007-03-12,1402.8,1409.34,1398.4,1406.6,0.27
2007-03-13,1406.23,1406.23,1377.71,1377.95,-2.04
2007-03-14,1377.86,1388.09,1363.98,1387.17,0.67
2007-03-15,1387.11,1395.73,1385.16,1392.28,0.37
2007-03-16,1392.28,1397.51,1383.63,1386.95,-0.38
2007-03-19,1386.95,1403.2,1386.95,1402.06,1.09
2007-03-20,1402.04,1411.53,1400.7,1410.94,0.63
2007-03-21,1410.92,1437.77,1409.75,1435.04,1.71
2007-03-22,1435.04,1437.66,1429.88,1434.54,-0.03
2007-03-23,1434.54,1438.89,1433.21,1436.11,0.11
2007-03-26,1436.11,1437.65,1423.28,1437.5,0.1
2007-03-27,1437.49,1437.49,1425.54,1428.61,-0.62
2007-03-28,1428.35,1428.35,1414.07,1417.23,-0.8
2007-03-29,1417.17,1426.24,1413.27,1422.53,0.37
2007-03-30,1422.52,1429.22,1408.9,1420.86,-0.12
2007-04-02,1420.83,1425.49,1416.37,1424.55,0.26
2007-04-03,1424.27,1440.57,1424.27,1437.77,0.93
2007-04-04,1437.75,1440.16,1435.08,1439.37,0.11
2007-04-05,1438.94,1444.88,1436.67,1443.76,0.3
2007-04-09,1443.77,1448.1,1443.28,1444.61,0.06
2007-04-10,1444.58,1448.73,1443.99,1448.39,0.26
2007-04-11,1448.23,1448.39,1436.15,1438.87,-0.66
2007-04-12,1438.87,1448.02,1433.91,1447.8,0.62
2007-04-13,1447.8,1453.11,1444.15,1452.85,0.35
2007-04-16,1452.84,1468.62,1452.84,1468.47,1.07
2007-04-17,1468.47,1474.35,1467.15,1471.48,0.21
2007-04-18,1471.47,1476.57,1466.41,1472.5,0.07
2007-04-19,1472.48,1474.23,1464.47,1470.73,-0.12
2007-04-20,1470.69,1484.74,1470.69,1484.35,0.93
2007-04-23,1484.33,1487.32,1480.19,1480.93,-0.23
2007-04-24,1480.93,1483.82,1473.74,1480.41,-0.04
2007-04-25,1480.28,1496.59,1480.28,1495.42,1.01
2007-04-26,1495.27,1498.02,1491.17,1494.25,-0.08
2007-04-27,1494.21,1497.32,1488.67,1494.07,-0.01
2007-04-30,1494.75,1497.16,1482.29,1482.37,-0.78
2007-05-01,1483.0,1487.27,1476.7,1486.3,0.27
2007-05-02,1486.13,1499.1,1486.13,1495.92,0.65
2007-05-03,1495.56,1503.34,1495.56,1502.39,0.43
2007-05-04,1502.35,1510.34,1501.8,1505.62,0.21
2007-05-07,1505.57,1511.0,1505.54,1509.48,0.26
2007-05-08,1509.36,1509.36,1500.66,1507.72,-0.12
2007-05-09,1507.32,1513.8,1503.77,1512.58,0.32
2007-05-10,1512.33,1512.33,1491.42,1491.47,-1.4
2007-05-11,1491.47,1506.24,1491.47,1505.85,0.96
2007-05-14,1505.76,1510.9,1498.34,1503.15,-0.18
2007-05-15,1503.11,1514.83,1500.43,1501.19,-0.13
2007-05-16,1500.75,1514.15,1500.75,1514.14,0.86
2007-05-17,1514.01,1517.14,1509.29,1512.75,-0.09
2007-05-18,1512.74,1522.75,1512.74,1522.75,0.66
2007-05-21,1522.75,1529.87,1522.71,1525.1,0.15
2007-05-22,1525.1,1529.24,1522.05,1524.12,-0.06
2007-05-23,1524.09,1532.43,1521.9,1522.28,-0.12
2007-05-24,1522.1,1529.31,1505.18,1507.51,-0.97
2007-05-25,1507.5,1517.41,1507.5,1515.73,0.55
2007-05-29,1515.55,1521.8,1512.02,1518.11,0.16
2007-05-30,1517.6,1530.23,1510.06,1530.23,0.8
2007-05-31,1530.19,1535.56,1528.26,1530.62,0.03
2007-06-01,1530.62,1540.56,1530.62,1536.34,0.37
2007-06-04,1536.28,1540.53,1532.31,1539.18,0.18
2007-06-05,1539.12,1539.12,1525.62,1530.95,-0.53
2007-06-06,1530.57,1530.57,1514.13,1517.38,-0.89
2007-06-07,1517.36,1517.36,1490.37,1490.72,-1.76
2007-06-08,1490.71,1507.76,1487.41,1507.67,1.14
2007-06-11,1507.64,1515.53,1503.35,1509.12,0.1
2007-06-12,1509.12,1511.33,1492.97,1493.0,-1.07
2007-06-13,1492.65,1515.7,1492.65,1515.67,1.52
2007-06-14,1515.58,1526.45,1515.58,1522.97,0.48
2007-06-15,1522.97,1538.71,1522.97,1532.91,0.65
2007-06-18,1532.9,1535.44,1529.31,1531.05,-0.12
2007-06-19,1531.02,1535.85,1525.67,1533.7,0.17
2007-06-20,1533.68,1537.32,1512.36,1512.84,-1.36
2007-06-21,1512.5,1522.9,1504.75,1522.19,0.62
2007-06-22,1522.19,1522.19,1500.74,1502.56,-1.29
2007-06-25,1502.56,1514.29,1492.68,1497.74,-0.32
2007-06-26,1497.68,1506.12,1490.54,1492.89,-0.32
2007-06-27,1492.62,1506.8,1484.18,1506.34,0.9
2007-06-28,1506.32,1514.84,1503.41,1505.71,-0.04
2007-06-29,1505.7,1517.53,1493.61,1503.35,-0.16
2007-07-02,1504.66,1519.45,1504.66,1519.43,1.07
2007-07-03,1519.12,1526.01,1519.12,1524.87,0.36
2007-07-05,1524.86,1526.57,1517.72,1525.4,0.03
2007-07-06,1524.96,1532.4,1520.47,1530.44,0.33
2007-07-09,1530.43,1534.26,1527.45,1531.85,0.09
2007-07-10,1531.85,1531.85,1510.01,1510.12,-1.42
2007-07-11,1509.93,1519.34,1506.1,1518.76,0.57
2007-07-12,1518.74,1547.92,1518.74,1547.7,1.91
2007-07-13,1547.68,1555.1,1544.85,1552.5,0.31
2007-07-16,1552.5,1555.9,1546.69,1549.52,-0.19
2007-07-17,1549.52,1555.32,1547.74,1549.37,-0.01
2007-07-18,1549.2,1549.2,1533.67,1546.17,-0.21
2007-07-19,1546.13,1555.2,1546.13,1553.08,0.45
2007-07-20,1553.19,1553.19,1529.2,1534.1,-1.22
2007-07-23,1534.06,1547.23,1534.06,1541.57,0.49
2007-07-24,1541.57,1541.57,1508.62,1511.04,-1.98
2007-07-25,1511.03,1524.31,1503.73,1518.09,0.47
2007-07-26,1518.09,1518.09,1465.3,1482.66,-2.33
2007-07-27,1482.44,1488.53,1458.95,1458.95,-1.6
2007-07-30,1458.93,1477.88,1454.32,1473.91,1.03
2007-07-31,1473.9,1488.3,1454.25,1455.27,-1.26
2007-08-02,1465.46,1476.43,1460.58,1472.2,1.16
2007-08-06,1433.04,1467.67,1427.39,1467.67,-0.31
2007-08-07,1467.62,1488.3,1455.8,1476.71,0.62
2007-08-08,1476.22,1503.89,1476.22,1497.49,1.41
2007-08-09,1497.21,1497.21,1453.09,1453.09,-2.96
2007-08-10,1453.09,1462.02,1429.74,1453.64,0.04
2007-08-13,1453.42,1466.29,1451.54,1452.92,-0.05
2007-08-14,1452.87,1456.74,1426.2,1426.54,-1.82
2007-08-15,1426.15,1440.78,1404.36,1406.7,-1.39
2007-08-16,1406.64,1415.97,1370.6,1411.27,0.32
2007-08-17,1411.26,1450.33,1411.26,1445.94,2.46
2007-08-20,1445.94,1451.75,1430.54,1445.55,-0.03
2007-08-21,1445.55,1455.32,1439.76,1447.12,0.11
2007-08-22,1447.03,1464.86,1447.03,1464.07,1.17
2007-08-23,1464.05,1472.06,1453.88,1462.5,-0.11
2007-08-24,1462.34,1479.4,1460.54,1479.37,1.15
2007-08-27,1479.36,1479.36,1465.98,1466.79,-0.85
2007-08-28,1466.72,1466.72,1432.01,1432.36,-2.35
2007-08-29,1432.01,1463.76,1432.01,1463.76,2.19
2007-08-30,1463.67,1468.43,1451.25,1457.64,-0.42
2007-08-31,1457.61,1481.47,1457.61,1473.99,1.12
2007-09-04,1473.96,1496.4,1472.15,1489.42,1.05
2007-09-05,1488.76,1488.76,1466.34,1472.29,-1.15
2007-09-06,1472.03,1481.49,1467.41,1478.55,0.43
2007-09-07,1478.55,1478.55,1449.07,1453.55,-1.69
2007-09-10,1453.5,1462.25,1439.29,1451.7,-0.13
2007-09-11,1451.69,1472.48,1451.69,1471.49,1.36
2007-09-12,1471.1,1479.5,1465.75,1471.56,0.0
2007-09-13,1471.47,1489.58,1471.47,1483.95,0.84
2007-09-14,1483.95,1485.99,1473.18,1484.25,0.02
2007-09-17,1484.24,1484.24,1471.82,1476.65,-0.51
2007-09-18,1476.63,1519.89,1476.63,1519.78,2.92
2007-09-19,1519.75,1538.74,1519.75,1529.03,0.61
2007-09-20,1528.69,1529.14,1516.42,1518.75,-0.67
2007-09-21,1518.75,1530.89,1518.75,1525.75,0.46
2007-09-24,1525.75,1530.18,1516.15,1517.73,-0.53
2007-09-25,1516.34,1518.27,1507.13,1517.21,-0.03
2007-09-26,1518.62,1529.39,1518.62,1525.42,0.54
2007-09-27,1527.32,1532.46,1525.81,1531.38,0.39
2007-09-28,1531.24,1533.74,1521.99,1526.75,-0.3
2007-10-01,1527.29,1549.02,1527.25,1547.04,1.33
2007-10-02,1546.96,1548.01,1540.37,1546.63,-0.03
2007-10-03,1545.8,1545.84,1536.34,1539.59,-0.46
2007-10-04,1539.91,1544.02,1537.63,1542.84,0.21
2007-10-05,1543.84,1561.91,1543.84,1557.59,0.96
2007-10-08,1556.51,1556.51,1549.0,1552.58,-0.32
2007-10-09,1553.18,1565.26,1551.82,1565.15,0.81
2007-10-10,1564.98,1565.42,1555.46,1562.47,-0.17
2007-10-11,1564.72,1576.09,1546.72,1554.41,-0.52
2007-10-12,1555.41,1563.03,1554.09,1561.8,0.48
2007-10-15,1562.25,1564.74,1540.81,1548.71,-0.84
2007-10-16,1547.81,1547.81,1536.29,1538.53,-0.66
2007-10-17,1544.44,1550.66,1526.01,1541.24,0.18
2007-10-18,1539.29,1542.79,1531.76,1540.08,-0.08
2007-10-19,1540.0,1540.0,1500.26,1500.63,-2.56
2007-10-22,1497.79,1508.06,1490.4,1506.33,0.38
2007-10-23,1509.3,1520.01,1503.61,1519.59,0.88
2007-10-24,1516.61,1517.23,1489.56,1515.88,-0.24
2007-10-25,1516.15,1523.24,1500.46,1514.4,-0.1
2007-10-26,1522.17,1535.53,1520.18,1535.28,1.38
2007-10-29,1536.92,1544.67,1536.43,1540.98,0.37
2007-10-30,1539.42,1539.42,1529.55,1531.02,-0.65
2007-10-31,1532.15,1552.76,1529.4,1549.38,1.2
2007-11-01,1545.79,1545.79,1506.66,1508.44,-2.64
2007-11-02,1511.07,1513.15,1492.53,1509.65,0.08
2007-11-05,1505.61,1510.84,1489.95,1502.17,-0.5
2007-11-06,1505.33,1520.77,1499.07,1520.27,1.2
2007-11-07,1515.46,1515.46,1475.04,1475.62,-2.94
2007-11-08,1475.27,1482.5,1450.31,1474.77,-0.06
2007-11-09,1467.59,1474.09,1448.51,1453.7,-1.43
2007-11-12,1453.66,1464.94,1438.53,1439.18,-1.0
2007-11-13,1441.35,1481.37,1441.35,1481.05,2.91
2007-11-14,1483.4,1492.14,1466.47,1470.58,-0.71
2007-11-15,1468.04,1472.67,1443.49,1451.15,-1.32
2007-11-16,1453.09,1462.18,1443.99,1458.74,0.52
2007-11-19,1456.7,1456.7,1430.42,1433.27,-1.75
2007-11-20,1434.51,1452.64,1419.28,1439.7,0.45
2007-11-21,1434.71,1436.4,1415.64,1416.77,-1.59
2007-11-23,1417.62,1440.86,1417.62,1440.7,1.69
2007-11-26,1440.74,1446.09,1406.1,1407.22,-2.32
2007-11-27,1409.59,1429.49,1407.43,1428.23,1.49
2007-11-28,1432.95,1471.62,1432.95,1469.02,2.86
2007-11-29,1467.41,1473.81,1458.36,1469.72,0.05
2007-11-30,1471.83,1488.94,1470.89,1481.14,0.78
2007-12-03,1479.63,1481.16,1470.08,1472.42,-0.59
2007-12-04,1471.34,1471.34,1460.66,1462.79,-0.65
2007-12-05,1465.22,1486.09,1465.22,1485.01,1.52
2007-12-06,1484.59,1508.02,1482.19,1507.34,1.5
2007-12-07,1508.6,1510.63,1502.66,1504.66,-0.18
2007-12-10,1505.11,1518.27,1504.96,1515.96,0.75
2007-12-11,1516.68,1523.57,1475.99,1477.65,-2.53
2007-12-12,1487.58,1511.96,1468.23,1486.59,0.61
2007-12-13,1483.27,1489.4,1469.21,1488.41,0.12
2007-12-14,1486.19,1486.67,1467.78,1467.95,-1.37
2007-12-17,1465.05,1465.05,1445.43,1445.9,-1.5
2007-12-18,1445.92,1460.16,1435.65,1454.98,0.63
2007-12-19,1454.7,1464.42,1445.31,1453.0,-0.14
2007-12-20,1456.42,1461.53,1447.22,1460.12,0.49
2007-12-21,1463.19,1485.4,1463.19,1484.46,1.67
2007-12-24,1484.55,1497.63,1484.55,1496.45,0.81
2007-12-26,1495.12,1498.85,1488.2,1497.66,0.08
2007-12-27,1495.05,1495.05,1475.86,1476.37,-1.43
2007-12-28,1479.83,1488.01,1471.7,1478.49,0.15
2007-12-31,1475.25,1475.83,1465.13,1468.36,-0.69
2008-01-02,1467.97,1471.77,1442.07,1447.16,-1.44
2008-01-03,1447.55,1456.8,1443.73,1447.16,0.0
2008-01-04,1444.01,1444.01,1411.19,1411.63,-2.46
2008-01-07,1414.07,1423.87,1403.45,1416.18,0.32
2008-01-08,1415.71,1430.28,1388.3,1390.19,-1.84
2008-01-09,1390.25,1409.19,1378.7,1409.13,1.36
2008-01-10,1406.78,1429.09,1395.31,1420.33,0.79
2008-01-11,1419.91,1419.91,1394.83,1401.02,-1.36
2008-01-14,1402.91,1417.89,1402.91,1416.25,1.09
2008-01-15,1411.88,1411.88,1380.6,1380.95,-2.49
2008-01-16,1377.41,1391.99,1364.27,1373.2,-0.56
2008-01-17,1374.79,1377.72,1330.67,1333.25,-2.91
2008-01-18,1333.9,1350.28,1312.51,1325.19,-0.6
2008-01-22,1312.94,1322.09,1274.29,1310.5,-1.11
2008-01-23,1310.41,1339.09,1270.05,1338.6,2.14
2008-01-24,1340.13,1355.15,1334.31,1352.07,1.01
2008-01-25,1357.32,1368.56,1327.5,1330.61,-1.59
2008-01-28,1330.7,1353.97,1322.26,1353.97,1.75
2008-01-29,1355.94,1364.93,1350.19,1362.3,0.62
2008-01-30,1362.22,1385.86,1352.95,1355.81,-0.48
2008-01-31,1351.98,1385.62,1334.08,1378.55,1.68
2008-02-01,1378.6,1396.02,1375.93,1395.42,1.22
2008-02-04,1395.38,1395.38,1379.69,1380.82,-1.05
2008-02-05,1380.28,1380.28,1336.64,1336.64,-3.2
2008-02-06,1339.48,1351.96,1324.34,1326.45,-0.76
2008-02-07,1324.01,1347.16,1316.75,1336.91,0.79
2008-02-08,1336.88,1341.22,1321.06,1331.29,-0.42
2008-02-11,1331.92,1341.4,1320.32,1339.13,0.59
2008-02-12,1340.55,1362.1,1339.36,1348.86,0.73
2008-02-13,1353.12,1369.23,1350.78,1367.21,1.36
2008-02-14,1367.33,1368.16,1347.31,1348.86,-1.34
2008-02-15,1347.52,1350.0,1338.13,1349.99,0.08
2008-02-19,1355.86,1367.28,1345.05,1348.78,-0.09
2008-02-20,1348.39,1363.71,1336.55,1360.03,0.83
2008-02-21,1362.21,1367.94,1339.34,1342.53,-1.29
2008-02-22,1344.22,1354.3,1327.04,1353.11,0.79
2008-02-25,1352.75,1374.36,1346.03,1371.8,1.38
2008-02-26,1371.76,1387.34,1363.29,1381.29,0.69
2008-02-27,1378.95,1388.34,1372.0,1380.02,-0.09
2008-02-28,1378.16,1378.16,1363.16,1367.68,-0.89
2008-02-29,1364.07,1364.07,1325.42,1330.63,-2.71
2008-03-03,1330.45,1335.13,1320.04,1331.34,0.05
2008-03-04,1329.58,1331.03,1307.39,1326.75,-0.34
2008-03-05,1327.69,1344.19,1320.22,1333.7,0.52
2008-03-06,1332.2,1332.2,1303.42,1304.34,-2.2
2008-03-07,1301.53,1313.24,1282.43,1293.37,-0.84
2008-03-10,1293.16,1295.01,1272.66,1273.37,-1.55
2008-03-11,1274.4,1320.65,1274.4,1320.65,3.71
2008-03-12,1321.13,1333.26,1307.86,1308.77,-0.9
2008-03-13,1305.26,1321.68,1282.11,1315.48,0.51
2008-03-14,1316.05,1321.47,1274.86,1288.14,-2.08
2008-03-17,1283.21,1287.5,1256.98,1276.6,-0.9
2008-03-18,1277.16,1330.74,1277.16,1330.74,4.24
2008-03-19,1330.97,1341.51,1298.42,1298.42,-2.43
2008-03-20,1299.67,1330.67,1295.22,1329.51,2.39
2008-03-24,1330.29,1359.68,1330.29,1349.88,1.53
2008-03-25,1349.07,1357.47,1341.21,1352.99,0.23
2008-03-26,1352.45,1352.45,1336.41,1341.13,-0.88
2008-03-27,1340.34,1345.62,1325.66,1325.76,-1.15
2008-03-28,1327.02,1334.87,1312.95,1315.22,-0.8
2008-03-31,1315.92,1328.52,1312.81,1322.7,0.57
2008-04-01,1326.41,1370.18,1326.41,1370.18,3.59
2008-04-02,1369.96,1377.95,1361.55,1367.53,-0.19
2008-04-03,1365.69,1375.66,1358.68,1369.31,0.13
2008-04-04,1369.85,1380.91,1362.83,1370.4,0.08
2008-04-07,1373.69,1386.74,1369.02,1372.54,0.16
2008-04-08,1370.16,1370.16,1360.62,1365.54,-0.51
2008-04-09,1365.5,1368.39,1349.97,1354.49,-0.81
2008-04-10,1355.37,1367.24,1350.11,1360.55,0.45
2008-04-11,1357.98,1357.98,1331.21,1332.83,-2.04
2008-04-14,1332.2,1335.64,1326.16,1328.32,-0.34
2008-04-15,1331.72,1337.72,1324.35,1334.43,0.46
2008-04-16,1337.02,1365.49,1337.02,1364.71,2.27
2008-04-17,1363.37,1368.6,1357.25,1365.56,0.06
2008-04-18,1369.0,1395.9,1369.0,1390.33,1.81
2008-04-21,1387.72,1390.23,1379.25,1388.17,-0.16
2008-04-22,1386.43,1386.43,1369.84,1375.94,-0.88
2008-04-23,1378.4,1387.87,1372.24,1379.93,0.29
2008-04-24,1380.52,1397.72,1371.09,1388.82,0.64
2008-04-25,1387.88,1399.11,1379.98,1397.84,0.65
2008-04-28,1397.96,1402.9,1394.4,1396.37,-0.11
2008-04-29,1395.61,1397.0,1386.7,1390.94,-0.39
2008-04-30,1391.22,1404.57,1384.25,1385.59,-0.38
2008-05-01,1385.97,1410.07,1383.07,1409.34,1.71
2008-05-02,1409.16,1422.72,1406.25,1413.9,0.32
2008-05-06,1405.6,1421.57,1397.1,1418.26,0.31
2008-05-07,1417.49,1419.54,1391.16,1392.57,-1.81
2008-05-08,1394.29,1402.35,1389.39,1397.68,0.37
2008-05-09,1394.9,1394.9,1384.11,1388.28,-0.67
2008-05-12,1389.4,1404.06,1386.2,1403.58,1.1
2008-05-13,1404.4,1406.3,1396.26,1403.04,-0.04
2008-05-14,1405.65,1420.19,1405.65,1408.66,0.4
2008-05-15,1408.36,1424.4,1406.87,1423.57,1.06
2008-05-16,1423.89,1425.82,1414.35,1425.35,0.13
2008-05-19,1425.28,1440.24,1421.63,1426.63,0.09
2008-05-20,1424.49,1424.49,1409.09,1413.4,-0.93
2008-05-21,1414.06,1419.12,1388.81,1390.71,-1.61
2008-05-22,1390.83,1399.07,1390.23,1394.35,0.26
2008-05-23,1392.2,1392.2,1373.72,1375.93,-1.32
2008-05-27,1375.97,1387.4,1373.07,1385.35,0.68
2008-05-28,1386.54,1391.25,1378.16,1390.84,0.4
2008-05-29,1390.5,1406.32,1388.59,1398.26,0.53
2008-05-30,1398.36,1404.46,1398.08,1400.38,0.15
2008-06-02,1399.62,1399.62,1377.79,1385.67,-1.05
2008-06-03,1386.42,1393.12,1370.12,1377.65,-0.58
2008-06-04,1376.26,1388.18,1371.74,1377.2,-0.03
2008-06-05,1377.48,1404.05,1377.48,1404.05,1.95
2008-06-06,1400.06,1400.06,1359.9,1360.68,-3.09
2008-06-09,1360.83,1370.63,1350.62,1361.76,0.08
2008-06-10,1358.98,1366.84,1351.56,1358.44,-0.24
2008-06-11,1357.09,1357.09,1335.47,1335.49,-1.69
2008-06-12,1335.78,1353.03,1331.29,1339.87,0.33
2008-06-13,1341.81,1360.03,1341.71,1360.03,1.5
2008-06-16,1358.85,1364.7,1352.07,1360.14,0.01
2008-06-17,1360.71,1366.59,1350.54,1350.93,-0.68
2008-06-18,1349.59,1349.59,1333.4,1337.81,-0.97
2008-06-19,1336.89,1347.66,1330.5,1342.83,0.38
2008-06-20,1341.02,1341.02,1314.46,1317.93,-1.85
2008-06-23,1319.77,1323.78,1315.31,1318.0,0.01
2008-06-24,1317.23,1326.02,1304.42,1314.29,-0.28
2008-06-25,1314.54,1335.63,1314.54,1321.97,0.58
2008-06-26,1316.29,1316.29,1283.15,1283.15,-2.94
2008-06-27,1283.6,1289.45,1272.0,1278.38,-0.37
2008-06-30,1278.06,1290.31,1274.86,1280.0,0.13
2008-07-01,1276.69,1285.31,1260.68,1284.91,0.38
2008-07-02,1285.82,1292.17,1261.51,1261.52,-1.82
2008-07-03,1262.96,1271.48,1252.01,1262.9,0.11
2008-07-07,1262.9,1273.95,1240.68,1252.31,-0.84
2008-07-08,1251.84,1274.17,1242.84,1273.7,1.71
2008-07-09,1273.38,1277.36,1244.57,1244.69,-2.28
2008-07-10,1245.25,1257.65,1236.76,1253.39,0.7
2008-07-11,1248.66,1257.27,1225.35,1239.49,-1.11
2008-07-14,1241.61,1253.5,1225.01,1228.3,-0.9
2008-07-15,1226.83,1234.35,1200.44,1214.91,-1.09
2008-07-16,1214.65,1245.52,1211.39,1245.36,2.51
2008-07-17,1246.31,1262.31,1241.49,1260.32,1.2
2008-07-18,1258.22,1262.23,1251.81,1260.68,0.03
2008-07-21,1261.82,1267.74,1255.7,1260.0,-0.05
2008-07-22,1257.08,1277.42,1248.83,1277.0,1.35
2008-07-23,1278.87,1291.17,1276.06,1282.19,0.41
2008-07-24,1283.22,1283.22,1251.48,1252.54,-2.31
2008-07-25,1253.51,1263.23,1251.75,1257.76,0.42
2008-07-28,1257.76,1260.09,1234.37,1234.37,-1.86
2008-07-29,1236.38,1263.2,1236.38,1263.2,2.34
2008-07-30,1264.52,1284.33,1264.52,1284.26,1.67
2008-07-31,1281.37,1284.93,1265.97,1267.38,-1.31
2008-08-01,1269.42,1270.52,1254.54,1260.31,-0.56
2008-08-04,1260.16,1260.49,1247.45,1249.01,-0.9
2008-08-05,1254.87,1284.88,1254.67,1284.88,2.87
2008-08-06,1283.99,1291.67,1276.0,1289.19,0.34
2008-08-07,1286.51,1286.51,1264.29,1266.07,-1.79
2008-08-08,1266.29,1297.85,1262.11,1296.32,2.39
2008-08-11,1294.42,1313.15,1291.41,1305.32,0.69
2008-08-12,1304.79,1304.79,1285.64,1289.59,-1.21
2008-08-13,1288.64,1294.03,1274.86,1285.83,-0.29
2008-08-14,1282.11,1300.11,1276.84,1292.93,0.55
2008-08-15,1293.85,1302.05,1290.74,1298.2,0.41
2008-08-18,1298.14,1300.22,1274.51,1278.6,-1.51
2008-08-19,1276.65,1276.65,1263.11,1266.69,-0.93
2008-08-20,1267.34,1276.01,1261.16,1274.54,0.62
2008-08-21,1271.07,1281.4,1265.22,1277.72,0.25
2008-08-22,1277.59,1293.09,1277.59,1292.2,1.13
2008-08-25,1290.47,1290.47,1264.87,1266.84,-1.96
2008-08-26,1267.03,1275.65,1263.21,1271.51,0.37
2008-08-27,1271.29,1285.05,1270.03,1281.66,0.8
2008-08-28,1283.79,1300.68,1283.79,1300.68,1.48
2008-08-29,1296.49,1297.59,1282.74,1282.83,-1.37
2008-09-02,1287.83,1303.04,1272.2,1277.58,-0.41
2008-09-03,1276.61,1280.6,1265.59,1274.98,-0.2
2008-09-04,1271.8,1271.8,1232.83,1236.83,-2.99
2008-09-05,1233.21,1244.94,1217.23,1242.31,0.44
2008-09-08,1249.5,1274.42,1247.12,1267.79,2.05
2008-09-09,1267.98,1268.66,1224.51,1224.51,-3.41
2008-09-10,1227.5,1243.9,1221.6,1232.04,0.61
2008-09-11,1229.04,1249.98,1211.54,1249.05,1.38
2008-09-12,1245.88,1255.09,1233.81,1251.7,0.21
2008-09-15,1250.92,1250.92,1192.7,1192.7,-4.71
2008-09-16,1188.31,1214.84,1169.28,1213.59,1.75
2008-09-17,1210.34,1210.34,1155.88,1156.39,-4.71
2008-09-18,1157.08,1211.14,1133.5,1206.51,4.33
2008-09-19,1213.11,1265.12,1213.11,1255.08,4.03
2008-09-22,1255.37,1255.37,1205.61,1207.09,-3.82
2008-09-23,1207.61,1221.15,1187.06,1188.22,-1.56
2008-09-24,1188.79,1197.41,1179.79,1185.87,-0.2
2008-09-25,1187.87,1220.03,1187.87,1209.18,1.97
2008-09-26,1204.47,1215.77,1187.54,1213.01,0.34
2008-09-29,1209.07,1209.07,1106.39,1106.39,-8.81
2008-09-30,1113.78,1168.03,1113.78,1166.36,5.42
2008-10-01,1164.17,1167.03,1140.77,1161.06,-0.45
2008-10-02,1160.64,1160.64,1111.43,1114.28,-4.03
2008-10-03,1115.16,1153.82,1098.14,1099.23,-1.35
2008-10-06,1097.56,1097.56,1007.97,1056.89,-3.85
2008-10-07,1057.6,1072.91,996.23,996.23,-5.74
2008-10-08,988.91,1021.06,970.97,984.94,-1.13
2008-10-09,988.42,1005.25,909.19,909.92,-7.62
2008-10-10,902.31,936.36,839.8,899.22,-1.18
2008-10-13,912.75,1006.93,912.75,1003.35,11.58
2008-10-14,1009.97,1044.31,972.07,998.01,-0.53
2008-10-15,994.6,994.6,903.99,907.84,-9.03
2008-10-16,909.53,947.71,865.83,946.43,4.25
2008-10-17,942.29,984.64,918.74,940.55,-0.62
2008-10-20,943.51,985.4,943.51,985.4,4.77
2008-10-21,980.4,985.44,952.47,955.05,-3.08
2008-10-22,951.67,951.67,875.81,896.78,-6.1
2008-10-23,899.08,922.83,858.44,908.11,1.26
2008-10-24,895.22,896.3,852.85,876.77,-3.45
2008-10-27,874.28,893.78,846.75,848.92,-3.18
2008-10-28,848.92,940.51,845.27,940.51,10.79
2008-10-29,939.51,969.97,922.26,930.09,-1.11
2008-10-30,939.38,963.23,928.5,954.09,2.58
2008-10-31,953.11,984.38,944.59,968.75,1.54
2008-11-03,968.67,975.57,958.82,966.3,-0.25
2008-11-04,971.31,1007.51,971.31,1005.75,4.08
2008-11-05,1001.84,1001.84,949.86,952.77,-5.27
2008-11-06,952.4,952.4,899.73,904.88,-5.03
2008-11-07,907.44,931.46,906.9,930.99,2.89
2008-11-10,936.75,951.95,907.47,919.21,-1.27
2008-11-11,917.15,917.15,884.9,898.95,-2.2
2008-11-12,893.39,893.39,850.48,852.3,-5.19
2008-11-13,853.13,913.01,818.69,911.29,6.92
2008-11-14,904.36,916.88,869.88,873.29,-4.17
2008-11-17,873.23,882.29,848.98,850.75,-2.58
2008-11-18,852.34,865.9,826.84,859.12,0.98
2008-11-19,859.03,864.57,806.18,806.58,-6.12
2008-11-20,805.87,820.52,747.78,752.44,-6.71
2008-11-21,755.84,801.2,741.02,800.03,6.32
2008-11-24,801.2,865.6,801.2,851.81,6.47
2008-11-25,853.4,868.94,834.99,857.39,0.66
2008-11-26,852.9,887.68,841.37,887.68,3.53
2008-11-28,886.89,896.25,881.21,896.24,0.96
2008-12-01,888.61,888.61,815.69,816.21,-8.93
2008-12-02,817.94,850.54,817.94,848.81,3.99
2008-12-03,843.6,873.12,827.6,870.74,2.58
2008-12-04,869.75,875.6,833.6,845.22,-2.93
2008-12-05,844.43,879.42,818.41,876.07,3.65
2008-12-08,882.71,918.57,882.71,909.7,3.84
2008-12-09,906.48,916.26,885.38,888.67,-2.31
2008-12-10,892.17,908.27,885.45,899.24,1.19
2008-12-11,898.35,904.63,868.73,873.59,-2.85
2008-12-12,871.79,883.24,851.35,879.73,0.7
2008-12-15,881.07,884.63,857.72,868.57,-1.27
2008-12-16,871.53,914.66,871.53,913.18,5.14
2008-12-17,908.16,918.85,895.94,904.42,-0.96
2008-12-18,905.98,911.02,877.44,885.28,-2.12
2008-12-19,886.96,905.47,883.02,887.88,0.29
2008-12-22,887.2,887.37,857.09,871.63,-1.83
2008-12-23,874.31,880.44,860.1,863.16,-0.97
2008-12-24,863.87,869.79,861.44,868.15,0.58
2008-12-26,869.51,873.74,866.52,872.8,0.54
2008-12-29,872.37,873.7,857.07,869.42,-0.39
2008-12-30,870.58,891.12,870.58,890.64,2.44
2008-12-31,890.59,910.32,889.67,903.25,1.42
2009-01-02,902.99,934.73,899.35,931.8,3.16
2009-01-05,929.17,936.63,919.53,927.45,-0.47
2009-01-06,931.17,943.85,927.28,934.7,0.78
2009-01-07,927.45,927.45,902.37,906.65,-3.0
2009-01-08,905.73,910.0,896.81,909.73,0.34
2009-01-09,909.91,911.93,888.31,890.35,-2.13
2009-01-12,890.4,890.4,864.32,870.26,-2.26
2009-01-13,869.79,877.02,862.02,871.79,0.18
2009-01-14,867.28,867.28,836.93,842.62,-3.35
2009-01-15,841.99,851.59,817.04,843.74,0.13
2009-01-16,844.45,858.13,830.66,850.12,0.76
2009-01-20,849.64,849.64,804.47,805.22,-5.28
2009-01-21,806.77,841.72,804.3,840.24,4.35
2009-01-22,839.74,839.74,811.29,827.5,-1.52
2009-01-23,822.16,838.61,806.07,831.95,0.54
2009-01-26,832.5,852.53,827.69,836.57,0.56
2009-01-27,837.3,850.45,835.4,845.71,1.09
2009-01-28,845.73,877.86,845.73,874.09,3.36
2009-01-29,868.89,868.89,844.15,845.14,-3.31
2009-01-30,845.69,851.66,821.67,825.88,-2.28
2009-02-02,823.09,830.78,812.87,825.44,-0.05
2009-02-03,825.69,842.6,821.98,838.51,1.58
2009-02-04,837.77,851.85,829.18,832.23,-0.75
2009-02-05,831.75,850.55,819.91,845.85,1.64
2009-02-06,846.09,870.75,845.42,868.6,2.69
2009-02-09,868.24,875.01,861.65,869.89,0.15
2009-02-10,866.87,868.05,822.99,827.16,-4.91
2009-02-11,827.41,838.22,822.3,833.74,0.8
2009-02-12,829.91,835.48,808.06,835.19,0.17
2009-02-13,833.95,839.43,825.21,826.84,-1.0
2009-02-17,818.61,818.61,789.17,789.17,-4.56
2009-02-18,791.06,796.17,780.43,788.42,-0.1
2009-02-19,787.91,797.58,777.03,778.94,-1.2
2009-02-20,775.87,778.69,754.25,770.05,-1.14
2009-02-23,773.25,777.85,742.37,743.33,-3.47
2009-02-24,744.69,775.49,744.69,773.14,4.01
2009-02-25,770.64,780.12,752.89,764.9,-1.07
2009-02-26,765.76,779.42,751.75,752.83,-1.58
2009-02-27,749.93,751.27,734.52,735.09,-2.36
2009-03-02,729.57,729.57,699.7,700.82,-4.66
2009-03-03,704.44,711.67,692.3,696.33,-0.64
2009-03-04,698.6,724.12,698.6,712.87,2.38
2009-03-05,708.27,708.27,677.93,682.55,-4.25
2009-03-06,684.04,699.09,666.79,683.38,0.12
2009-03-09,680.76,695.27,672.88,676.53,-1.0
2009-03-10,679.28,719.6,679.28,719.6,6.37
2009-03-11,719.59,731.92,713.85,721.36,0.24
2009-03-12,720.89,752.63,714.76,750.74,4.07
2009-03-13,751.97,758.29,742.46,756.55,0.77
2009-03-16,758.84,774.53,753.37,753.89,-0.35
2009-03-17,753.88,778.12,749.93,778.12,3.21
2009-03-18,776.01,803.04,765.64,794.35,2.09
2009-03-19,797.92,803.24,781.82,784.04,-1.3
2009-03-20,784.58,788.91,766.2,768.54,-1.98
2009-03-23,772.31,823.37,772.31,822.92,7.08
2009-03-24,820.6,823.65,805.48,806.12,-2.04
2009-03-25,806.81,826.78,791.37,813.88,0.96
2009-03-26,814.06,832.98,814.06,832.86,2.33
2009-03-27,828.68,828.68,813.43,815.94,-2.03
2009-03-30,809.07,809.07,779.81,787.53,-3.48
2009-03-31,790.88,810.48,790.88,797.87,1.31
2009-04-01,793.59,813.62,783.32,811.08,1.66
2009-04-02,814.53,845.61,814.53,834.38,2.87
2009-04-03,835.13,842.5,826.7,842.5,0.97
2009-04-06,839.75,839.75,822.79,835.48,-0.83
2009-04-07,834.12,834.12,814.53,815.55,-2.39
2009-04-08,816.76,828.42,814.84,825.16,1.18
2009-04-09,829.29,856.91,829.29,856.56,3.81
2009-04-13,855.33,864.31,845.35,858.73,0.25
2009-04-14,856.88,856.88,840.25,841.5,-2.01
2009-04-15,839.44,852.93,835.58,852.06,1.25
2009-04-16,854.54,870.35,847.04,865.3,1.55
2009-04-17,865.18,875.63,860.87,869.6,0.5
2009-04-20,868.27,868.27,832.39,832.39,-4.28
2009-04-21,831.25,850.09,826.83,850.08,2.13
2009-04-22,847.26,861.78,840.57,843.55,-0.77
2009-04-23,844.62,852.87,835.45,851.92,0.99
2009-04-24,853.91,871.8,853.91,866.23,1.68
2009-04-27,862.82,868.83,854.65,857.51,-1.01
2009-04-28,854.48,864.48,847.12,855.16,-0.27
2009-04-29,856.85,882.06,856.85,873.64,2.16
2009-04-30,876.59,888.7,868.51,872.81,-0.1
2009-05-01,872.74,880.48,866.1,877.52,0.54
2009-05-04,879.21,907.85,879.21,907.24,3.39
2009-05-05,906.1,907.7,897.34,903.8,-0.38
2009-05-06,903.95,920.28,903.95,919.53,1.74
2009-05-07,919.58,929.58,901.36,907.39,-1.32
2009-05-08,909.03,930.17,909.03,929.23,2.41
2009-05-11,922.99,922.99,908.68,909.24,-2.15
2009-05-12,910.52,915.57,896.46,908.35,-0.1
2009-05-13,905.4,905.4,882.8,883.92,-2.69
2009-05-14,884.24,898.36,882.52,893.07,1.04
2009-05-15,892.76,896.97,878.94,882.88,-1.14
2009-05-18,886.07,910.0,886.07,909.71,3.04
2009-05-19,909.67,916.39,905.22,908.13,-0.17
2009-05-20,908.62,924.6,901.37,903.47,-0.51
2009-05-21,900.42,900.42,879.61,888.33,-1.68
2009-05-22,888.68,896.65,883.75,887.0,-0.15
2009-05-26,887.0,911.76,881.46,910.33,2.63
2009-05-27,909.95,913.84,891.87,893.06,-1.9
2009-05-28,892.96,909.45,887.6,906.83,1.54
2009-05-29,907.02,920.02,903.56,919.14,1.36
2009-06-01,923.26,947.77,923.26,942.87,2.58
2009-06-02,942.87,949.38,938.46,944.74,0.2
2009-06-03,942.51,942.51,923.85,931.76,-1.37
2009-06-04,932.49,942.47,929.32,942.46,1.15
2009-06-05,945.67,951.69,934.13,940.09,-0.25
2009-06-08,938.12,946.33,926.44,939.14,-0.1
2009-06-09,940.35,946.92,936.15,942.43,0.35
2009-06-10,942.73,949.77,927.97,939.15,-0.35
2009-06-11,939.04,956.23,939.04,944.89,0.61
2009-06-12,943.44,946.3,935.66,946.21,0.14
2009-06-15,942.45,942.45,919.65,923.72,-2.38
2009-06-16,925.6,928.0,911.6,911.97,-1.27
2009-06-17,911.89,918.44,903.78,910.71,-0.14
2009-06-18,910.86,921.93,907.94,918.37,0.84
2009-06-19,919.96,927.09,915.8,921.23,0.31
2009-06-22,918.13,918.13,893.04,893.04,-3.06
2009-06-23,893.46,898.69,888.86,895.1,0.23
2009-06-24,896.31,910.85,896.31,900.94,0.65
2009-06-25,899.45,921.42,896.27,920.26,2.14
2009-06-26,918.84,922.0,913.03,918.9,-0.15
2009-06-29,919.86,927.99,916.18,927.23,0.91
2009-06-30,927.15,930.01,912.86,919.32,-0.85
2009-07-01,920.82,931.92,920.82,923.33,0.44
2009-07-02,921.24,921.24,896.42,896.42,-2.91
2009-07-06,894.27,898.72,886.36,898.72,0.26
2009-07-07,898.6,898.6,879.93,881.03,-1.97
2009-07-08,881.9,886.8,869.32,879.56,-0.17
2009-07-09,881.28,887.86,878.45,882.68,0.35
2009-07-10,880.03,883.57,872.81,879.13,-0.4
2009-07-13,879.57,901.05,875.32,901.05,2.49
2009-07-14,900.77,905.84,896.5,905.84,0.53
2009-07-15,910.15,933.95,910.15,932.68,2.96
2009-07-16,930.17,943.96,927.45,940.74,0.86
2009-07-17,940.56,941.89,934.65,940.38,-0.04
2009-07-20,942.07,951.62,940.99,951.13,1.14
2009-07-21,951.97,956.53,943.22,954.58,0.36
2009-07-22,953.4,959.83,947.75,954.07,-0.05
2009-07-23,954.07,979.42,953.27,976.29,2.33
2009-07-24,972.16,979.79,965.95,979.26,0.3
2009-07-27,978.63,982.49,972.29,982.18,0.3
2009-07-28,981.48,982.35,969.35,979.62,-0.26
2009-07-29,977.66,977.76,968.65,975.15,-0.46
2009-07-30,976.01,996.68,976.01,986.75,1.19
2009-07-31,986.8,993.18,982.85,987.48,0.07
2009-08-03,990.22,1003.61,990.22,1002.63,1.53
2009-08-04,1001.41,1007.12,996.68,1005.65,0.3
2009-08-05,1005.41,1006.64,994.31,1002.72,-0.29
2009-08-06,1004.06,1008.0,992.49,997.08,-0.56
2009-08-07,999.83,1018.0,999.83,1010.48,1.34
2009-08-10,1008.89,1010.12,1000.99,1007.1,-0.33
2009-08-11,1005.77,1005.77,992.4,994.35,-1.27
2009-08-12,994.0,1012.78,993.36,1005.81,1.15
2009-08-13,1005.86,1013.14,1000.82,1012.73,0.69
2009-08-14,1012.23,1012.6,994.6,1004.09,-0.85
2009-08-17,998.18,998.18,978.51,979.73,-2.43
2009-08-18,980.62,991.2,980.62,989.67,1.01
2009-08-19,986.88,999.61,980.62,996.46,0.69
2009-08-20,996.41,1008.92,996.39,1007.37,1.09
2009-08-21,1009.06,1027.59,1009.06,1026.13,1.86
2009-08-24,1026.59,1035.82,1022.48,1025.57,-0.05
2009-08-25,1026.63,1037.75,1026.21,1028.0,0.24
2009-08-26,1027.35,1032.47,1021.57,1028.12,0.01
2009-08-27,1027.81,1033.33,1016.2,1030.98,0.28
2009-08-28,1031.62,1039.47,1023.13,1028.93,-0.2
2009-08-31,1025.21,1025.21,1014.62,1020.62,-0.81
2009-09-01,1019.52,1028.45,996.28,998.04,-2.21
2009-09-02,996.07,1000.34,991.97,994.75,-0.33
2009-09-03,996.12,1003.43,992.25,1003.24,0.85
2009-09-04,1003.84,1016.48,1001.65,1016.4,1.31
2009-09-08,1018.67,1026.07,1018.67,1025.39,0.88
2009-09-09,1025.36,1036.34,1023.97,1033.37,0.78
2009-09-10,1032.99,1044.14,1028.04,1044.14,1.04
2009-09-11,1043.92,1048.18,1038.4,1042.73,-0.14
2009-09-14,1040.15,1049.74,1035.0,1049.34,0.63
2009-09-15,1049.03,1056.04,1043.42,1052.63,0.31
2009-09-16,1053.99,1068.76,1052.87,1068.76,1.53
2009-09-17,1067.87,1074.77,1061.2,1065.49,-0.31
2009-09-18,1066.6,1071.52,1064.27,1068.3,0.26
2009-09-21,1067.14,1067.28,1057.46,1064.66,-0.34
2009-09-22,1066.35,1073.81,1066.35,1071.66,0.66
2009-09-23,1072.69,1080.15,1060.39,1060.87,-1.01
2009-09-24,1062.56,1066.29,1045.85,1050.78,-0.95
2009-09-25,1049.48,1053.47,1041.17,1044.38,-0.61
2009-09-28,1045.38,1065.13,1045.38,1062.98,1.78
2009-09-29,1063.69,1069.62,1057.83,1060.61,-0.22
2009-09-30,1061.02,1063.4,1046.47,1057.08,-0.33
2009-10-01,1054.91,1054.91,1029.45,1029.85,-2.58
2009-10-02,1029.71,1030.6,1019.95,1025.21,-0.45
2009-10-05,1026.87,1042.58,1025.92,1040.46,1.49
2009-10-06,1042.02,1060.55,1042.02,1054.72,1.37
2009-10-07,1053.65,1058.02,1050.1,1057.58,0.27
2009-10-08,1060.03,1070.67,1060.03,1065.48,0.75
2009-10-09,1065.28,1071.51,1063.0,1071.49,0.56
2009-10-12,1071.63,1079.46,1071.63,1076.19,0.44
2009-10-13,1074.96,1075.3,1066.71,1073.19,-0.28
2009-10-14,1078.68,1093.17,1078.68,1092.02,1.75
2009-10-15,1090.36,1096.56,1086.41,1096.56,0.42
2009-10-16,1094.67,1094.67,1081.53,1087.68,-0.81
2009-10-19,1088.22,1100.17,1086.48,1097.91,0.94
2009-10-20,1098.64,1098.64,1086.16,1091.06,-0.62
2009-10-21,1090.36,1101.36,1080.77,1081.4,-0.89
2009-10-22,1080.96,1095.21,1074.31,1092.91,1.06
2009-10-23,1095.62,1095.83,1075.49,1079.6,-1.22
2009-10-26,1080.36,1091.75,1065.23,1066.95,-1.17
2009-10-27,1067.54,1072.48,1060.62,1063.41,-0.33
2009-10-28,1061.51,1063.26,1042.19,1042.63,-1.95
2009-10-29,1043.69,1066.83,1043.69,1066.11,2.25
2009-10-30,1065.41,1065.41,1033.38,1036.19,-2.81
2009-11-02,1036.18,1052.18,1029.38,1042.88,0.65
2009-11-03,1040.92,1046.36,1033.94,1045.41,0.24
2009-11-04,1047.14,1061.0,1045.15,1046.5,0.1
2009-11-05,1047.3,1066.65,1047.3,1066.63,1.92
2009-11-06,1064.95,1071.48,1059.32,1069.3,0.25
2009-11-09,1072.31,1093.19,1072.31,1093.08,2.22
2009-11-10,1091.86,1096.42,1087.4,1093.01,-0.01
2009-11-11,1096.04,1105.37,1093.81,1098.51,0.5
2009-11-12,1098.31,1101.97,1084.9,1087.24,-1.03
2009-11-13,1087.59,1097.79,1085.33,1093.48,0.57
2009-11-16,1094.13,1113.69,1094.13,1109.3,1.45
2009-11-17,1109.22,1110.52,1102.19,1110.32,0.09
2009-11-18,1109.44,1111.1,1102.7,1109.8,-0.05
2009-11-19,1106.44,1106.44,1088.4,1094.9,-1.34
2009-11-20,1094.66,1094.66,1086.81,1091.38,-0.32
2009-11-23,1094.86,1112.38,1094.86,1106.24,1.36
2009-11-24,1105.83,1107.56,1097.63,1105.65,-0.05
2009-11-25,1106.49,1111.18,1104.75,1110.63,0.45
2009-11-27,1105.47,1105.47,1083.74,1091.49,-1.72
2009-11-30,1091.07,1097.24,1086.25,1095.63,0.38
2009-12-01,1098.89,1112.28,1098.89,1108.86,1.21
2009-12-02,1109.03,1115.58,1105.29,1109.24,0.03
2009-12-03,1110.59,1117.28,1098.74,1099.92,-0.84
2009-12-04,1100.43,1119.13,1096.52,1105.98,0.55
2009-12-07,1105.52,1110.72,1100.83,1103.25,-0.25
2009-12-08,1103.04,1103.04,1088.61,1091.94,-1.03
2009-12-09,1091.07,1097.04,1085.89,1095.95,0.37
2009-12-10,1098.69,1106.25,1098.69,1102.35,0.58
2009-12-11,1103.96,1108.5,1101.34,1106.41,0.37
2009-12-14,1107.84,1114.76,1107.84,1114.11,0.7
2009-12-15,1114.11,1114.11,1105.35,1107.93,-0.55
2009-12-16,1108.61,1116.21,1107.96,1109.18,0.11
2009-12-17,1106.36,1106.36,1095.88,1096.08,-1.18
2009-12-18,1097.86,1103.74,1093.88,1102.47,0.58
2009-12-21,1105.31,1117.68,1105.31,1114.05,1.05
2009-12-22,1114.51,1120.27,1114.51,1118.02,0.36
2009-12-23,1118.84,1121.58,1116.0,1120.59,0.23
2009-12-24,1121.08,1126.48,1121.08,1126.48,0.53
2009-12-28,1127.53,1130.38,1123.51,1127.78,0.12
2009-12-29,1128.55,1130.38,1126.08,1126.2,-0.14
2009-12-30,1125.53,1126.42,1121.94,1126.42,0.02
2009-12-31,1126.6,1127.64,1114.81,1115.1,-1.0
2010-01-04,1116.56,1133.87,1116.56,1132.99,1.6
2010-01-05,1132.66,1136.63,1129.66,1136.52,0.31
2010-01-06,1135.71,1139.19,1133.95,1137.14,0.05
2010-01-07,1136.27,1142.46,1131.32,1141.69,0.4
2010-01-08,1140.52,1145.39,1136.22,1144.98,0.29
2010-01-11,1145.96,1149.74,1142.02,1146.98,0.17
2010-01-12,1143.81,1143.81,1131.77,1136.22,-0.94
2010-01-13,1137.31,1148.4,1133.18,1145.68,0.83
2010-01-14,1145.68,1150.41,1143.8,1148.46,0.24
2010-01-15,1147.72,1147.77,1131.39,1136.03,-1.08
2010-01-19,1136.03,1150.45,1135.77,1150.23,1.25
2010-01-20,1147.95,1147.95,1129.25,1138.04,-1.06
2010-01-21,1138.68,1141.58,1114.84,1116.48,-1.89
2010-01-22,1115.49,1115.49,1090.18,1091.76,-2.21
2010-01-25,1092.4,1102.97,1092.4,1096.78,0.46
2010-01-26,1095.8,1103.69,1089.86,1092.17,-0.42
2010-01-27,1091.94,1099.51,1083.11,1097.5,0.49
2010-01-28,1096.93,1100.22,1078.46,1084.53,-1.18
2010-01-29,1087.61,1096.45,1071.59,1073.87,-0.98
2010-02-01,1073.89,1089.38,1073.89,1089.19,1.43
2010-02-02,1090.05,1104.73,1087.96,1103.32,1.3
2010-02-03,1100.67,1102.72,1093.97,1097.28,-0.55
2010-02-04,1097.25,1097.25,1062.78,1063.11,-3.11
2010-02-05,1064.12,1067.13,1044.5,1066.19,0.29
2010-02-08,1065.51,1071.2,1056.51,1056.74,-0.89
2010-02-09,1060.06,1079.28,1060.06,1070.52,1.3
2010-02-10,1069.68,1073.67,1059.34,1068.13,-0.22
2010-02-11,1067.1,1080.04,1060.59,1078.47,0.97
2010-02-12,1075.95,1077.81,1062.97,1075.51,-0.27
2010-02-16,1079.13,1095.67,1079.13,1094.87,1.8
2010-02-17,1096.14,1101.03,1094.72,1099.51,0.42
2010-02-18,1099.03,1108.24,1097.48,1106.75,0.66
2010-02-19,1105.49,1112.42,1100.8,1109.17,0.22
2010-02-22,1110.0,1112.29,1105.38,1108.01,-0.1
2010-02-23,1107.49,1108.58,1092.18,1094.6,-1.21
2010-02-24,1095.89,1106.42,1095.5,1105.24,0.97
2010-02-25,1101.24,1103.5,1086.02,1102.94,-0.21
2010-02-26,1103.1,1107.24,1097.56,1104.49,0.14
2010-03-01,1105.36,1116.11,1105.36,1115.71,1.02
2010-03-02,1117.01,1123.46,1116.51,1118.31,0.23
2010-03-03,1119.36,1125.64,1116.58,1118.79,0.04
2010-03-04,1119.12,1123.73,1116.66,1122.97,0.37
2010-03-05,1125.12,1139.38,1125.12,1138.7,1.4
2010-03-08,1138.4,1141.05,1136.77,1138.5,-0.02
2010-03-09,1137.56,1145.37,1134.9,1140.45,0.17
2010-03-10,1140.22,1148.26,1140.09,1145.61,0.45
2010-03-11,1143.96,1150.24,1138.99,1150.24,0.4
2010-03-12,1151.71,1153.41,1146.97,1149.99,-0.02
2010-03-15,1148.53,1150.98,1141.45,1150.51,0.05
2010-03-16,1150.83,1160.28,1150.35,1159.46,0.78
2010-03-17,1159.94,1169.84,1159.94,1166.21,0.58
2010-03-18,1166.13,1167.77,1161.16,1165.83,-0.03
2010-03-19,1166.68,1169.2,1155.33,1159.9,-0.51
2010-03-22,1157.25,1167.82,1152.88,1165.81,0.51
2010-03-23,1166.47,1174.72,1163.83,1174.17,0.72
2010-03-24,1172.7,1173.04,1166.01,1167.72,-0.55
2010-03-25,1170.03,1180.69,1165.09,1165.73,-0.17
2010-03-26,1167.58,1173.93,1161.48,1166.59,0.07
2010-03-29,1167.71,1174.85,1167.71,1173.22,0.57
2010-03-30,1173.75,1177.83,1168.92,1173.27,0.0
2010-03-31,1171.75,1174.56,1165.77,1169.43,-0.33
2010-04-01,1171.23,1181.43,1170.69,1178.1,0.74
2010-04-05,1178.71,1187.73,1178.71,1187.44,0.79
2010-04-06,1186.01,1191.8,1182.77,1189.44,0.17
2010-04-07,1188.23,1189.6,1177.25,1182.45,-0.59
2010-04-08,1181.75,1188.55,1175.12,1186.44,0.34
2010-04-09,1187.47,1194.66,1187.15,1194.37,0.67
2010-04-12,1194.94,1199.2,1194.71,1196.48,0.18
2010-04-13,1195.94,1199.04,1188.82,1197.3,0.07
2010-04-14,1198.69,1210.65,1198.69,1210.65,1.12
2010-04-15,1210.77,1213.92,1208.5,1211.67,0.08
2010-04-16,1210.17,1210.17,1186.77,1192.13,-1.61
2010-04-19,1192.06,1197.87,1183.68,1197.52,0.45
2010-04-20,1199.04,1208.58,1199.04,1207.17,0.81
2010-04-21,1207.16,1210.99,1198.85,1205.94,-0.1
2010-04-22,1202.52,1210.27,1190.19,1208.67,0.23
2010-04-23,1207.87,1217.28,1205.1,1217.28,0.71
2010-04-26,1217.07,1219.8,1211.07,1212.05,-0.43
2010-04-27,1209.92,1211.38,1181.62,1183.71,-2.34
2010-04-28,1184.59,1195.05,1181.81,1191.36,0.65
2010-04-29,1193.3,1209.36,1193.3,1206.78,1.29
2010-04-30,1206.77,1207.99,1186.32,1186.69,-1.66
2010-05-03,1188.58,1205.13,1188.58,1202.26,1.31
2010-05-04,1197.5,1197.5,1168.12,1173.6,-2.38
2010-05-05,1169.24,1175.95,1158.15,1165.9,-0.66
2010-05-06,1164.38,1167.58,1065.79,1128.15,-3.24
2010-05-07,1127.04,1135.13,1094.15,1110.88,-1.53
2010-05-10,1122.27,1163.85,1122.27,1159.73,4.4
2010-05-11,1156.39,1170.48,1147.71,1155.79,-0.34
2010-05-12,1155.43,1172.87,1155.43,1171.67,1.37
2010-05-13,1170.04,1173.57,1156.14,1157.44,-1.21
2010-05-14,1157.19,1157.19,1126.14,1135.68,-1.88
2010-05-17,1136.52,1141.88,1114.96,1136.94,0.11
2010-05-18,1138.78,1148.66,1117.2,1120.8,-1.42
2010-05-19,1119.57,1124.27,1100.66,1115.05,-0.51
2010-05-20,1107.34,1107.34,1071.58,1071.59,-3.9
2010-05-21,1067.26,1090.16,1055.9,1087.69,1.5
2010-05-24,1084.78,1089.95,1072.7,1073.65,-1.29
2010-05-25,1067.42,1074.75,1040.78,1074.03,0.04
2010-05-26,1075.51,1090.75,1065.59,1067.95,-0.57
2010-05-27,1074.27,1103.52,1074.27,1103.06,3.29
2010-05-28,1102.59,1102.59,1084.78,1089.41,-1.24
2010-06-01,1087.3,1094.77,1069.89,1070.71,-1.72
2010-06-02,1073.01,1098.56,1072.03,1098.38,2.58
2010-06-03,1098.82,1105.67,1091.81,1102.83,0.41
2010-06-04,1098.43,1098.43,1060.5,1064.88,-3.44
2010-06-07,1065.84,1071.36,1049.86,1050.47,-1.35
2010-06-08,1050.81,1063.15,1042.17,1062.0,1.1
2010-06-09,1062.75,1077.74,1052.25,1055.69,-0.59
2010-06-10,1058.77,1087.85,1058.77,1086.84,2.95
2010-06-11,1082.65,1092.25,1077.12,1091.6,0.44
2010-06-14,1095.0,1105.91,1089.03,1089.63,-0.18
2010-06-15,1091.21,1115.59,1091.21,1115.23,2.35
2010-06-16,1114.02,1118.74,1107.13,1114.61,-0.06
2010-06-17,1115.98,1117.72,1105.87,1116.04,0.13
2010-06-18,1116.16,1121.01,1113.93,1117.51,0.13
2010-06-21,1122.79,1131.23,1108.24,1113.2,-0.39
2010-06-22,1113.9,1118.5,1094.18,1095.31,-1.61
2010-06-23,1095.57,1099.64,1085.31,1092.04,-0.3
2010-06-24,1090.93,1090.93,1071.6,1073.69,-1.68
2010-06-25,1075.1,1083.56,1067.89,1076.76,0.29
2010-06-28,1077.5,1082.6,1071.45,1074.57,-0.2
2010-06-29,1071.1,1071.1,1035.18,1041.24,-3.1
2010-06-30,1040.56,1048.08,1028.33,1030.71,-1.01
2010-07-01,1031.1,1033.58,1010.91,1027.37,-0.32
2010-07-02,1027.65,1032.95,1015.93,1022.58,-0.47
2010-07-06,1028.09,1042.5,1018.35,1028.06,0.54
2010-07-07,1028.54,1060.89,1028.54,1060.27,3.13
2010-07-08,1062.92,1071.25,1058.24,1070.25,0.94
2010-07-09,1070.5,1078.16,1068.1,1077.96,0.72
2010-07-12,1077.23,1080.78,1070.45,1078.75,0.07
2010-07-13,1080.65,1099.46,1080.65,1095.34,1.54
2010-07-14,1095.61,1099.08,1087.68,1095.17,-0.02
2010-07-15,1094.46,1098.66,1080.53,1096.48,0.12
2010-07-16,1093.85,1093.85,1063.32,1064.88,-2.88
2010-07-19,1066.85,1074.7,1061.11,1071.25,0.6
2010-07-20,1064.53,1083.94,1056.88,1083.48,1.14
2010-07-21,1086.67,1088.96,1065.25,1069.59,-1.28
2010-07-22,1072.14,1097.5,1072.14,1093.67,2.25
2010-07-23,1092.17,1103.73,1087.88,1102.66,0.82
2010-07-26,1102.89,1115.01,1101.3,1115.01,1.12
2010-07-27,1117.36,1120.95,1109.78,1113.84,-0.1
2010-07-28,1112.84,1114.66,1103.11,1106.13,-0.69
2010-07-29,1108.07,1115.9,1092.82,1101.53,-0.42
2010-07-30,1098.44,1106.44,1088.01,1101.6,0.01
2010-08-02,1107.53,1127.3,1107.53,1125.86,2.2
2010-08-03,1125.34,1125.44,1116.76,1120.46,-0.48
2010-08-04,1121.06,1128.75,1119.46,1127.24,0.61
2010-08-05,1125.78,1126.56,1118.81,1125.81,-0.13
2010-08-06,1122.07,1123.06,1107.17,1121.64,-0.37
2010-08-09,1122.8,1129.24,1120.91,1127.79,0.55
2010-08-10,1122.92,1127.16,1111.58,1121.06,-0.6
2010-08-11,1116.89,1116.89,1088.55,1089.47,-2.82
2010-08-12,1081.48,1086.72,1076.69,1083.61,-0.54
2010-08-13,1082.22,1086.25,1079.0,1079.25,-0.4
2010-08-16,1077.49,1082.62,1069.49,1079.38,0.01
2010-08-17,1081.16,1100.14,1081.16,1092.54,1.22
2010-08-18,1092.08,1099.77,1085.76,1094.16,0.15
2010-08-19,1092.44,1092.44,1070.66,1075.63,-1.69
2010-08-20,1075.63,1075.63,1063.91,1071.69,-0.37
2010-08-23,1073.36,1081.58,1067.08,1067.36,-0.4
2010-08-24,1063.2,1063.2,1046.68,1051.87,-1.45
2010-08-25,1048.98,1059.38,1039.83,1055.33,0.33
2010-08-26,1056.28,1061.45,1045.4,1047.22,-0.77
2010-08-27,1049.27,1065.21,1039.7,1064.59,1.66
2010-08-30,1062.9,1064.4,1048.79,1048.92,-1.47
2010-08-31,1046.88,1055.14,1040.88,1049.33,0.04
2010-09-01,1049.72,1081.3,1049.72,1080.29,2.95
2010-09-02,1080.66,1090.1,1080.39,1090.1,0.91
2010-09-03,1093.61,1105.1,1093.61,1104.51,1.32
2010-09-07,1102.6,1102.6,1091.15,1091.84,-1.15
2010-09-08,1092.36,1103.26,1092.36,1098.87,0.64
2010-09-09,1101.15,1110.27,1101.15,1104.18,0.48
2010-09-10,1104.57,1110.88,1103.92,1109.55,0.49
2010-09-13,1113.38,1123.87,1113.38,1121.9,1.11
2010-09-14,1121.16,1127.36,1115.58,1121.1,-0.07
2010-09-15,1119.43,1126.46,1114.63,1125.07,0.35
2010-09-16,1123.89,1125.44,1118.88,1124.66,-0.04
2010-09-17,1126.39,1131.47,1122.43,1125.59,0.08
2010-09-20,1126.57,1144.86,1126.57,1142.71,1.52
2010-09-21,1142.82,1148.59,1136.22,1139.78,-0.26
2010-09-22,1139.49,1144.38,1131.58,1134.28,-0.48
2010-09-23,1131.1,1136.77,1122.79,1124.83,-0.83
2010-09-24,1131.69,1148.9,1131.69,1148.67,2.12
2010-09-27,1148.64,1149.92,1142.0,1142.16,-0.57
2010-09-28,1142.31,1150.0,1132.09,1147.7,0.49
2010-09-29,1146.75,1148.63,1140.26,1144.73,-0.26
2010-09-30,1145.97,1157.16,1136.08,1141.2,-0.31
2010-10-01,1143.49,1150.3,1139.42,1146.24,0.44
2010-10-04,1144.96,1148.16,1131.87,1137.03,-0.8
2010-10-05,1140.68,1162.76,1140.68,1160.75,2.09
2010-10-06,1159.81,1162.33,1154.85,1159.97,-0.07
2010-10-07,1161.57,1163.87,1151.41,1158.06,-0.16
2010-10-08,1158.36,1167.73,1155.58,1165.15,0.61
2010-10-11,1165.32,1168.68,1162.02,1165.32,0.01
2010-10-12,1164.28,1172.58,1155.71,1169.77,0.38
2010-10-13,1171.32,1184.38,1171.32,1178.1,0.71
2010-10-14,1177.82,1178.89,1166.71,1173.81,-0.36
2010-10-15,1177.47,1181.2,1167.12,1176.19,0.2
2010-10-18,1176.83,1185.53,1174.55,1184.71,0.72
2010-10-19,1178.64,1178.64,1159.71,1165.9,-1.59
2010-10-20,1166.74,1182.94,1166.74,1178.17,1.05
2010-10-21,1179.82,1189.43,1171.17,1180.26,0.18
2010-10-22,1180.52,1183.93,1178.99,1183.08,0.24
2010-10-25,1184.74,1196.14,1184.74,1185.62,0.21
2010-10-26,1184.88,1187.11,1177.72,1185.64,0.0
2010-10-27,1183.84,1183.84,1171.7,1182.45,-0.27
2010-10-28,1184.47,1189.53,1177.1,1183.78,0.11
2010-10-29,1183.87,1185.46,1179.7,1183.26,-0.04
2010-11-01,1185.71,1195.81,1177.65,1184.38,0.09
2010-11-02,1187.86,1195.88,1187.86,1193.57,0.78
2010-11-03,1193.79,1198.3,1183.56,1197.96,0.37
2010-11-04,1198.34,1221.25,1198.34,1221.06,1.93
2010-11-05,1221.2,1227.08,1220.29,1225.85,0.39
2010-11-08,1223.24,1224.57,1217.55,1223.25,-0.21
2010-11-09,1223.59,1226.84,1208.94,1213.4,-0.81
2010-11-10,1213.14,1218.75,1204.33,1218.71,0.44
2010-11-11,1213.04,1215.45,1204.49,1213.54,-0.42
2010-11-12,1209.07,1210.5,1194.08,1199.21,-1.18
2010-11-15,1200.44,1207.43,1197.15,1197.75,-0.12
2010-11-16,1194.79,1194.79,1173.0,1178.34,-1.62
2010-11-17,1178.33,1183.56,1175.82,1178.59,0.02
2010-11-18,1183.75,1200.29,1183.75,1196.69,1.54
2010-11-19,1196.12,1199.97,1189.44,1199.73,0.25
2010-11-22,1198.07,1198.94,1184.58,1197.84,-0.16
2010-11-23,1192.51,1192.51,1176.91,1180.73,-1.43
2010-11-24,1183.7,1198.62,1183.7,1198.35,1.49
2010-11-26,1194.16,1194.16,1186.93,1189.4,-0.75
2010-11-29,1189.08,1190.34,1173.64,1187.76,-0.14
2010-11-30,1182.96,1187.4,1174.14,1180.55,-0.61
2010-12-01,1186.6,1207.61,1186.6,1206.07,2.16
2010-12-02,1206.81,1221.89,1206.81,1221.53,1.28
2010-12-03,1219.93,1225.57,1216.82,1224.71,0.26
2010-12-06,1223.87,1225.8,1220.67,1223.12,-0.13
2010-12-07,1227.25,1235.05,1223.25,1223.75,0.05
2010-12-08,1225.02,1228.93,1219.5,1228.28,0.37
2010-12-09,1230.14,1234.71,1226.85,1233.0,0.38
2010-12-10,1233.85,1240.4,1232.58,1240.4,0.6
2010-12-13,1242.52,1246.73,1240.34,1240.46,0.0
2010-12-14,1241.84,1246.59,1238.17,1241.59,0.09
2010-12-15,1241.58,1244.25,1234.01,1235.23,-0.51
2010-12-16,1236.34,1243.75,1232.85,1242.87,0.62
2010-12-17,1243.63,1245.81,1239.87,1243.91,0.08
2010-12-20,1245.76,1250.2,1241.51,1247.08,0.25
2010-12-21,1249.43,1255.82,1249.43,1254.6,0.6
2010-12-22,1254.94,1259.39,1254.94,1258.84,0.34
2010-12-23,1257.53,1258.59,1254.05,1256.77,-0.16
2010-12-27,1254.66,1258.43,1251.48,1257.54,0.06
2010-12-28,1259.1,1259.9,1256.22,1258.51,0.08
2010-12-29,1258.78,1262.6,1258.78,1259.78,0.1
2010-12-30,1259.44,1261.09,1256.32,1257.88,-0.15
2010-12-31,1256.76,1259.34,1254.19,1257.64,-0.02
2011-01-03,1257.62,1276.17,1257.62,1271.87,1.13
2011-01-04,1272.95,1274.12,1262.66,1270.2,-0.13
2011-01-05,1268.78,1277.63,1265.36,1276.56,0.5
2011-01-06,1276.29,1278.17,1270.43,1273.85,-0.21
2011-01-07,1274.41,1276.83,1261.7,1271.5,-0.18
2011-01-10,1270.84,1271.52,1262.18,1269.75,-0.14
2011-01-11,1272.58,1277.25,1269.62,1274.48,0.37
2011-01-12,1275.65,1286.87,1275.65,1285.96,0.9
2011-01-13,1285.78,1286.7,1280.47,1283.76,-0.17
2011-01-14,1282.9,1293.24,1281.24,1293.24,0.74
2011-01-18,1293.22,1296.06,1290.16,1295.02,0.14
2011-01-19,1294.52,1294.6,1278.92,1281.92,-1.01
2011-01-20,1280.85,1283.35,1271.26,1280.26,-0.13
2011-01-21,1283.63,1291.21,1282.07,1283.35,0.24
2011-01-24,1283.29,1291.93,1282.47,1290.84,0.58
2011-01-25,1288.17,1291.26,1281.07,1291.18,0.03
2011-01-26,1291.97,1299.74,1291.97,1296.63,0.42
2011-01-27,1297.51,1301.29,1294.41,1299.54,0.22
2011-01-28,1299.63,1302.67,1275.1,1276.34,-1.79
2011-01-31,1276.5,1287.17,1276.5,1286.12,0.77
2011-02-01,1289.14,1308.86,1289.14,1307.59,1.67
2011-02-02,1305.91,1307.61,1302.62,1304.03,-0.27
2011-02-03,1302.77,1308.6,1294.83,1307.1,0.24
2011-02-04,1307.01,1311.0,1301.67,1310.87,0.29
2011-02-07,1311.85,1322.85,1311.85,1319.05,0.62
2011-02-08,1318.76,1324.87,1316.03,1324.57,0.42
2011-02-09,1322.48,1324.54,1314.89,1320.88,-0.28
2011-02-10,1318.13,1322.78,1311.74,1321.87,0.07
2011-02-11,1318.66,1330.79,1316.08,1329.15,0.55
2011-02-14,1328.73,1332.96,1326.9,1332.32,0.24
2011-02-15,1330.43,1330.43,1324.61,1328.01,-0.32
2011-02-16,1329.51,1337.61,1329.51,1336.32,0.63
2011-02-17,1334.37,1341.5,1331.0,1340.43,0.31
2011-02-18,1340.38,1344.07,1338.12,1343.01,0.19
2011-02-22,1338.91,1338.91,1312.33,1315.44,-2.05
2011-02-23,1315.44,1317.91,1299.55,1307.4,-0.61
2011-02-24,1307.09,1310.91,1294.26,1306.1,-0.1
2011-02-25,1307.34,1320.61,1307.34,1319.88,1.06
2011-02-28,1321.61,1329.38,1320.55,1327.22,0.56
2011-03-01,1328.64,1332.09,1306.14,1306.33,-1.57
2011-03-02,1305.47,1314.19,1302.58,1308.44,0.16
2011-03-03,1312.37,1332.28,1312.37,1330.97,1.72
2011-03-04,1330.73,1331.08,1312.59,1321.15,-0.74
2011-03-07,1322.72,1327.68,1303.99,1310.13,-0.83
2011-03-08,1311.05,1325.74,1306.86,1321.82,0.89
2011-03-09,1319.92,1323.21,1312.27,1320.02,-0.14
2011-03-10,1315.72,1315.72,1294.21,1295.11,-1.89
2011-03-11,1293.43,1308.35,1291.99,1304.28,0.71
2011-03-14,1301.19,1301.19,1286.37,1296.39,-0.6
2011-03-15,1288.46,1288.46,1261.12,1281.87,-1.12
2011-03-16,1279.46,1280.91,1249.05,1256.88,-1.95
2011-03-17,1261.61,1278.88,1261.61,1273.72,1.34
2011-03-18,1276.71,1288.88,1276.18,1279.2,0.43
2011-03-21,1281.65,1300.58,1281.65,1298.38,1.5
2011-03-22,1298.29,1299.35,1292.7,1293.77,-0.36
2011-03-23,1292.19,1300.51,1284.05,1297.54,0.29
2011-03-24,1300.61,1311.34,1297.74,1309.66,0.93
2011-03-25,1311.8,1319.18,1310.15,1313.8,0.32
2011-03-28,1315.45,1319.74,1310.19,1310.19,-0.27
2011-03-29,1309.37,1319.45,1305.26,1319.44,0.71
2011-03-30,1321.89,1331.74,1321.89,1328.26,0.67
2011-03-31,1327.44,1329.77,1325.03,1325.83,-0.18
2011-04-01,1329.48,1337.85,1328.89,1332.41,0.5
2011-04-04,1333.56,1336.74,1329.1,1332.87,0.03
2011-04-05,1332.03,1338.21,1330.03,1332.63,-0.02
2011-04-06,1335.94,1339.38,1331.09,1335.54,0.22
2011-04-07,1334.82,1338.8,1326.56,1333.51,-0.15
2011-04-08,1336.16,1339.46,1322.94,1328.17,-0.4
2011-04-11,1329.01,1333.77,1321.06,1324.46,-0.28
2011-04-12,1321.96,1321.96,1309.51,1314.16,-0.78
2011-04-13,1314.03,1321.35,1309.19,1314.41,0.02
2011-04-14,1311.13,1316.79,1302.42,1314.52,0.01
2011-04-15,1314.54,1322.88,1313.68,1319.68,0.39
2011-04-18,1313.35,1313.35,1294.7,1305.14,-1.1
2011-04-19,1305.99,1312.7,1303.97,1312.62,0.57
2011-04-20,1319.12,1332.66,1319.12,1330.36,1.35
2011-04-21,1333.23,1337.49,1332.83,1337.38,0.53
2011-04-25,1337.14,1337.55,1331.47,1335.25,-0.16
2011-04-26,1336.75,1349.55,1336.75,1347.24,0.9
2011-04-27,1348.43,1357.49,1344.25,1355.66,0.62
2011-04-28,1353.86,1361.71,1353.6,1360.48,0.36
2011-04-29,1360.14,1364.56,1358.69,1363.61,0.23
2011-05-02,1365.21,1370.58,1358.59,1361.22,-0.18
2011-05-03,1359.76,1360.84,1349.52,1356.62,-0.34
2011-05-04,1355.9,1355.9,1341.5,1347.32,-0.69
2011-05-05,1344.16,1348.0,1329.17,1335.1,-0.91
2011-05-06,1340.24,1354.36,1335.58,1340.2,0.38
2011-05-09,1340.2,1349.44,1338.64,1346.29,0.45
2011-05-10,1348.34,1359.44,1348.34,1357.16,0.81
2011-05-11,1354.51,1354.51,1336.36,1342.08,-1.11
2011-05-12,1339.39,1351.05,1332.03,1348.65,0.49
2011-05-13,1348.69,1350.47,1333.36,1337.77,-0.81
2011-05-16,1334.77,1343.33,1327.32,1329.47,-0.62
2011-05-17,1326.1,1330.42,1318.51,1328.98,-0.04
2011-05-18,1328.54,1341.82,1326.59,1340.68,0.88
2011-05-19,1342.4,1346.82,1336.36,1343.6,0.22
2011-05-20,1342.0,1342.0,1330.67,1333.27,-0.77
2011-05-23,1333.07,1333.07,1312.88,1317.37,-1.19
2011-05-24,1317.7,1323.72,1313.87,1316.28,-0.08
2011-05-25,1316.36,1325.86,1311.8,1320.47,0.32
2011-05-26,1320.64,1328.51,1314.41,1325.69,0.4
2011-05-27,1325.69,1334.62,1325.69,1331.1,0.41
2011-05-31,1331.1,1345.2,1331.1,1345.2,1.06
2011-06-01,1345.2,1345.2,1313.71,1314.55,-2.28
2011-06-02,1314.55,1318.03,1305.61,1312.94,-0.12
2011-06-03,1312.94,1312.94,1297.9,1300.16,-0.97
2011-06-06,1300.26,1300.26,1284.72,1286.17,-1.08
2011-06-07,1286.31,1296.22,1284.74,1284.94,-0.1
2011-06-08,1284.63,1287.04,1277.42,1279.56,-0.42
2011-06-09,1279.63,1294.54,1279.63,1289.0,0.74
2011-06-10,1288.6,1288.6,1268.28,1270.98,-1.4
2011-06-13,1271.31,1277.04,1265.64,1271.83,0.07
2011-06-14,1272.22,1292.5,1272.22,1287.87,1.26
2011-06-15,1287.87,1287.87,1261.9,1265.42,-1.74
2011-06-16,1265.53,1274.11,1258.07,1267.64,0.18
2011-06-17,1268.58,1279.82,1267.4,1271.5,0.3
2011-06-20,1271.5,1280.42,1267.56,1278.36,0.54
2011-06-21,1278.4,1297.62,1278.4,1295.52,1.34
2011-06-22,1295.48,1298.61,1286.79,1287.14,-0.65
2011-06-23,1286.6,1286.6,1262.87,1283.5,-0.28
2011-06-24,1283.04,1283.93,1267.24,1268.45,-1.17
2011-06-27,1268.44,1284.91,1267.53,1280.1,0.92
2011-06-28,1280.21,1296.8,1280.21,1296.67,1.29
2011-06-29,1296.85,1309.21,1296.85,1307.41,0.83
2011-06-30,1307.64,1321.97,1307.64,1320.64,1.01
2011-07-01,1320.64,1341.01,1318.18,1339.67,1.44
2011-07-05,1339.59,1340.89,1334.3,1337.88,-0.13
2011-07-06,1337.56,1340.94,1330.92,1339.22,0.1
2011-07-07,1339.62,1356.48,1339.62,1353.22,1.05
2011-07-08,1352.39,1352.39,1333.71,1343.8,-0.7
2011-07-11,1343.31,1343.31,1316.42,1319.49,-1.81
2011-07-12,1319.61,1327.17,1313.33,1313.64,-0.44
2011-07-13,1314.45,1331.48,1314.45,1317.72,0.31
2011-07-14,1317.74,1326.88,1306.51,1308.87,-0.67
2011-07-15,1308.87,1317.7,1307.52,1316.14,0.56
2011-07-18,1315.94,1315.94,1295.92,1305.44,-0.81
2011-07-19,1307.07,1328.14,1307.07,1326.73,1.63
2011-07-20,1328.66,1330.43,1323.65,1325.84,-0.07
2011-07-21,1325.65,1347.0,1325.65,1343.8,1.35
2011-07-22,1343.8,1346.1,1336.95,1345.02,0.09
2011-07-25,1344.32,1344.32,1331.09,1337.43,-0.56
2011-07-26,1337.39,1338.51,1329.59,1331.94,-0.41
2011-07-27,1331.91,1331.91,1303.49,1304.89,-2.03
2011-07-28,1304.84,1316.32,1299.16,1300.67,-0.32
2011-07-29,1300.12,1304.16,1282.86,1292.28,-0.65
2011-08-01,1292.59,1307.38,1274.73,1286.94,-0.41
2011-08-02,1286.56,1286.56,1254.03,1254.05,-2.56
2011-08-03,1254.25,1261.2,1234.56,1260.34,0.5
2011-08-04,1260.23,1260.23,1199.54,1200.07,-4.78
2011-08-05,1200.28,1218.11,1168.09,1199.38,-0.06
2011-08-08,1198.48,1198.48,1119.28,1119.46,-6.66
2011-08-09,1120.23,1172.88,1101.54,1172.53,4.74
2011-08-10,1171.77,1171.77,1118.01,1120.76,-4.42
2011-08-11,1121.3,1186.29,1121.3,1172.64,4.63
2011-08-12,1172.87,1189.04,1170.74,1178.81,0.53
2011-08-15,1178.86,1204.49,1178.86,1204.49,2.18
2011-08-16,1204.22,1204.22,1180.53,1192.76,-0.97
2011-08-17,1192.89,1208.47,1184.36,1193.89,0.09
2011-08-18,1189.62,1189.62,1131.03,1140.65,-4.46
2011-08-19,1140.47,1154.54,1122.05,1123.53,-1.5
2011-08-22,1123.55,1145.49,1121.09,1123.82,0.03
2011-08-23,1124.36,1162.35,1122.91,1162.35,3.43
2011-08-24,1162.16,1178.56,1156.3,1177.6,1.31
2011-08-25,1176.69,1190.68,1155.47,1159.27,-1.56
2011-08-26,1158.85,1181.23,1135.91,1176.8,1.51
2011-08-29,1177.91,1210.28,1177.91,1210.08,2.83
2011-08-30,1209.76,1220.1,1195.77,1212.92,0.23
2011-08-31,1213.0,1230.71,1209.35,1218.89,0.49
2011-09-01,1219.12,1229.29,1203.85,1204.42,-1.19
2011-09-02,1203.9,1203.9,1170.56,1173.97,-2.53
2011-09-06,1173.97,1173.97,1140.13,1165.24,-0.74
2011-09-07,1165.85,1198.62,1165.85,1198.62,2.86
2011-09-08,1197.98,1204.4,1183.34,1185.9,-1.06
2011-09-09,1185.37,1185.37,1148.37,1154.23,-2.67
2011-09-12,1153.5,1162.52,1136.07,1162.27,0.7
2011-09-13,1162.59,1176.41,1157.44,1172.87,0.91
2011-09-14,1173.32,1202.38,1162.73,1188.68,1.35
2011-09-15,1189.44,1209.11,1189.44,1209.11,1.72
2011-09-16,1209.21,1220.06,1204.46,1216.01,0.57
2011-09-19,1214.99,1214.99,1188.36,1204.09,-0.98
2011-09-20,1204.5,1220.39,1201.29,1202.09,-0.17
2011-09-21,1203.63,1206.3,1166.21,1166.76,-2.94
2011-09-22,1164.55,1164.55,1114.22,1129.56,-3.19
2011-09-23,1128.82,1141.72,1121.36,1136.43,0.61
2011-09-26,1136.91,1164.19,1131.07,1162.95,2.33
2011-09-27,1163.32,1195.86,1163.32,1175.38,1.07
2011-09-28,1175.39,1184.71,1150.4,1151.06,-2.07
2011-09-29,1151.74,1175.87,1139.93,1160.4,0.81
2011-09-30,1159.93,1159.93,1131.34,1131.42,-2.5
2011-10-03,1131.21,1138.99,1098.92,1099.23,-2.85
2011-10-04,1097.42,1125.12,1074.77,1123.95,2.25
2011-10-05,1124.03,1146.07,1115.68,1144.03,1.79
2011-10-06,1144.11,1165.55,1134.95,1164.97,1.83
2011-10-07,1165.03,1171.4,1150.26,1155.46,-0.82
2011-10-10,1158.15,1194.91,1158.15,1194.89,3.41
2011-10-11,1194.6,1199.24,1187.3,1195.54,0.05
2011-10-12,1196.19,1220.25,1196.19,1207.25,0.98
2011-10-13,1206.96,1207.46,1190.58,1203.66,-0.3
2011-10-14,1205.65,1224.61,1205.65,1224.58,1.74
2011-10-17,1224.47,1224.47,1198.55,1200.86,-1.94
2011-10-18,1200.75,1233.1,1191.48,1225.38,2.04
2011-10-19,1223.46,1229.64,1206.31,1209.88,-1.26
2011-10-20,1209.92,1219.53,1197.34,1215.39,0.46
2011-10-21,1215.39,1239.03,1215.39,1238.25,1.88
2011-10-24,1238.72,1256.55,1238.72,1254.19,1.29
2011-10-25,1254.19,1254.19,1226.79,1229.05,-2.0
2011-10-26,1229.17,1246.28,1221.06,1242.0,1.05
2011-10-27,1243.97,1292.66,1243.97,1284.59,3.43
2011-10-28,1284.39,1287.08,1277.01,1285.09,0.04
2011-10-31,1284.96,1284.96,1253.16,1253.3,-2.47
2011-11-01,1251.0,1251.0,1215.42,1218.28,-2.79
2011-11-02,1219.62,1242.48,1219.62,1237.9,1.61
2011-11-03,1238.25,1263.21,1234.81,1261.15,1.88
2011-11-04,1260.82,1260.82,1238.92,1253.23,-0.63
2011-11-07,1253.21,1261.7,1240.75,1261.12,0.63
2011-11-08,1261.12,1277.55,1254.99,1275.92,1.17
2011-11-09,1275.18,1275.18,1226.64,1229.1,-3.67
2011-11-10,1229.59,1246.22,1227.7,1239.7,0.86
2011-11-11,1240.12,1266.98,1240.12,1263.85,1.95
2011-11-14,1263.85,1263.85,1246.68,1251.78,-0.96
2011-11-15,1251.7,1264.25,1244.34,1257.81,0.48
2011-11-16,1257.81,1259.61,1235.67,1236.91,-1.66
2011-11-17,1236.56,1237.73,1209.43,1216.13,-1.68
2011-11-18,1216.19,1223.51,1211.36,1215.65,-0.04
2011-11-21,1215.62,1215.62,1183.16,1192.98,-1.86
2011-11-22,1192.98,1196.81,1181.65,1188.04,-0.41
2011-11-23,1187.48,1187.48,1161.79,1161.79,-2.21
2011-11-25,1161.41,1172.66,1158.66,1158.67,-0.27
2011-11-28,1158.67,1197.35,1158.67,1192.55,2.92
2011-11-29,1192.56,1203.67,1191.8,1195.19,0.22
2011-11-30,1196.72,1247.11,1196.72,1246.96,4.33
2011-12-01,1246.91,1251.09,1239.73,1244.58,-0.19
2011-12-02,1246.03,1260.08,1243.35,1244.28,-0.02
2011-12-05,1244.33,1266.73,1244.33,1257.08,1.03
2011-12-06,1257.19,1266.03,1253.03,1258.47,0.11
2011-12-07,1258.14,1267.06,1244.8,1261.01,0.2
2011-12-08,1260.87,1260.87,1231.47,1234.35,-2.11
2011-12-09,1234.48,1258.25,1234.48,1255.19,1.69
2011-12-12,1255.05,1255.05,1227.25,1236.47,-1.49
2011-12-13,1236.83,1249.86,1219.43,1225.73,-0.87
2011-12-14,1225.73,1225.73,1209.47,1211.82,-1.13
2011-12-15,1212.12,1225.6,1212.12,1215.75,0.32
2011-12-16,1216.09,1231.04,1215.2,1219.66,0.32
2011-12-19,1219.74,1224.57,1202.37,1205.35,-1.17
2011-12-20,1205.72,1242.82,1205.72,1241.3,2.98
2011-12-21,1241.25,1245.09,1229.51,1243.72,0.19
2011-12-22,1243.72,1255.22,1243.72,1254.0,0.83
2011-12-23,1254.0,1265.42,1254.0,1265.33,0.9
2011-12-27,1265.02,1269.37,1262.3,1265.43,0.01
2011-12-28,1265.38,1265.85,1248.64,1249.64,-1.25
2011-12-29,1249.75,1263.54,1249.75,1263.02,1.07
2011-12-30,1262.82,1264.12,1257.46,1257.6,-0.43
2012-01-03,1258.86,1284.62,1258.86,1277.06,1.55
2012-01-04,1277.03,1278.73,1268.1,1277.3,0.02
2012-01-05,1277.3,1283.05,1265.26,1281.06,0.29
2012-01-06,1280.93,1281.84,1273.34,1277.81,-0.25
2012-01-09,1277.83,1281.99,1274.55,1280.7,0.23
2012-01-10,1280.77,1296.46,1280.77,1292.08,0.89
2012-01-11,1292.02,1293.8,1285.41,1292.48,0.03
2012-01-12,1292.48,1296.82,1285.77,1295.5,0.23
2012-01-13,1294.82,1294.82,1277.58,1289.09,-0.49
2012-01-17,1290.22,1303.0,1290.22,1293.67,0.36
2012-01-18,1293.65,1308.11,1290.99,1308.04,1.11
2012-01-19,1308.07,1315.49,1308.07,1314.5,0.49
2012-01-20,1314.49,1315.38,1309.17,1315.38,0.07
2012-01-23,1315.29,1322.28,1309.89,1316.0,0.05
2012-01-24,1315.96,1315.96,1306.06,1314.65,-0.1
2012-01-25,1314.4,1328.3,1307.65,1326.06,0.87
2012-01-26,1326.28,1333.47,1313.6,1318.43,-0.58
2012-01-27,1318.25,1320.06,1311.72,1316.33,-0.16
2012-01-30,1316.16,1316.16,1300.49,1313.01,-0.25
2012-01-31,1313.53,1321.41,1306.69,1312.41,-0.05
2012-02-01,1312.45,1330.52,1312.45,1324.09,0.89
2012-02-02,1324.24,1329.19,1321.57,1325.54,0.11
2012-02-03,1326.21,1345.34,1326.21,1344.9,1.46
2012-02-06,1344.32,1344.36,1337.52,1344.33,-0.04
2012-02-07,1344.33,1349.24,1335.92,1347.05,0.2
2012-02-08,1347.04,1351.0,1341.95,1349.96,0.22
2012-02-09,1349.97,1354.32,1344.63,1351.95,0.15
2012-02-10,1351.21,1351.21,1337.35,1342.64,-0.69
2012-02-13,1343.06,1353.35,1343.06,1351.77,0.68
2012-02-14,1351.3,1351.3,1340.83,1350.5,-0.09
2012-02-15,1350.52,1355.87,1340.8,1343.23,-0.54
2012-02-16,1342.61,1359.02,1341.22,1358.04,1.1
2012-02-17,1358.06,1363.4,1357.24,1361.23,0.23
2012-02-21,1361.22,1367.76,1358.11,1362.21,0.07
2012-02-22,1362.11,1362.7,1355.53,1357.66,-0.33
2012-02-23,1357.53,1364.24,1352.28,1363.46,0.43
2012-02-24,1363.46,1368.92,1363.46,1365.74,0.17
2012-02-27,1365.2,1371.94,1354.92,1367.59,0.14
2012-02-28,1367.56,1373.09,1365.97,1372.18,0.34
2012-02-29,1372.2,1378.04,1363.81,1365.68,-0.47
2012-03-01,1365.9,1376.17,1365.9,1374.09,0.62
2012-03-02,1374.09,1374.53,1366.42,1369.63,-0.32
2012-03-05,1369.59,1369.59,1359.13,1364.33,-0.39
2012-03-06,1363.63,1363.63,1340.03,1343.36,-1.54
2012-03-07,1343.39,1354.85,1343.39,1352.63,0.69
2012-03-08,1352.65,1368.72,1352.65,1365.91,0.98
2012-03-09,1365.97,1374.76,1365.97,1370.87,0.36
2012-03-12,1370.78,1373.04,1366.69,1371.09,0.02
2012-03-13,1371.92,1396.13,1371.92,1395.95,1.81
2012-03-14,1395.95,1399.42,1389.97,1394.28,-0.12
2012-03-15,1394.17,1402.63,1392.78,1402.6,0.6
2012-03-16,1402.55,1405.88,1401.47,1404.17,0.11
2012-03-19,1404.17,1414.0,1402.43,1409.75,0.4
2012-03-20,1409.59,1409.59,1397.68,1405.52,-0.3
2012-03-21,1405.52,1407.75,1400.64,1402.89,-0.19
2012-03-22,1402.89,1402.89,1388.73,1392.78,-0.72
2012-03-23,1392.78,1399.18,1386.87,1397.11,0.31
2012-03-26,1397.11,1416.58,1397.11,1416.51,1.39
2012-03-27,1416.55,1419.15,1411.95,1412.52,-0.28
2012-03-28,1412.52,1413.65,1397.2,1405.54,-0.49
2012-03-29,1405.39,1405.39,1391.56,1403.28,-0.16
2012-03-30,1403.31,1410.89,1401.42,1408.47,0.37
2012-04-02,1408.47,1422.38,1404.46,1419.04,0.75
2012-04-03,1418.98,1419.0,1404.62,1413.38,-0.4
2012-04-04,1413.09,1413.09,1394.09,1398.96,-1.02
2012-04-05,1398.79,1401.6,1392.92,1398.08,-0.06
2012-04-09,1397.45,1397.45,1378.24,1382.2,-1.14
2012-04-10,1382.18,1383.01,1357.38,1358.59,-1.71
2012-04-11,1358.98,1374.71,1358.98,1368.71,0.74
2012-04-12,1368.77,1388.13,1368.77,1387.57,1.38
2012-04-13,1387.61,1387.61,1369.85,1370.26,-1.25
2012-04-16,1370.27,1379.66,1365.38,1369.57,-0.05
2012-04-17,1369.57,1392.76,1369.57,1390.78,1.55
2012-04-18,1390.78,1390.78,1383.29,1385.14,-0.41
2012-04-19,1385.08,1390.46,1370.3,1376.92,-0.59
2012-04-20,1376.96,1387.4,1376.96,1378.53,0.12
2012-04-23,1378.53,1378.53,1358.79,1366.94,-0.84
2012-04-24,1366.97,1375.57,1366.82,1371.97,0.37
2012-04-25,1372.11,1391.37,1372.11,1390.69,1.36
2012-04-26,1390.64,1402.09,1387.28,1399.98,0.67
2012-04-27,1400.19,1406.64,1397.31,1403.36,0.24
2012-04-30,1403.26,1403.26,1394.0,1397.91,-0.39
2012-05-01,1397.86,1415.32,1395.73,1405.82,0.57
2012-05-02,1405.5,1405.5,1393.92,1402.31,-0.25
2012-05-03,1402.32,1403.07,1388.71,1391.57,-0.77
2012-05-04,1391.51,1391.51,1367.96,1369.1,-1.61
2012-05-07,1368.79,1373.91,1363.94,1369.58,0.04
2012-05-08,1369.16,1369.16,1347.75,1363.72,-0.43
2012-05-09,1363.2,1363.73,1343.13,1354.58,-0.67
2012-05-10,1354.58,1365.88,1354.58,1357.99,0.25
2012-05-11,1358.11,1365.66,1348.89,1353.39,-0.34
2012-05-14,1351.93,1351.93,1336.61,1338.35,-1.11
2012-05-15,1338.36,1344.94,1328.41,1330.66,-0.57
2012-05-16,1330.78,1341.78,1324.79,1324.8,-0.44
2012-05-17,1324.82,1326.36,1304.86,1304.86,-1.51
2012-05-18,1305.05,1312.24,1291.98,1295.22,-0.74
2012-05-21,1295.73,1316.39,1295.73,1315.99,1.6
2012-05-22,1316.09,1328.49,1310.04,1316.63,0.05
2012-05-23,1316.02,1320.71,1296.53,1318.86,0.17
2012-05-24,1318.72,1324.14,1310.5,1320.68,0.14
2012-05-25,1320.81,1324.2,1314.23,1317.82,-0.22
2012-05-29,1318.9,1334.93,1318.9,1332.42,1.11
2012-05-30,1331.25,1331.25,1310.76,1313.32,-1.43
2012-05-31,1313.09,1319.74,1298.9,1310.33,-0.23
2012-06-01,1309.87,1309.87,1277.25,1278.04,-2.46
2012-06-04,1278.29,1282.55,1266.74,1278.18,0.01
2012-06-05,1277.82,1287.62,1274.16,1285.5,0.57
2012-06-06,1285.61,1315.13,1285.61,1315.13,2.3
2012-06-07,1316.15,1329.05,1312.68,1314.99,-0.01
2012-06-08,1314.99,1325.81,1307.77,1325.66,0.81
2012-06-11,1325.72,1335.52,1307.73,1308.93,-1.26
2012-06-12,1309.4,1324.31,1306.62,1324.18,1.17
2012-06-13,1324.02,1327.28,1310.51,1314.88,-0.7
2012-06-14,1314.88,1333.68,1314.14,1329.1,1.08
2012-06-15,1329.19,1343.32,1329.19,1342.84,1.03
2012-06-18,1342.42,1348.22,1334.46,1344.78,0.14
2012-06-19,1344.83,1363.46,1344.83,1357.98,0.98
2012-06-20,1358.04,1361.57,1346.45,1355.69,-0.17
2012-06-21,1355.43,1358.27,1324.41,1325.51,-2.23
2012-06-22,1325.92,1337.82,1325.92,1335.02,0.72
2012-06-25,1334.9,1334.9,1309.27,1313.72,-1.6
2012-06-26,1314.09,1324.24,1310.3,1319.99,0.48
2012-06-27,1320.71,1334.4,1320.71,1331.85,0.9
2012-06-28,1331.52,1331.52,1313.29,1329.04,-0.21
2012-06-29,1330.12,1362.17,1330.12,1362.16,2.49
2012-07-02,1362.33,1366.35,1355.7,1365.51,0.25
2012-07-03,1365.75,1374.81,1363.53,1374.02,0.62
2012-07-05,1373.72,1373.85,1363.02,1367.58,-0.47
2012-07-06,1367.09,1367.09,1348.03,1354.68,-0.94
2012-07-09,1354.66,1354.87,1346.65,1352.46,-0.16
2012-07-10,1352.96,1361.54,1336.27,1341.47,-0.81
2012-07-11,1341.4,1345.0,1333.25,1341.45,0.0
2012-07-12,1341.29,1341.29,1325.41,1334.76,-0.5
2012-07-13,1334.81,1357.7,1334.81,1356.78,1.65
2012-07-16,1356.5,1357.26,1348.51,1353.64,-0.23
2012-07-17,1353.68,1365.36,1345.07,1363.67,0.74
2012-07-18,1363.58,1375.26,1358.96,1372.78,0.67
2012-07-19,1373.01,1380.39,1371.21,1376.51,0.27
2012-07-20,1376.51,1376.51,1362.19,1362.66,-1.01
2012-07-23,1362.34,1362.34,1337.56,1350.52,-0.89
2012-07-24,1350.52,1351.53,1329.24,1338.31,-0.9
2012-07-25,1338.35,1343.98,1331.5,1337.89,-0.03
2012-07-26,1338.17,1363.13,1338.17,1360.02,1.65
2012-07-27,1360.05,1389.19,1360.05,1385.97,1.91
2012-07-30,1385.94,1391.74,1381.37,1385.3,-0.05
2012-07-31,1385.27,1387.16,1379.17,1379.32,-0.43
2012-08-01,1379.32,1385.03,1373.35,1375.32,-0.3
2012-08-02,1375.13,1375.13,1354.65,1365.0,-0.74
2012-08-03,1365.45,1394.16,1365.45,1390.99,1.9
2012-08-06,1391.04,1399.63,1391.04,1394.23,0.23
2012-08-07,1394.46,1407.14,1394.46,1401.35,0.51
2012-08-08,1401.23,1404.14,1396.13,1402.22,0.06
2012-08-09,1402.26,1405.95,1398.8,1402.8,0.04
2012-08-10,1402.58,1405.98,1395.62,1405.87,0.22
2012-08-13,1405.87,1405.87,1397.32,1404.11,-0.13
2012-08-14,1404.36,1410.03,1400.6,1403.93,-0.01
2012-08-15,1403.89,1407.73,1401.83,1405.53,0.11
2012-08-16,1405.57,1417.44,1404.15,1415.51,0.71
2012-08-17,1415.84,1418.71,1414.67,1418.16,0.19
2012-08-20,1417.85,1418.13,1412.12,1418.13,0.0
2012-08-21,1418.13,1426.68,1410.86,1413.17,-0.35
2012-08-22,1413.09,1416.12,1406.78,1413.49,0.02
2012-08-23,1413.49,1413.49,1400.5,1402.08,-0.81
2012-08-24,1401.99,1413.46,1398.04,1411.13,0.65
2012-08-27,1411.13,1416.17,1409.11,1410.44,-0.05
2012-08-28,1410.44,1413.63,1405.59,1409.3,-0.08
2012-08-29,1409.32,1413.95,1406.57,1410.49,0.08
2012-08-30,1410.08,1410.08,1397.01,1399.48,-0.78
2012-08-31,1400.07,1413.09,1398.96,1406.58,0.51
2012-09-04,1406.54,1409.31,1396.56,1404.94,-0.12
2012-09-05,1404.94,1408.81,1401.25,1403.44,-0.11
2012-09-06,1403.74,1432.12,1403.74,1432.12,2.04
2012-09-07,1432.12,1437.92,1431.45,1437.92,0.4
2012-09-10,1437.92,1438.74,1428.98,1429.08,-0.61
2012-09-11,1429.13,1437.76,1429.13,1433.56,0.31
2012-09-12,1433.56,1439.15,1432.99,1436.56,0.21
2012-09-13,1436.56,1463.76,1435.34,1459.99,1.63
2012-09-14,1460.07,1474.51,1460.07,1465.77,0.4
2012-09-17,1465.42,1465.63,1457.55,1461.19,-0.31
2012-09-18,1461.19,1461.47,1456.13,1459.32,-0.13
2012-09-19,1459.5,1465.15,1457.88,1461.05,0.12
2012-09-20,1461.05,1461.23,1449.98,1460.26,-0.05
2012-09-21,1460.34,1467.07,1459.51,1460.15,-0.01
2012-09-24,1459.76,1460.72,1452.06,1456.89,-0.22
2012-09-25,1456.94,1463.24,1441.59,1441.59,-1.05
2012-09-26,1441.6,1441.6,1430.53,1433.32,-0.57
2012-09-27,1433.36,1450.2,1433.36,1447.15,0.96
2012-09-28,1447.13,1447.13,1435.6,1440.67,-0.45
2012-10-01,1440.9,1457.14,1440.9,1444.49,0.27
2012-10-02,1444.99,1451.52,1439.01,1445.75,0.09
2012-10-03,1446.05,1454.3,1441.99,1450.99,0.36
2012-10-04,1451.08,1463.14,1451.08,1461.4,0.72
2012-10-05,1461.4,1470.96,1456.89,1460.93,-0.03
2012-10-08,1460.93,1460.93,1453.1,1455.88,-0.35
2012-10-09,1455.9,1455.9,1441.18,1441.48,-0.99
2012-10-10,1441.48,1442.52,1430.64,1432.56,-0.62
2012-10-11,1432.82,1443.9,1432.82,1432.84,0.02
2012-10-12,1432.84,1438.43,1425.53,1428.59,-0.3
2012-10-15,1428.75,1441.31,1427.24,1440.13,0.81
2012-10-16,1440.31,1455.51,1440.31,1454.92,1.03
2012-10-17,1454.22,1462.2,1453.35,1460.91,0.41
2012-10-18,1460.94,1464.02,1452.63,1457.34,-0.24
2012-10-19,1457.34,1457.34,1429.85,1433.19,-1.66
2012-10-22,1433.21,1435.46,1422.06,1433.82,0.04
2012-10-23,1433.74,1433.74,1407.56,1413.11,-1.44
2012-10-24,1413.2,1420.04,1407.1,1408.75,-0.31
2012-10-25,1409.74,1421.12,1405.14,1412.97,0.3
2012-10-26,1412.97,1417.09,1403.28,1411.94,-0.07
2012-10-31,1410.99,1418.76,1405.95,1412.16,0.02
2012-11-01,1412.2,1428.35,1412.2,1427.59,1.09
2012-11-02,1427.59,1434.27,1412.91,1414.2,-0.94
2012-11-05,1414.02,1419.9,1408.13,1417.26,0.22
2012-11-06,1417.26,1433.38,1417.26,1428.39,0.79
2012-11-07,1428.27,1428.27,1388.14,1394.53,-2.37
2012-11-08,1394.53,1401.23,1377.51,1377.51,-1.22
2012-11-09,1377.55,1391.39,1373.03,1379.85,0.17
2012-11-12,1379.86,1384.87,1377.19,1380.03,0.01
2012-11-13,1380.03,1388.81,1371.39,1374.53,-0.4
2012-11-14,1374.64,1380.13,1352.5,1355.49,-1.39
2012-11-15,1355.41,1360.62,1348.05,1353.33,-0.16
2012-11-16,1353.36,1362.03,1343.35,1359.88,0.48
2012-11-19,1359.88,1386.89,1359.88,1386.89,1.99
2012-11-20,1386.82,1389.77,1377.04,1387.81,0.07
2012-11-21,1387.79,1391.25,1386.39,1391.03,0.23
2012-11-23,1391.03,1409.16,1391.03,1409.15,1.3
2012-11-26,1409.15,1409.15,1397.68,1406.29,-0.2
2012-11-27,1406.29,1409.01,1398.03,1398.94,-0.52
2012-11-28,1398.77,1410.31,1385.43,1409.93,0.79
2012-11-29,1409.96,1419.7,1409.04,1415.95,0.43
2012-11-30,1415.95,1418.86,1411.63,1416.18,0.02
2012-12-03,1416.34,1423.73,1408.46,1409.46,-0.47
2012-12-04,1409.46,1413.14,1403.65,1407.05,-0.17
2012-12-05,1407.05,1415.56,1398.23,1409.28,0.16
2012-12-06,1409.43,1413.95,1405.93,1413.94,0.33
2012-12-07,1413.95,1420.34,1410.9,1418.07,0.29
2012-12-10,1418.07,1421.64,1415.64,1418.55,0.03
2012-12-11,1418.55,1434.27,1418.55,1427.84,0.65
2012-12-12,1427.84,1438.59,1426.76,1428.48,0.04
2012-12-13,1428.48,1431.36,1416.0,1419.45,-0.63
2012-12-14,1419.45,1419.45,1411.88,1413.58,-0.41
2012-12-17,1413.54,1430.67,1413.54,1430.36,1.19
2012-12-18,1430.47,1448.0,1430.47,1446.79,1.15
2012-12-19,1446.79,1447.75,1435.8,1435.81,-0.76
2012-12-20,1435.81,1443.7,1432.82,1443.69,0.55
2012-12-21,1443.67,1443.67,1422.58,1430.15,-0.94
2012-12-24,1430.15,1430.15,1424.66,1426.66,-0.24
2012-12-26,1426.66,1429.42,1416.43,1419.83,-0.48
2012-12-27,1419.83,1422.8,1401.8,1418.1,-0.12
2012-12-28,1418.1,1418.1,1401.58,1402.43,-1.1
2012-12-31,1402.43,1426.74,1398.11,1426.19,1.69
2013-01-02,1426.19,1462.43,1426.19,1462.42,0.0
2013-01-03,1462.42,1465.47,1455.53,1459.37,2.54
2013-01-04,1459.37,1467.94,1458.99,1466.47,-0.21
2013-01-07,1466.47,1466.47,1456.62,1461.89,0.49
2013-01-08,1461.89,1461.89,1451.64,1457.15,-0.31
2013-01-09,1457.15,1464.73,1457.15,1461.02,-0.32
2013-01-10,1461.02,1472.3,1461.02,1472.12,0.27
2013-01-11,1472.12,1472.75,1467.58,1472.05,0.76
2013-01-14,1472.05,1472.05,1465.69,1470.68,0.0
2013-01-15,1470.67,1473.31,1463.76,1472.34,-0.09
2013-01-16,1472.33,1473.96,1467.6,1472.63,0.11
2013-01-17,1472.63,1485.16,1472.63,1480.94,0.02
2013-01-18,1480.95,1485.98,1475.81,1485.98,0.56
2013-01-22,1485.98,1492.56,1481.16,1492.56,0.34
2013-01-23,1492.56,1496.13,1489.9,1494.81,0.44
2013-01-24,1494.81,1502.27,1489.46,1494.82,0.15
2013-01-25,1494.82,1503.26,1494.82,1502.96,0.0
2013-01-28,1502.96,1503.23,1496.33,1500.18,0.54
2013-01-29,1500.18,1509.35,1498.09,1507.84,-0.18
2013-01-30,1507.84,1509.94,1500.11,1501.96,0.51
2013-01-31,1501.96,1504.19,1496.76,1498.11,-0.39
2013-02-01,1498.11,1514.41,1498.11,1513.17,-0.26
2013-02-04,1513.17,1513.17,1495.02,1495.71,1.01
2013-02-05,1495.71,1514.96,1495.71,1511.29,-1.15
2013-02-06,1511.29,1512.53,1504.71,1512.12,1.04
2013-02-07,1512.12,1512.9,1498.49,1509.39,0.05
2013-02-08,1509.39,1518.31,1509.39,1517.93,-0.18
2013-02-11,1517.93,1518.31,1513.61,1517.01,0.57
2013-02-12,1517.01,1522.29,1515.61,1519.43,-0.06
2013-02-13,1519.43,1524.69,1515.93,1520.33,0.16
2013-02-14,1520.33,1523.14,1514.02,1521.38,0.06
2013-02-15,1521.38,1524.24,1514.14,1519.79,0.07
2013-02-19,1519.79,1530.94,1519.79,1530.94,-0.1
2013-02-20,1530.94,1530.94,1511.41,1511.95,0.73
2013-02-21,1511.95,1511.95,1497.29,1502.42,-1.24
2013-02-22,1502.42,1515.64,1502.42,1515.6,-0.63
2013-02-25,1515.6,1525.84,1487.85,1487.85,0.88
2013-02-26,1487.85,1498.99,1485.01,1496.94,-1.83
2013-02-27,1496.94,1520.08,1494.88,1515.99,0.61
2013-02-28,1515.99,1525.34,1514.46,1514.68,1.27
2013-03-01,1514.68,1519.99,1501.48,1518.2,-0.09
2013-03-04,1518.2,1525.27,1512.29,1525.2,0.23
2013-03-05,1525.2,1543.47,1525.2,1539.79,0.46
2013-03-06,1539.79,1545.25,1538.11,1541.46,0.96
2013-03-07,1541.46,1545.78,1541.46,1544.26,0.11
2013-03-08,1544.26,1552.48,1542.94,1551.18,0.18
2013-03-11,1551.15,1556.27,1547.36,1556.22,0.45
2013-03-12,1556.22,1556.77,1548.24,1552.48,0.33
2013-03-13,1552.48,1556.39,1548.25,1554.52,-0.24
2013-03-14,1554.52,1563.32,1554.52,1563.23,0.13
2013-03-15,1563.21,1563.62,1555.74,1560.7,0.56
2013-03-18,1560.7,1560.7,1545.13,1552.1,-0.16
2013-03-19,1552.1,1557.25,1538.57,1548.34,-0.55
2013-03-20,1548.34,1561.56,1548.34,1558.71,-0.24
2013-03-21,1558.71,1558.71,1543.55,1545.8,0.67
2013-03-22,1545.9,1557.74,1545.9,1556.89,-0.82
2013-03-25,1556.89,1564.91,1546.22,1551.69,0.71
2013-03-26,1551.69,1563.95,1551.69,1563.77,-0.33
2013-03-27,1563.75,1564.07,1551.9,1562.85,0.78
2013-03-28,1562.86,1570.28,1561.08,1569.19,-0.06
2013-04-01,1569.18,1570.57,1558.47,1562.17,0.4
2013-04-02,1562.17,1573.66,1562.17,1570.25,-0.45
2013-04-03,1570.25,1571.47,1549.8,1553.69,0.52
2013-04-04,1553.69,1562.6,1552.52,1559.98,-1.05
2013-04-05,1559.98,1559.98,1539.5,1553.28,0.4
2013-04-08,1553.26,1563.07,1548.63,1563.07,-0.43
2013-04-09,1563.11,1573.89,1560.92,1568.61,0.63
2013-04-10,1568.61,1589.07,1568.61,1587.73,0.35
2013-04-11,1587.73,1597.35,1586.17,1593.37,1.22
2013-04-12,1593.3,1593.3,1579.97,1588.85,0.35
2013-04-15,1588.84,1588.84,1552.28,1552.36,-0.28
2013-04-16,1552.36,1575.35,1552.36,1574.57,-2.3
2013-04-17,1574.57,1574.57,1543.69,1552.01,1.43
2013-04-18,1552.03,1554.38,1536.03,1541.61,-1.43
2013-04-19,1541.61,1555.89,1539.4,1555.25,-0.67
2013-04-20,1541.61,1555.89,1539.4,1555.25,0.88
2013-04-22,1555.25,1565.55,1548.19,1562.5,0.0
2013-04-23,1562.5,1579.58,1562.5,1578.78,0.47
2013-04-24,1578.78,1583.0,1575.8,1578.79,1.04
2013-04-25,1578.93,1592.64,1578.93,1585.16,0.01
2013-04-26,1585.16,1585.78,1577.56,1582.24,0.39
2013-04-29,1582.34,1596.65,1582.34,1593.61,-0.18
2013-04-30,1593.58,1597.57,1586.5,1597.57,0.71
2013-05-01,1597.55,1597.55,1581.28,1582.7,0.25
2013-05-02,1582.77,1598.6,1582.77,1597.59,-0.93
2013-05-03,1597.6,1618.46,1597.6,1614.42,0.94
2013-05-04,1597.6,1618.46,1597.6,1614.42,1.05
2013-05-06,1614.4,1619.77,1614.21,1617.5,0.0
2013-05-07,1617.55,1626.03,1616.64,1625.96,0.2
2013-05-08,1625.95,1632.78,1622.7,1632.69,0.52
2013-05-09,1632.69,1635.01,1623.09,1626.67,0.41
2013-05-10,1626.69,1633.7,1623.71,1633.7,-0.37
2013-05-13,1632.1,1636.0,1626.74,1633.77,0.33
2013-05-14,1633.75,1651.1,1633.75,1650.34,0.1
2013-05-15,1649.13,1661.49,1646.68,1658.78,0.94
2013-05-16,1658.07,1660.51,1648.6,1650.47,0.54
2013-05-17,1652.45,1667.47,1652.45,1667.47,-0.34
2013-05-20,1665.71,1672.84,1663.52,1666.29,0.8
2013-05-21,1666.2,1674.93,1662.67,1669.16,0.03
2013-05-22,1669.39,1687.18,1648.86,1655.35,0.19
2013-05-23,1651.62,1655.5,1635.53,1650.51,-1.06
2013-05-24,1646.67,1649.78,1636.88,1649.6,-0.3
2013-05-28,1652.63,1674.21,1652.63,1660.06,0.36
2013-05-29,1656.57,1656.57,1640.05,1648.36,0.24
2013-05-30,1649.14,1661.91,1648.61,1654.41,-0.45
2013-05-31,1652.13,1658.99,1630.74,1630.74,0.18
2013-06-03,1631.71,1640.42,1622.72,1640.42,-1.24
2013-06-04,1640.73,1646.53,1623.62,1631.38,0.55
2013-06-05,1629.05,1629.31,1607.09,1608.9,-0.71
2013-06-06,1609.29,1622.56,1598.23,1622.56,-1.21
2013-06-07,1625.27,1644.4,1625.27,1643.38,0.99
2013-06-10,1644.67,1648.69,1639.26,1642.81,1.19
2013-06-11,1638.64,1640.13,1622.92,1626.13,-0.37
2013-06-12,1629.94,1637.71,1610.92,1612.52,-0.53
2013-06-13,1612.15,1639.25,1608.07,1636.36,-1.09
2013-06-14,1635.52,1640.8,1623.96,1626.73,1.45
2013-06-17,1630.64,1646.5,1630.34,1639.04,-0.3
2013-06-18,1639.77,1654.19,1639.77,1651.81,0.56
2013-06-19,1651.83,1652.45,1628.91,1628.93,0.74
2013-06-20,1624.62,1624.62,1584.32,1588.19,-1.65
2013-06-21,1588.62,1599.19,1577.7,1592.43,-2.22
2013-06-24,1588.77,1588.77,1560.33,1573.09,0.01
2013-06-25,1577.52,1593.79,1577.09,1588.03,-0.71
2013-06-26,1592.27,1606.83,1592.27,1603.26,0.94
2013-06-27,1606.44,1620.07,1606.44,1613.2,0.89
2013-06-28,1611.12,1615.94,1601.06,1606.28,0.29
2013-07-01,1609.78,1626.61,1609.78,1614.96,-0.08
2013-07-02,1614.29,1624.26,1606.77,1614.08,0.28
2013-07-03,1611.48,1618.97,1604.57,1615.41,-0.17
2013-07-05,1618.65,1632.07,1614.71,1631.89,0.44
2013-07-08,1634.2,1644.68,1634.2,1640.46,0.96
2013-07-09,1642.89,1654.18,1642.89,1652.32,0.53
2013-07-10,1651.56,1657.92,1647.66,1652.62,0.53
2013-07-11,1657.41,1676.63,1657.41,1675.02,0.35
2013-07-12,1675.26,1680.19,1672.33,1680.19,1.08
2013-07-15,1679.59,1684.51,1677.89,1682.5,0.26
2013-07-16,1682.7,1683.73,1671.84,1676.26,0.19
2013-07-17,1677.91,1684.75,1677.91,1680.91,-0.28
2013-07-18,1681.05,1693.12,1681.05,1689.37,0.19
2013-07-19,1686.15,1692.09,1684.08,1692.09,0.3
2013-07-22,1694.41,1697.61,1690.67,1695.53,0.49
2013-07-23,1696.63,1698.78,1691.13,1692.39,0.13
2013-07-24,1696.06,1698.38,1682.57,1685.94,-0.03
2013-07-25,1685.21,1690.94,1680.07,1690.25,-0.64
2013-07-26,1687.31,1691.85,1676.03,1691.65,0.12
2013-07-29,1690.32,1690.92,1681.86,1685.33,0.18
2013-07-30,1687.92,1693.19,1682.42,1685.96,-0.14
2013-07-31,1687.76,1698.43,1684.94,1685.73,-0.01
2013-08-01,1689.42,1707.85,1689.42,1706.87,0.1
2013-08-02,1706.1,1709.67,1700.68,1709.67,0.99
2013-08-05,1708.01,1709.24,1703.55,1707.14,0.11
2013-08-06,1705.79,1705.79,1693.29,1697.37,-0.13
2013-08-07,1695.3,1695.3,1684.91,1690.91,-0.61
2013-08-08,1693.35,1700.18,1688.38,1697.48,-0.12
2013-08-09,1696.1,1699.42,1686.02,1691.42,0.16
2013-08-12,1688.37,1691.49,1683.35,1689.47,-0.46
2013-08-13,1690.65,1696.81,1682.62,1694.16,0.14
2013-08-14,1693.88,1695.52,1684.83,1685.39,0.19
2013-08-15,1679.61,1679.61,1658.59,1661.32,-0.84
2013-08-16,1661.22,1663.6,1652.61,1655.83,-1.09
2013-08-19,1655.25,1659.18,1645.84,1646.06,-0.36
2013-08-20,1646.81,1658.92,1646.08,1652.35,-0.51
2013-08-21,1650.66,1656.99,1639.43,1642.8,0.23
2013-08-22,1645.03,1659.55,1645.03,1656.96,-0.34
2013-08-23,1659.92,1664.85,1654.81,1663.5,0.91
2013-08-26,1664.29,1669.51,1656.02,1656.78,0.26
2013-08-27,1652.54,1652.54,1629.05,1630.48,-0.71
2013-08-28,1630.25,1641.18,1627.47,1634.96,-1.35
2013-08-29,1633.5,1646.41,1630.88,1638.17,0.2
2013-08-30,1638.89,1640.08,1628.05,1632.97,0.33
2013-09-03,1635.95,1651.35,1633.41,1639.77,-0.18
2013-09-04,1640.72,1655.72,1637.41,1653.08,0.29
2013-09-05,1653.28,1659.17,1653.07,1655.08,0.77
2013-09-06,1657.44,1664.83,1640.62,1655.17,0.25
2013-09-09,1656.85,1672.4,1656.85,1671.71,-0.04
2013-09-10,1674.32,1684.09,1674.32,1683.99,1.05
2013-09-11,1681.04,1689.13,1678.7,1689.13,0.4
2013-09-12,1689.21,1689.97,1681.96,1683.42,0.49
2013-09-13,1685.04,1688.73,1682.22,1687.99,-0.25
2013-09-16,1691.7,1704.95,1691.7,1697.6,0.4
2013-09-17,1697.73,1705.52,1697.73,1704.76,0.36
2013-09-18,1705.74,1729.44,1700.35,1725.52,0.47
2013-09-19,1727.34,1729.86,1720.2,1722.34,1.27
2013-09-20,1722.44,1725.23,1708.89,1709.91,-0.28
2013-09-23,1711.44,1711.44,1697.1,1701.84,-0.64
2013-09-24,1702.6,1707.63,1694.9,1697.42,-0.52
2013-09-25,1698.02,1701.71,1691.88,1692.77,-0.27
2013-09-26,1694.05,1703.85,1693.11,1698.67,-0.23
2013-09-27,1695.52,1695.52,1687.11,1691.75,0.09
2013-09-30,1687.26,1687.26,1674.99,1681.55,-0.49
2013-10-01,1682.41,1696.55,1682.07,1695.0,-0.29
2013-10-02,1691.9,1693.87,1680.34,1693.87,0.56
2013-10-03,1692.35,1692.35,1670.36,1678.66,0.03
2013-10-04,1678.79,1691.94,1677.33,1690.5,-0.8
2013-10-07,1687.15,1687.15,1674.7,1676.12,0.5
2013-10-08,1676.22,1676.79,1655.03,1655.45,-0.65
2013-10-09,1656.99,1662.47,1646.47,1656.4,-1.15
2013-10-10,1660.88,1692.56,1660.88,1692.56,0.23
2013-10-11,1691.09,1703.44,1688.52,1703.2,1.82
2013-10-14,1699.86,1711.03,1692.13,1710.14,0.52
2013-10-15,1709.17,1711.57,1695.93,1698.06,0.55
2013-10-16,1700.49,1721.76,1700.49,1721.54,-0.51
2013-10-17,1720.17,1733.45,1714.12,1733.15,1.16
2013-10-18,1736.72,1745.31,1735.74,1744.5,0.96
2013-10-21,1745.2,1747.79,1740.67,1744.66,0.49
2013-10-22,1746.48,1759.33,1746.48,1754.67,0.07
2013-10-23,1752.27,1752.27,1740.5,1746.38,0.33
2013-10-24,1747.48,1753.94,1745.5,1752.07,-0.27
2013-10-25,1756.01,1759.82,1752.45,1759.77,0.49
2013-10-28,1759.42,1764.99,1757.67,1762.11,0.19
2013-10-29,1762.93,1772.09,1762.93,1771.95,0.2
2013-10-30,1772.27,1775.22,1757.24,1763.31,0.53
2013-10-31,1763.24,1768.53,1755.72,1756.54,-0.51
2013-11-01,1758.7,1765.67,1752.7,1761.64,-0.26
2013-11-04,1763.4,1768.78,1761.56,1767.93,0.27
2013-11-05,1765.67,1767.03,1755.76,1762.97,0.13
2013-11-06,1765.0,1773.74,1764.4,1770.49,-0.04
2013-11-07,1770.74,1774.54,1746.2,1747.15,0.33
2013-11-08,1748.37,1770.78,1747.63,1770.61,-1.26
2013-11-11,1769.96,1773.44,1767.85,1771.89,1.23
2013-11-12,1769.51,1771.78,1762.29,1767.69,-0.03
2013-11-13,1764.37,1782.0,1760.64,1782.0,-0.29
2013-11-14,1782.75,1791.53,1780.22,1790.62,1.04
2013-11-15,1790.66,1798.22,1790.66,1798.18,0.44
2013-11-18,1798.82,1802.33,1788.0,1791.53,0.46
2013-11-19,1790.79,1795.51,1784.72,1787.87,-0.45
2013-11-20,1789.59,1795.73,1777.23,1781.37,-0.07
2013-11-21,1783.52,1797.16,1783.52,1795.85,-0.34
2013-11-22,1797.21,1804.84,1794.7,1804.76,0.77
2013-11-25,1806.33,1808.1,1800.58,1802.48,0.51
2013-11-26,1802.87,1808.42,1800.77,1802.75,-0.19
2013-11-27,1803.48,1808.27,1802.77,1807.23,0.03
2013-11-29,1808.69,1813.55,1803.98,1805.81,0.29
2013-12-02,1806.55,1810.02,1798.6,1800.9,-0.12
2013-12-03,1800.1,1800.1,1787.85,1795.15,-0.36
2013-12-04,1793.15,1799.8,1779.09,1792.81,-0.39
2013-12-05,1792.82,1792.82,1783.38,1785.03,-0.02
2013-12-06,1788.36,1806.04,1788.36,1805.09,-0.25
2013-12-09,1806.21,1811.52,1806.21,1808.37,1.0
2013-12-10,1807.6,1808.52,1801.75,1802.62,0.08
2013-12-11,1802.76,1802.97,1780.09,1782.22,-0.27
2013-12-12,1781.71,1782.99,1772.28,1775.5,-1.17
2013-12-13,1777.98,1780.92,1772.45,1775.32,-0.21
2013-12-16,1777.48,1792.22,1777.48,1786.54,-0.03
2013-12-17,1786.47,1786.77,1777.05,1781.0,0.51
2013-12-18,1781.46,1811.08,1767.99,1810.65,-0.28
2013-12-19,1809.0,1810.88,1801.35,1809.6,1.55
2013-12-20,1810.39,1823.75,1810.25,1818.32,0.08
2013-12-23,1822.92,1829.75,1822.92,1827.99,0.69
2013-12-24,1828.02,1833.32,1828.02,1833.32,0.28
2013-12-26,1834.96,1842.84,1834.96,1842.02,0.38
2013-12-27,1842.97,1844.89,1839.81,1841.4,0.44
2013-12-30,1841.47,1842.47,1838.77,1841.07,-0.08
2013-12-31,1842.61,1849.44,1842.41,1848.36,0.06
2014-01-02,1845.86,1845.86,1827.74,1831.98,0.18
2014-01-03,1833.21,1838.24,1829.13,1831.37,-0.69
2014-01-06,1832.31,1837.16,1823.73,1826.77,-0.05
2014-01-07,1828.71,1840.1,1828.71,1837.88,-0.2
2014-01-08,1837.9,1840.02,1831.4,1837.49,0.0
2014-01-09,1839.0,1843.23,1830.38,1838.13,0.5
2014-01-10,1840.06,1843.15,1832.43,1842.37,0.06
2014-01-11,1843.15,1832.43,1838.13,1840.06,0.06
2014-01-13,1841.26,1843.45,1815.52,1819.2,0.15
2014-01-14,1821.36,1839.26,1821.36,1838.88,-0.94
2014-01-15,1840.52,1850.84,1840.52,1848.38,1.04
2014-01-16,1847.99,1847.99,1840.3,1845.89,-0.01
2014-01-17,1844.23,1846.04,1835.23,1838.7,-0.07
2014-01-21,1841.05,1849.31,1832.38,1843.8,-0.06
2014-01-22,1844.71,1846.87,1840.88,1844.86,0.02
2014-01-23,1842.29,1842.29,1820.06,1828.46,-0.78
2014-01-24,1826.96,1826.96,1790.29,1790.29,-0.99
2014-01-27,1791.03,1795.98,1772.88,1781.56,-0.95
2014-01-28,1783.0,1793.87,1779.49,1792.5,-0.36
2014-01-29,1790.15,1790.15,1770.45,1774.2,0.36
2014-01-30,1777.17,1798.77,1777.17,1794.19,-0.17
2014-01-31,1790.88,1793.88,1772.26,1782.59,-0.72
2014-02-03,1782.68,1784.83,1739.66,1741.89,-0.66
2014-02-04,1743.82,1758.73,1743.82,1755.2,-1.3
2014-02-05,1753.38,1755.79,1737.92,1751.64,0.36
2014-02-06,1752.99,1774.06,1752.99,1773.43,0.73
2014-02-07,1776.01,1798.03,1776.01,1797.02,1.43
2014-02-08,1776.01,1798.03,1776.01,1797.02,0.6
2014-02-10,1796.2,1799.94,1791.83,1799.84,-0.05
2014-02-11,1800.45,1823.54,1800.41,1819.75,0.6
2014-02-12,1820.12,1826.55,1815.97,1819.26,0.92
2014-02-13,1814.82,1830.25,1809.22,1829.83,-0.35
2014-02-14,1828.46,1841.65,1825.59,1838.63,0.84
2014-02-18,1839.03,1842.87,1835.01,1840.76,0.19
2014-02-19,1838.9,1847.5,1826.99,1828.75,0.45
2014-02-20,1829.24,1842.79,1824.58,1839.78,-0.73
2014-02-21,1841.07,1846.13,1835.6,1836.25,0.71
2014-02-24,1836.78,1858.71,1836.78,1847.61,0.38
2014-02-25,1847.66,1852.91,1840.19,1845.12,-0.38
2014-02-26,1845.79,1852.65,1840.66,1845.16,0.11
2014-02-27,1844.9,1854.53,1841.13,1854.29,-0.19
2014-02-28,1855.12,1867.92,1847.67,1859.45,1.24
2014-03-03,1857.68,1857.68,1834.44,1845.73,-0.85
2014-03-04,1849.23,1876.23,1849.23,1873.91,1.04
2014-03-05,1874.05,1876.53,1871.11,1873.81,0.35
2014-03-06,1874.18,1881.94,1874.18,1877.03,0.36
2014-03-07,1878.52,1883.57,1870.56,1878.04,-0.09
2014-03-10,1877.86,1877.87,1867.04,1877.17,-0.33
2014-03-11,1878.26,1882.35,1863.88,1867.63,0.3
2014-03-12,1866.15,1868.38,1854.38,1868.2,-0.66
2014-03-13,1869.06,1874.4,1841.86,1846.34,-0.24
2014-03-14,1845.07,1852.44,1839.57,1841.13,-1.03
2014-03-17,1842.81,1862.3,1842.81,1858.83,0.77
2014-03-18,1858.92,1873.76,1858.92,1872.25,0.66
2014-03-19,1872.25,1874.14,1850.35,1860.77,0.06
2014-03-20,1860.09,1873.49,1854.63,1872.01,-0.32
2014-03-21,1874.53,1883.97,1863.46,1866.52,0.72
2014-03-24,1867.67,1873.34,1849.69,1857.44,-1.4
2014-03-25,1859.48,1871.87,1855.96,1865.62,0.63
2014-03-26,1867.09,1875.92,1852.56,1852.56,0.27
2014-03-27,1852.11,1855.55,1842.11,1849.04,-0.95
2014-03-28,1850.07,1866.63,1850.07,1857.62,0.65
2014-03-31,1859.16,1875.18,1859.16,1872.34,0.52
2014-04-01,1873.96,1885.84,1873.96,1885.52,0.7
2014-04-02,1886.61,1893.17,1883.79,1890.9,0.29
2014-04-03,1891.43,1893.8,1882.65,1888.77,-0.11
2014-04-04,1890.25,1897.28,1863.26,1865.09,-1.25
2014-04-07,1863.92,1864.04,1841.48,1845.04,-1.08
2014-04-08,1845.48,1854.95,1837.49,1851.96,0.38
2014-04-09,1852.64,1872.43,1852.38,1872.18,1.09
2014-04-21,1865.79,1871.89,1863.18,1871.89,-0.02
2014-04-22,1872.57,1884.89,1872.57,1879.55,0.41
2014-04-23,1879.32,1879.75,1873.91,1875.39,-0.22
2014-04-24,1881.97,1884.06,1870.24,1878.61,0.17
2014-04-25,1877.72,1877.72,1859.7,1863.4,-0.81
2014-04-28,1865.0,1877.01,1850.61,1869.43,0.32
2014-04-29,1870.78,1880.6,1870.78,1878.33,0.48
2014-04-30,1877.1,1885.2,1872.69,1883.95,0.3
2014-05-01,1884.39,1888.59,1878.04,1883.68,-0.01
2014-05-02,1885.3,1891.33,1878.5,1881.14,-0.13
2014-05-05,1879.45,1885.51,1866.77,1884.66,0.19
2014-05-06,1883.69,1883.69,1867.72,1867.72,-0.9
2014-05-07,1868.53,1878.83,1859.79,1878.21,0.56
2014-05-08,1877.39,1889.07,1870.05,1875.63,-0.14
2014-05-09,1875.27,1878.57,1867.02,1878.48,0.15
2014-05-12,1880.03,1897.13,1880.03,1896.65,0.97
2014-05-13,1896.75,1902.17,1896.06,1897.45,0.04
2014-05-14,1897.13,1897.13,1885.77,1888.53,-0.47
2014-05-15,1888.16,1888.16,1862.36,1870.85,-0.94
2014-05-16,1871.19,1878.28,1864.82,1877.86,0.37
2014-05-19,1876.66,1886.0,1872.42,1885.08,0.38
2014-05-20,1884.88,1884.88,1868.14,1872.83,-0.65
2014-05-21,1873.34,1888.8,1873.34,1888.03,0.81
2014-05-22,1888.19,1896.33,1885.39,1892.49,0.24
2014-05-23,1893.32,1901.26,1893.32,1900.53,0.42
2014-05-27,1910.6,1920.03,1909.82,1920.03,0.6
2014-05-28,1911.77,1914.46,1907.3,1909.78,-0.11
2014-05-29,1910.6,1920.03,1909.82,1920.03,0.54
2014-05-30,1920.33,1924.03,1916.64,1923.57,0.18
2014-06-02,1923.87,1925.88,1915.98,1924.97,0.07
2014-06-03,1923.07,1925.07,1918.79,1924.24,-0.04
2014-06-04,1923.06,1928.63,1918.6,1927.88,0.19
2014-06-05,1928.52,1941.74,1922.93,1940.46,0.65
2014-06-06,1942.41,1949.44,1942.41,1949.44,0.46
2014-06-09,1948.97,1955.55,1947.16,1951.27,0.09
2014-06-10,1950.34,1950.86,1944.64,1950.79,-0.02
2014-06-11,1949.37,1949.37,1940.08,1943.89,-0.35
2014-06-12,1943.35,1943.35,1925.78,1930.11,-0.71
2014-06-13,1930.8,1937.3,1927.69,1936.16,0.31
2014-06-16,1934.84,1941.15,1930.91,1937.78,0.08
2014-06-17,1937.15,1943.69,1933.55,1941.99,0.22
2014-06-18,1942.73,1957.74,1939.29,1956.98,0.77
2014-06-19,1957.5,1959.87,1952.26,1959.48,0.13
2014-06-20,1960.45,1963.91,1959.17,1962.87,0.17
2014-06-23,1962.92,1963.74,1958.89,1962.61,-0.01
2014-06-24,1961.97,1968.17,1948.34,1949.98,-0.64
2014-06-25,1949.27,1960.83,1947.49,1959.53,0.49
2014-06-26,1959.89,1959.89,1944.69,1957.22,-0.12
2014-06-27,1956.56,1961.47,1952.18,1960.96,0.19
2014-06-30,1960.79,1964.24,1958.22,1960.23,-0.04
2014-07-01,1962.29,1978.58,1962.29,1973.32,0.67
2014-07-02,1973.06,1976.67,1972.58,1974.62,0.07
2014-07-03,1975.88,1985.59,1975.88,1985.44,0.55
2014-07-07,1984.22,1984.22,1974.88,1977.65,-0.39
2014-07-08,1976.39,1976.39,1959.46,1963.71,-0.7
2014-07-09,1965.1,1974.15,1965.1,1972.83,0.46
2014-07-10,1966.67,1969.84,1952.86,1964.68,-0.41
2014-07-11,1965.76,1968.67,1959.63,1967.57,0.15
2014-07-14,1969.86,1979.85,1969.86,1977.1,0.48
2014-07-15,1977.36,1982.52,1965.34,1973.28,-0.19
2014-07-16,1976.35,1983.94,1975.67,1981.57,0.42
2014-07-17,1979.75,1981.8,1955.59,1958.12,-1.18
2014-07-18,1961.54,1979.91,1960.82,1978.22,1.03
2014-07-21,1976.93,1976.93,1965.77,1973.63,-0.23
2014-07-22,1975.65,1986.24,1975.65,1983.53,0.5
2014-07-23,1985.32,1989.23,1982.44,1987.01,0.18
2014-07-24,1988.07,1991.39,1985.79,1987.98,0.05
2014-07-25,1984.6,1984.6,1974.37,1978.34,-0.48
2014-07-28,1978.25,1981.52,1967.31,1978.91,0.03
2014-07-29,1980.03,1984.85,1969.95,1969.95,-0.45
2014-07-30,1973.21,1978.9,1962.42,1970.07,0.01
2014-07-31,1965.14,1965.14,1930.67,1930.67,-2.0
2014-08-01,1929.8,1937.35,1916.37,1925.15,-0.29
2014-08-04,1926.62,1942.92,1921.2,1938.99,0.72
2014-08-05,1936.34,1936.34,1913.77,1920.21,-0.97
2014-08-06,1917.29,1927.91,1911.45,1920.24,0.0
2014-08-07,1923.03,1928.89,1904.78,1909.57,-0.56
2014-08-08,1910.35,1932.38,1909.01,1931.59,1.15
2014-08-11,1933.43,1944.9,1933.43,1936.92,0.28
2014-08-12,1935.73,1939.65,1928.29,1933.75,-0.16
2014-08-13,1935.6,1948.41,1935.6,1946.72,0.67
2014-08-14,1947.41,1955.23,1947.41,1955.18,0.43
2014-08-15,1958.87,1964.04,1941.5,1955.06,-0.01
2014-08-18,1958.36,1971.99,1958.36,1971.74,0.85
2014-08-19,1972.73,1982.57,1972.73,1981.6,0.5
2014-08-20,1980.46,1988.57,1977.68,1986.51,0.25
2014-08-21,1986.82,1994.76,1986.82,1992.37,0.29
2014-08-22,1992.6,1993.54,1984.76,1988.4,-0.2
2014-08-25,1991.74,2001.95,1991.74,1997.92,0.48
2014-08-26,1998.59,2005.04,1998.59,2000.02,0.11
2014-08-27,2000.54,2002.14,1996.2,2000.12,0.0
2014-08-28,1997.42,1998.55,1990.52,1996.74,-0.17
2014-08-29,1998.45,2003.38,1994.65,2003.37,0.33
2014-09-02,2004.07,2006.12,1994.85,2002.28,-0.05
2014-09-03,2003.57,2009.28,1998.14,2000.72,-0.08
2014-09-04,2001.67,2011.17,1992.54,1997.65,-0.15
2014-09-05,1998.0,2007.71,1990.1,2007.71,0.5
2014-09-08,2007.17,2007.17,1995.6,2001.54,-0.31
2014-09-09,2000.73,2001.01,1984.61,1988.44,-0.65
2014-09-10,1988.41,1996.66,1982.99,1995.69,0.36
2014-09-11,1992.85,1997.65,1985.93,1997.45,0.09
2014-09-12,1996.74,1996.74,1980.26,1985.54,-0.6
2014-09-15,1986.04,1987.18,1978.48,1984.13,-0.07
2014-09-16,1981.93,2002.28,1979.06,1998.98,0.75
2014-09-17,1999.3,2010.74,1993.29,2001.57,0.13
2014-09-18,2003.07,2012.34,2003.07,2011.36,0.49
2014-09-19,2012.74,2019.26,2006.59,2010.4,-0.05
2014-09-22,2009.08,2009.08,1991.01,1994.29,-0.8
2014-09-23,1992.78,1995.41,1982.77,1982.77,-0.58
2014-09-24,1983.34,1999.79,1978.63,1998.3,0.78
2014-09-25,1997.32,1997.32,1965.99,1965.99,-1.62
2014-09-26,1966.22,1986.37,1966.22,1982.85,0.86
2014-09-29,1978.96,1981.28,1964.04,1977.8,-0.25
2014-09-30,1978.21,1985.17,1968.96,1972.29,-0.28
2014-10-01,1971.44,1971.44,1941.72,1946.16,-1.32
2014-10-02,1945.83,1952.32,1926.03,1946.17,0.0
2014-10-03,1948.12,1971.19,1948.12,1967.9,1.12
2014-10-06,1970.01,1977.84,1958.43,1964.82,-0.16
2014-10-07,1962.36,1962.36,1934.87,1935.1,-1.51
2014-10-08,1935.55,1970.36,1925.25,1968.89,1.75
2014-10-09,1967.68,1967.68,1927.56,1928.21,-2.07
2014-10-10,1925.63,1936.98,1906.05,1906.13,-1.15
2014-10-13,1905.65,1912.09,1874.14,1874.74,-1.65
2014-10-14,1877.11,1898.71,1871.79,1877.7,0.16
2014-10-15,1874.18,1874.18,1820.66,1862.49,-0.81
2014-10-16,1855.95,1876.01,1835.02,1862.76,0.01
2014-10-17,1864.91,1898.16,1864.91,1886.76,1.29
2014-10-20,1885.62,1905.03,1882.3,1904.01,0.91
2014-10-21,1909.38,1942.45,1909.38,1941.28,1.96
2014-10-22,1941.29,1949.31,1926.83,1927.11,-0.73
2014-10-23,1931.02,1961.95,1931.02,1950.82,1.23
2014-10-24,1951.59,1965.27,1946.27,1964.58,0.71
2014-10-27,1962.97,1964.64,1951.37,1961.63,-0.15
2014-10-28,1964.14,1985.05,1964.14,1985.05,1.19
2014-10-29,1983.29,1991.4,1969.04,1982.3,-0.14
2014-10-30,1979.49,1999.4,1974.75,1994.65,0.62
2014-10-31,2001.2,2018.19,2001.2,2018.05,1.17
2014-11-03,2018.21,2024.46,2013.68,2017.81,-0.01
2014-11-04,2015.81,2015.98,2001.01,2012.1,-0.28
2014-11-05,2015.29,2023.77,2014.42,2023.57,0.57
2014-11-06,2023.33,2031.61,2015.86,2031.21,0.38
2014-11-07,2032.36,2034.26,2025.07,2031.92,0.03
2014-11-10,2032.01,2038.7,2030.17,2038.26,0.31
2014-11-11,2038.2,2041.28,2035.28,2039.68,0.07
2014-11-12,2037.75,2040.33,2031.95,2038.25,-0.07
2014-11-13,2039.21,2046.18,2030.44,2039.33,0.05
2014-11-14,2039.74,2042.22,2035.2,2039.82,0.02
2014-11-17,2038.29,2043.07,2034.46,2041.32,0.07
2014-11-18,2041.48,2056.08,2041.48,2051.8,0.51
2014-11-19,2051.16,2052.14,2040.37,2048.72,-0.15
2014-11-20,2045.87,2053.84,2040.49,2052.75,0.2
2014-11-21,2057.46,2071.46,2056.75,2063.5,0.52
2014-11-24,2065.07,2070.17,2065.07,2069.41,0.29
2014-11-25,2070.15,2074.21,2064.75,2067.03,-0.12
2014-11-26,2067.36,2073.29,2066.62,2072.83,0.28
2014-11-28,2074.78,2075.76,2065.06,2067.56,-0.25
2014-12-01,2065.78,2065.78,2049.57,2053.44,-0.68
2014-12-02,2053.77,2068.77,2053.77,2066.55,0.64
2014-12-03,2067.45,2076.28,2066.65,2074.33,0.38
2014-12-04,2073.64,2077.34,2062.34,2071.92,-0.12
2014-12-05,2072.78,2079.47,2070.81,2075.37,0.17
2014-12-08,2074.84,2075.78,2054.27,2060.31,-0.73
2014-12-09,2056.55,2060.6,2034.17,2059.82,-0.02
2014-12-10,2058.86,2058.86,2024.26,2026.14,-1.64
2014-12-11,2027.92,2055.53,2027.92,2035.33,0.45
2014-12-12,2030.36,2032.25,2002.33,2002.33,-1.62
2014-12-15,2005.03,2018.69,1982.26,1989.63,-0.63
2014-12-16,1986.71,2016.89,1972.56,1972.74,-0.85
2014-12-17,1973.77,2016.75,1973.77,2012.89,2.04
2014-12-18,2018.98,2061.23,2018.98,2061.23,2.4
2014-12-19,2061.04,2077.85,2061.03,2070.65,0.46
2014-12-22,2069.28,2078.76,2069.28,2078.54,0.38
2014-12-23,2081.48,2086.73,2079.77,2082.17,0.17
2014-12-24,2083.25,2087.56,2081.86,2081.88,-0.01
2014-12-26,2084.3,2092.7,2084.3,2088.77,0.33
2014-12-29,2087.63,2093.55,2085.75,2090.57,0.09
2014-12-30,2088.49,2088.49,2079.53,2080.35,-0.49
2014-12-31,2082.11,2085.58,2057.94,2058.9,-1.03
2015-01-02,2058.9,2072.36,2046.04,2058.2,-0.03
2015-01-05,2054.44,2054.44,2017.34,2020.58,-1.83
2015-01-06,2022.15,2030.25,1992.44,2002.61,-0.89
2015-01-07,2005.55,2029.61,2005.55,2025.9,1.16
2015-01-08,2030.61,2064.08,2030.61,2062.14,1.79
2015-01-09,2063.45,2064.43,2038.33,2044.81,-0.84
2015-01-12,2046.13,2049.3,2022.58,2028.26,-0.81
2015-01-13,2031.58,2056.93,2008.25,2023.03,-0.26
2015-01-14,2018.4,2018.4,1988.44,2011.27,-0.58
2015-01-15,2013.75,2021.35,1991.47,1992.67,-0.92
2015-01-16,1992.25,2020.46,1988.12,2019.42,1.34
2015-01-20,2020.76,2028.94,2004.49,2022.55,0.15
2015-01-21,2020.19,2038.29,2012.04,2032.12,0.47
2015-01-22,2034.3,2064.62,2026.38,2063.15,1.53
2015-01-23,2062.98,2062.98,2050.54,2051.82,-0.55
2015-01-26,2050.42,2057.62,2040.97,2057.09,0.26
2015-01-27,2047.86,2047.86,2019.91,2029.55,-1.34
2015-01-28,2032.34,2042.49,2001.49,2002.16,-1.35
2015-01-29,2002.45,2024.64,1989.18,2021.25,0.95
2015-01-30,2019.35,2023.32,1993.38,1994.99,-1.3
2015-02-02,1996.67,2021.66,1980.9,2020.85,1.3
2015-02-03,2022.71,2050.3,2022.71,2050.03,1.44
2015-02-04,2048.86,2054.74,2036.72,2041.51,-0.42
2015-02-05,2043.45,2063.55,2043.45,2062.52,1.03
2015-02-06,2062.28,2072.4,2049.97,2055.47,-0.34
2015-02-09,2053.47,2056.16,2041.88,2046.74,-0.42
2015-02-10,2049.38,2070.86,2048.62,2068.59,1.07
2015-02-11,2068.55,2073.48,2057.99,2068.53,0.0
2015-02-12,2069.98,2088.53,2069.98,2088.48,0.96
2015-02-13,2088.78,2097.03,2086.7,2096.99,0.41
2015-02-17,2096.47,2101.3,2089.8,2100.34,0.16
2015-02-18,2099.16,2100.23,2092.15,2099.68,-0.03
2015-02-19,2099.25,2102.13,2090.79,2097.45,-0.11
2015-02-20,2097.65,2110.61,2085.44,2110.3,0.61
2015-02-23,2109.83,2110.05,2103.0,2109.66,-0.03
2015-02-24,2109.1,2117.94,2105.87,2115.48,0.28
2015-02-25,2115.3,2119.59,2109.89,2113.86,-0.08
2015-02-26,2113.91,2113.91,2103.76,2110.74,-0.15
2015-02-27,2110.88,2112.74,2103.75,2104.5,-0.3
2015-03-02,2105.23,2117.52,2104.5,2117.39,0.61
2015-03-03,2115.76,2115.76,2098.26,2107.78,-0.45
2015-03-04,2107.72,2107.72,2087.62,2098.53,-0.44
2015-03-05,2098.54,2104.25,2095.22,2101.04,0.12
2015-03-06,2100.91,2100.91,2067.27,2071.26,-1.42
2015-03-09,2072.25,2083.49,2072.21,2079.43,0.39
2015-03-10,2076.14,2076.14,2044.16,2044.16,-1.7
2015-03-11,2044.69,2050.08,2039.69,2040.24,-0.19
2015-03-12,2041.1,2066.41,2041.1,2065.95,1.26
2015-03-13,2064.56,2064.56,2041.17,2053.4,-0.61
2015-03-16,2055.35,2081.41,2055.35,2081.19,1.35
2015-03-17,2080.59,2080.59,2065.08,2074.28,-0.33
2015-03-18,2072.84,2106.85,2061.23,2099.5,1.22
2015-03-19,2098.69,2098.69,2085.56,2089.27,-0.49
2015-03-20,2090.32,2113.92,2090.32,2108.1,0.9
2015-03-23,2107.99,2114.86,2104.42,2104.42,-0.17
2015-03-24,2103.94,2107.63,2091.5,2091.5,-0.61
2015-03-25,2093.1,2097.43,2061.05,2061.05,-1.46
2015-03-26,2059.94,2067.15,2045.5,2056.15,-0.24
2015-03-27,2055.78,2062.83,2052.96,2061.02,0.24
2015-03-30,2064.11,2088.97,2064.11,2086.24,1.22
2015-03-31,2084.05,2084.05,2067.04,2067.89,-0.88
2015-04-01,2067.63,2067.63,2048.38,2059.69,-0.4
2015-04-02,2060.03,2072.17,2057.32,2066.96,0.35
2015-04-06,2064.87,2086.99,2056.52,2080.62,0.66
2015-04-07,2080.79,2089.81,2076.1,2076.33,-0.21
2015-04-08,2076.94,2086.69,2073.3,2081.9,0.27
2015-04-09,2081.29,2093.31,2074.29,2091.18,0.45
2015-04-10,2091.51,2102.61,2091.51,2102.06,0.52
2015-04-13,2102.03,2107.65,2092.33,2092.43,-0.46
2015-04-14,2092.28,2098.62,2083.24,2095.84,0.16
2015-04-15,2097.82,2111.91,2097.82,2106.63,0.51
2015-04-16,2105.96,2111.3,2100.02,2104.99,-0.08
2015-04-17,2102.58,2102.58,2072.37,2081.18,-1.13
2015-04-20,2084.11,2103.94,2084.11,2100.4,0.92
2015-04-21,2102.82,2109.64,2094.38,2097.29,-0.15
2015-04-22,2098.27,2109.98,2091.05,2107.96,0.51
2015-04-23,2107.21,2120.49,2103.19,2112.93,0.24
2015-04-24,2112.8,2120.92,2112.8,2117.69,0.23
2015-04-27,2119.29,2125.92,2107.04,2108.92,-0.41
2015-04-28,2108.35,2116.09,2094.89,2114.76,0.28
2015-04-29,2112.49,2113.65,2097.41,2106.85,-0.37
2015-04-30,2105.52,2105.52,2077.59,2085.51,-1.01
2015-05-01,2087.38,2108.41,2087.38,2108.29,1.09
2015-05-04,2110.23,2120.95,2110.23,2114.49,0.29
2015-05-05,2112.63,2115.24,2088.46,2089.46,-1.18
2015-05-06,2091.26,2098.42,2067.93,2080.15,-0.45
2015-05-07,2079.96,2092.9,2074.99,2088.0,0.38
2015-05-08,2092.13,2117.66,2092.13,2116.1,1.35
2015-05-11,2115.56,2117.69,2104.58,2105.33,-0.51
2015-05-12,2102.87,2105.06,2085.57,2099.12,-0.29
2015-05-13,2099.62,2110.19,2096.04,2098.48,-0.03
2015-05-14,2100.43,2121.45,2100.43,2121.1,1.08
2015-05-15,2122.07,2123.89,2116.79,2122.73,0.08
2015-05-18,2121.3,2131.78,2120.01,2129.2,0.3
2015-05-19,2129.45,2133.02,2124.5,2127.83,-0.06
2015-05-20,2127.79,2134.72,2122.59,2125.85,-0.09
2015-05-21,2125.55,2134.28,2122.95,2130.82,0.23
2015-05-22,2130.36,2132.15,2126.06,2126.06,-0.22
2015-05-26,2125.34,2125.34,2099.18,2104.2,-1.03
2015-05-27,2105.13,2126.22,2105.13,2123.48,0.92
2015-05-28,2122.27,2122.27,2112.86,2120.79,-0.13
2015-05-29,2120.66,2120.66,2104.89,2107.39,-0.63
2015-06-01,2108.64,2119.15,2102.54,2111.73,0.21
2015-06-02,2110.41,2117.59,2099.14,2109.6,-0.1
2015-06-03,2110.64,2121.92,2109.61,2114.07,0.21
2015-06-04,2112.35,2112.89,2093.23,2095.84,-0.86
2015-06-05,2095.09,2100.99,2085.67,2092.83,-0.15
2015-06-08,2092.34,2093.01,2079.11,2079.28,-0.65
2015-06-09,2079.07,2085.62,2072.14,2080.15,0.04
2015-06-10,2081.12,2108.5,2081.12,2105.2,1.2
2015-06-11,2106.24,2115.02,2106.24,2108.86,0.18
2015-06-12,2107.43,2107.43,2091.33,2094.11,-0.7
2015-06-15,2091.34,2091.34,2072.49,2084.43,-0.46
2015-06-16,2084.26,2097.4,2082.1,2096.29,0.57
2015-06-17,2097.4,2106.79,2088.86,2100.44,0.2
2015-06-18,2101.58,2126.65,2101.58,2121.24,0.99
2015-06-19,2121.06,2121.64,2109.45,2109.99,-0.54
2015-06-22,2112.5,2129.87,2112.5,2122.85,0.61
2015-06-23,2123.16,2128.03,2119.89,2124.2,0.06
2015-06-24,2123.65,2125.1,2108.58,2108.58,-0.74
2015-06-25,2109.96,2116.04,2101.78,2102.31,-0.3
2015-06-26,2102.62,2108.92,2095.38,2101.49,-0.03
2015-06-29,2098.63,2098.63,2056.64,2057.64,-2.09
2015-06-30,2061.19,2074.28,2056.32,2063.11,0.27
2015-07-01,2067.0,2082.78,2067.0,2077.42,0.69
2015-07-02,2078.03,2085.06,2071.02,2076.78,-0.03
2015-07-06,2073.95,2078.61,2058.4,2068.76,-0.39
2015-07-07,2069.52,2083.74,2044.02,2081.34,0.61
2015-07-08,2077.66,2077.66,2044.66,2046.68,-1.66
2015-07-09,2049.73,2074.28,2049.73,2051.31,0.23
2015-07-10,2052.74,2081.31,2052.74,2076.62,1.23
2015-07-13,2080.03,2100.67,2080.03,2099.6,1.11
2015-07-14,2099.72,2111.98,2098.18,2108.95,0.45
2015-07-15,2109.01,2114.14,2102.49,2107.4,-0.07
2015-07-16,2110.55,2124.42,2110.55,2124.29,0.8
2015-07-17,2126.8,2128.91,2119.88,2126.64,0.11
2015-07-20,2126.85,2132.82,2123.65,2128.28,0.08
2015-07-21,2127.55,2128.49,2115.4,2119.21,-0.43
2015-07-22,2118.21,2118.51,2110.0,2114.15,-0.24
2015-07-23,2114.16,2116.87,2098.63,2102.15,-0.57
2015-07-24,2102.24,2106.01,2077.09,2079.65,-1.07
2015-07-27,2078.19,2078.19,2063.52,2067.64,-0.58
2015-07-28,2070.75,2095.6,2069.09,2093.25,1.24
2015-07-29,2094.7,2110.6,2094.08,2108.57,0.73
2015-07-30,2106.78,2110.48,2094.97,2108.63,0.0
2015-07-31,2111.6,2114.24,2102.07,2103.92,-0.22
2015-08-03,2104.49,2105.7,2087.31,2098.04,-0.28
2015-08-04,2097.68,2102.51,2088.6,2093.32,-0.22
2015-08-05,2095.27,2112.66,2095.27,2099.84,0.31
2015-08-06,2100.75,2103.32,2075.53,2083.56,-0.78
2015-08-07,2082.61,2082.61,2067.91,2077.57,-0.29
2015-08-10,2080.98,2105.35,2080.98,2104.18,1.28
2015-08-11,2102.66,2102.66,2076.49,2084.07,-0.96
2015-08-12,2081.1,2089.06,2052.09,2086.05,0.1
2015-08-13,2086.19,2092.93,2078.26,2083.39,-0.13
2015-08-14,2083.15,2092.45,2080.61,2091.54,0.39
2015-08-17,2089.7,2102.87,2079.3,2102.44,0.52
2015-08-18,2101.99,2103.47,2094.14,2096.92,-0.26
2015-08-19,2095.69,2096.17,2070.53,2079.61,-0.83
2015-08-20,2076.61,2076.61,2035.73,2035.73,-2.11
2015-08-21,2034.08,2034.08,1970.89,1970.89,-3.19
2015-08-24,1965.15,1965.15,1867.01,1893.21,-3.94
2015-08-25,1898.08,1948.04,1867.08,1867.62,-1.35
2015-08-26,1872.75,1943.09,1872.75,1940.51,3.9
2015-08-27,1942.77,1989.6,1942.77,1987.66,2.43
2015-08-28,1986.06,1993.48,1975.19,1988.87,0.06
2015-08-31,1986.73,1986.73,1965.98,1972.18,-0.84
2015-09-01,1970.09,1970.09,1903.07,1913.85,-2.96
2015-09-02,1916.52,1948.91,1916.52,1948.86,1.83
2015-09-03,1950.79,1975.01,1944.72,1951.13,0.12
2015-09-04,1947.76,1947.76,1911.21,1921.22,-1.53
2015-09-08,1927.3,1970.42,1927.3,1969.41,2.51
2015-09-09,1971.45,1988.63,1937.88,1942.04,-1.39
2015-09-10,1941.59,1965.29,1937.19,1952.29,0.53
2015-09-11,1951.45,1961.05,1939.19,1961.05,0.45
2015-09-14,1963.06,1963.06,1948.27,1953.03,-0.41
2015-09-15,1955.1,1983.19,1954.3,1978.09,1.28
2015-09-16,1978.02,1997.26,1977.93,1995.31,0.87
2015-09-17,1995.33,2020.86,1986.73,1990.2,-0.26
2015-09-18,1989.66,1989.66,1953.45,1958.08,-1.61
2015-09-21,1960.84,1979.64,1955.8,1966.97,0.45
2015-09-22,1961.39,1961.39,1929.22,1942.74,-1.23
2015-09-23,1943.24,1949.52,1932.57,1938.76,-0.2
2015-09-24,1934.81,1937.17,1908.92,1932.24,-0.34
2015-09-25,1935.93,1952.89,1921.5,1931.34,-0.05
2015-09-28,1929.18,1929.18,1879.21,1881.77,-2.57
2015-09-29,1881.9,1899.48,1871.91,1884.09,0.12
2015-09-30,1887.14,1920.53,1887.14,1920.03,1.91
2015-10-01,1919.65,1927.21,1900.7,1923.82,0.2
2015-10-02,1921.77,1951.36,1893.7,1951.36,1.43
2015-10-05,1954.33,1989.17,1954.33,1987.05,1.83
2015-10-06,1986.63,1991.62,1971.99,1979.92,-0.36
2015-10-07,1982.34,1999.31,1976.44,1995.83,0.8
2015-10-08,1994.01,2016.5,1987.53,2013.43,0.88
2015-10-09,2013.73,2020.13,2007.61,2014.89,0.07
2015-10-12,2015.65,2018.66,2010.55,2017.46,0.13
2015-10-13,2015.0,2022.34,2001.78,2003.69,-0.68
2015-10-14,2003.66,2009.56,1990.73,1994.24,-0.47
2015-10-15,1996.47,2024.15,1996.47,2023.86,1.49
2015-10-16,2024.37,2033.54,2020.46,2033.11,0.46
2015-10-19,2031.73,2034.45,2022.31,2033.66,0.03
2015-10-20,2033.13,2039.12,2026.61,2030.77,-0.14
2015-10-21,2033.47,2037.97,2017.22,2018.94,-0.58
2015-10-22,2021.88,2055.2,2021.88,2052.51,1.66
2015-10-23,2058.19,2079.74,2058.19,2075.15,1.1
2015-10-26,2075.08,2075.14,2066.53,2071.18,-0.19
2015-10-27,2068.75,2070.37,2058.84,2065.89,-0.26
2015-10-28,2066.48,2090.35,2063.11,2090.35,1.18
2015-10-29,2088.35,2092.52,2082.63,2089.41,-0.04
2015-10-30,2090.0,2094.32,2079.34,2079.36,-0.48
2015-11-02,2080.76,2104.39,2080.76,2103.28,1.15
2015-11-03,2102.63,2116.48,2097.51,2109.79,0.31
2015-11-04,2110.6,2114.59,2096.98,2102.31,-0.35
2015-11-05,2101.68,2108.78,2090.41,2099.93,-0.11
2015-11-06,2098.6,2101.91,2083.74,2099.2,-0.03
2015-11-09,2096.56,2096.56,2068.24,2078.58,-0.98
2015-11-10,2077.19,2083.67,2069.91,2081.72,0.15
2015-11-11,2083.41,2086.94,2074.85,2075.0,-0.32
2015-11-12,2072.29,2072.29,2045.66,2045.97,-1.4
2015-11-13,2044.64,2044.64,2022.02,2023.04,-1.12
2015-11-16,2022.08,2053.22,2019.39,2053.19,1.49
2015-11-17,2053.67,2066.69,2045.9,2050.44,-0.13
2015-11-18,2051.99,2085.31,2051.99,2083.58,1.62
2015-11-19,2083.7,2086.74,2078.76,2081.24,-0.11
2015-11-20,2082.82,2097.06,2082.82,2089.17,0.38
2015-11-23,2089.41,2095.61,2081.39,2086.59,-0.12
2015-11-24,2084.42,2094.12,2070.29,2089.14,0.12
2015-11-25,2089.3,2093.0,2086.3,2088.87,-0.01
2015-11-27,2088.82,2093.29,2084.13,2090.11,0.06
2015-11-30,2090.95,2093.81,2080.41,2080.41,-0.46
2015-12-01,2082.93,2103.37,2082.93,2102.63,1.07
2015-12-02,2101.71,2104.27,2077.11,2079.51,-1.1
2015-12-03,2080.71,2085.0,2042.35,2049.62,-1.44
2015-12-04,2051.24,2093.84,2051.24,2091.69,2.05
2015-12-07,2090.42,2090.42,2066.78,2077.07,-0.7
2015-12-08,2073.39,2073.85,2052.32,2063.59,-0.65
2015-12-09,2061.17,2080.33,2036.53,2047.62,-0.77
2015-12-10,2047.93,2067.65,2045.67,2052.23,0.23
2015-12-11,2047.27,2047.27,2008.8,2012.37,-1.94
2015-12-14,2013.37,2022.92,1993.26,2021.94,0.48
2015-12-15,2025.55,2053.87,2025.55,2043.41,1.06
2015-12-16,2046.5,2076.72,2042.43,2073.07,1.45
2015-12-17,2073.76,2076.37,2041.66,2041.89,-1.5
2015-12-18,2040.81,2040.81,2005.33,2005.52,-1.78
2015-12-21,2010.27,2022.9,2005.93,2021.15,0.78
2015-12-22,2023.15,2042.74,2020.49,2037.89,0.83
2015-12-23,2042.2,2064.73,2042.2,2064.29,1.3
2015-12-24,2063.52,2067.36,2058.73,2060.99,-0.16
2015-12-28,2057.77,2057.77,2044.2,2056.5,-0.22
2015-12-29,2060.54,2081.56,2060.54,2078.36,1.06
2015-12-30,2077.34,2077.34,2061.97,2063.36,-0.72
2015-12-31,2060.59,2062.54,2043.62,2043.94,-0.94
2016-01-04,2038.2,2038.2,1989.68,2012.66,-1.53
2016-01-05,2013.78,2021.94,2004.17,2016.71,0.2
2016-01-06,2011.71,2011.71,1979.05,1990.26,-1.31
2016-01-07,1985.32,1985.32,1938.83,1943.09,-2.37
2016-01-08,1945.97,1960.4,1918.46,1922.03,-1.08
2016-01-11,1926.12,1935.65,1901.1,1923.67,0.09
2016-01-12,1927.83,1947.38,1914.35,1938.68,0.78
2016-01-13,1940.34,1950.33,1886.41,1890.28,-2.5
2016-01-14,1891.68,1934.47,1878.93,1921.84,1.67
2016-01-15,1916.68,1916.68,1857.83,1880.29,-2.16
2016-01-19,1888.66,1901.44,1864.6,1881.33,0.06
2016-01-20,1876.18,1876.18,1812.29,1859.33,-1.17
2016-01-21,1861.46,1889.85,1848.98,1868.99,0.52
2016-01-22,1877.4,1908.85,1877.4,1906.9,2.03
2016-01-25,1906.28,1906.28,1875.97,1877.08,-1.56
2016-01-26,1878.79,1906.73,1878.79,1903.63,1.41
2016-01-27,1902.52,1916.99,1872.7,1882.95,-1.09
2016-01-28,1885.22,1902.96,1873.65,1893.36,0.55
2016-01-29,1894.0,1940.24,1894.0,1940.24,2.48
2016-02-01,1936.94,1947.2,1920.3,1939.38,-0.04
2016-02-02,1935.26,1935.26,1897.29,1903.03,-1.87
2016-02-03,1907.07,1918.01,1872.23,1912.53,0.5
2016-02-04,1911.67,1927.35,1900.52,1915.45,0.15
2016-02-05,1913.07,1913.07,1872.65,1880.02,-1.85
2016-02-08,1873.25,1873.25,1828.46,1853.44,-1.41
2016-02-09,1848.46,1868.25,1834.94,1852.21,-0.07
2016-02-10,1857.1,1881.6,1850.32,1851.86,-0.02
2016-02-11,1847.0,1847.0,1810.1,1829.08,-1.23
2016-02-12,1833.4,1864.78,1833.4,1864.78,1.95
2016-02-16,1871.44,1895.77,1871.44,1895.58,1.65
2016-02-17,1898.8,1930.68,1898.8,1926.82,1.65
2016-02-18,1927.57,1930.0,1915.09,1917.83,-0.47
2016-02-19,1916.74,1918.78,1902.17,1917.78,0.0
2016-02-22,1924.44,1946.7,1924.44,1945.5,1.45
2016-02-23,1942.38,1942.38,1919.44,1921.27,-1.25
2016-02-24,1917.56,1932.08,1891.0,1929.8,0.44
2016-02-25,1931.87,1951.83,1925.41,1951.7,1.13
2016-02-26,1954.95,1962.96,1945.78,1948.05,-0.19
2016-02-29,1947.13,1958.27,1931.81,1932.23,-0.81
2016-03-01,1937.09,1978.35,1937.09,1978.35,2.39
2016-03-02,1976.6,1986.51,1968.8,1986.45,0.41
2016-03-03,1985.6,1993.69,1977.37,1993.4,0.35
2016-03-04,1994.01,2009.13,1986.77,1999.99,0.33
2016-03-07,1996.11,2006.12,1989.38,2001.76,0.09
2016-03-08,1996.88,1996.88,1977.43,1979.26,-1.12
2016-03-09,1981.44,1992.69,1979.84,1989.26,0.51
2016-03-10,1990.97,2005.08,1969.25,1989.57,0.02
2016-03-11,1994.71,2022.37,1994.71,2022.19,1.64
2016-03-14,2019.27,2024.57,2012.05,2019.64,-0.13
2016-03-15,2015.27,2015.94,2005.23,2015.93,-0.18
2016-03-16,2014.24,2032.02,2010.04,2027.22,0.56
2016-03-17,2026.9,2046.24,2022.16,2040.59,0.66
2016-03-18,2041.16,2052.36,2041.16,2049.56,0.44
2016-03-21,2047.88,2053.91,2043.14,2051.6,0.1
2016-03-22,2048.64,2056.6,2040.57,2049.8,-0.09
2016-03-23,2048.55,2048.55,2034.86,2036.71,-0.64
2016-03-24,2032.48,2036.04,2022.49,2035.94,-0.04
2016-03-28,2037.89,2042.67,2031.96,2037.05,0.05
2016-03-29,2035.75,2055.91,2028.31,2055.01,0.88
2016-03-30,2058.27,2072.21,2058.27,2063.95,0.44
2016-03-31,2063.77,2067.92,2057.46,2059.74,-0.2
2016-04-01,2056.62,2075.07,2043.98,2072.78,0.63
2016-04-04,2073.19,2074.02,2062.57,2066.13,-0.32
2016-04-05,2062.5,2062.5,2042.56,2045.17,-1.01
2016-04-06,2045.56,2067.33,2043.09,2066.66,1.05
2016-04-07,2063.01,2063.01,2033.8,2041.91,-1.2
2016-04-08,2045.54,2060.63,2041.69,2047.6,0.28
2016-04-11,2050.23,2062.93,2041.88,2041.99,-0.27
2016-04-12,2043.72,2065.05,2039.74,2061.72,0.97
2016-04-13,2065.92,2083.18,2065.92,2082.42,1.0
2016-04-14,2082.89,2087.84,2078.13,2082.78,0.02
2016-04-15,2083.1,2083.22,2076.31,2080.73,-0.1
2016-04-18,2078.83,2094.66,2073.65,2094.34,0.65
2016-04-19,2096.05,2104.05,2091.68,2100.8,0.31
2016-04-20,2101.52,2111.05,2096.32,2102.4,0.08
2016-04-21,2102.09,2103.78,2088.52,2091.48,-0.52
2016-04-22,2091.49,2094.32,2081.2,2091.58,0.0
2016-04-25,2089.37,2089.37,2077.52,2087.79,-0.18
2016-04-26,2089.84,2096.87,2085.8,2091.7,0.19
2016-04-27,2092.33,2099.89,2082.31,2095.15,0.16
2016-04-28,2090.93,2099.3,2071.62,2075.81,-0.92
2016-04-29,2071.82,2073.85,2052.28,2065.3,-0.51
2016-05-02,2067.17,2083.42,2066.11,2081.43,0.78
2016-05-03,2077.18,2077.18,2054.89,2063.37,-0.87
2016-05-04,2060.3,2060.3,2045.55,2051.12,-0.59
2016-05-05,2052.95,2060.23,2045.77,2050.63,-0.02
2016-05-06,2047.77,2057.72,2039.45,2057.14,0.32
2016-05-09,2057.55,2064.15,2054.31,2058.69,0.08
2016-05-10,2062.63,2084.87,2062.63,2084.39,1.25
2016-05-11,2083.29,2083.29,2064.46,2064.46,-0.96
2016-05-12,2067.17,2073.99,2053.13,2064.11,-0.02
2016-05-13,2062.5,2066.79,2043.13,2046.61,-0.85
2016-05-16,2046.53,2071.88,2046.53,2066.66,0.98
2016-05-17,2065.04,2065.69,2040.82,2047.21,-0.94
2016-05-18,2044.38,2060.61,2034.49,2047.63,0.02
2016-05-19,2044.21,2044.21,2025.91,2040.04,-0.37
2016-05-20,2041.88,2058.35,2041.88,2052.32,0.6
2016-05-23,2052.23,2055.58,2047.26,2048.04,-0.21
2016-05-24,2052.65,2079.67,2052.65,2076.06,1.37
2016-05-25,2078.93,2094.73,2078.93,2090.54,0.7
2016-05-26,2091.44,2094.3,2087.08,2090.1,-0.02
2016-05-27,2090.06,2099.06,2090.06,2099.06,0.43
2016-05-31,2100.13,2103.48,2088.66,2096.95,-0.1
2016-06-01,2093.94,2100.97,2085.1,2099.33,0.11
2016-06-02,2097.71,2105.26,2088.59,2105.26,0.28
2016-06-03,2104.07,2104.07,2085.36,2099.13,-0.29
2016-06-06,2100.83,2113.36,2100.83,2109.41,0.49
2016-06-07,2110.18,2119.22,2110.18,2112.13,0.13
2016-06-08,2112.71,2120.55,2112.71,2119.12,0.33
2016-06-09,2115.65,2117.64,2107.73,2115.48,-0.17
2016-06-10,2109.57,2109.57,2089.96,2096.07,-0.92
2016-06-13,2091.75,2098.12,2078.46,2079.06,-0.81
2016-06-14,2076.65,2081.3,2064.1,2075.32,-0.18
2016-06-15,2077.6,2085.65,2069.8,2071.5,-0.18
2016-06-16,2066.36,2079.62,2050.37,2077.99,0.31
2016-06-17,2078.2,2078.2,2062.84,2071.22,-0.33
2016-06-20,2075.58,2100.66,2075.58,2083.25,0.58
2016-06-21,2085.19,2093.66,2083.02,2088.9,0.27
2016-06-22,2089.75,2099.71,2084.36,2085.45,-0.17
2016-06-23,2092.8,2113.32,2092.8,2113.32,1.34
2016-06-24,2103.81,2103.81,2032.57,2037.3,-3.6
2016-06-27,2031.45,2031.45,1991.68,2000.54,-1.8
2016-06-28,2006.67,2036.09,2006.67,2036.09,1.78
2016-06-29,2042.69,2073.13,2042.69,2070.77,1.7
2016-06-30,2073.17,2098.94,2070.0,2098.86,1.36
2016-07-01,2099.34,2108.71,2097.9,2102.95,0.19
2016-07-05,2095.05,2095.05,2080.86,2088.55,-0.68
2016-07-06,2084.43,2100.72,2074.02,2099.73,0.54
2016-07-07,2100.42,2109.08,2089.39,2097.9,-0.09
2016-07-08,2106.97,2131.71,2106.97,2129.9,1.53
2016-07-11,2131.72,2143.16,2131.72,2137.16,0.34
2016-07-12,2139.5,2155.4,2139.5,2152.14,0.7
2016-07-13,2153.81,2156.45,2146.21,2152.43,0.01
2016-07-14,2157.88,2168.99,2157.88,2163.75,0.53
2016-07-15,2165.13,2169.05,2155.79,2161.74,-0.09
2016-07-18,2162.04,2168.35,2159.63,2166.89,0.24
2016-07-19,2163.79,2164.63,2159.01,2163.78,-0.14
2016-07-20,2166.1,2175.63,2164.89,2173.02,0.43
2016-07-21,2172.91,2174.56,2159.75,2165.17,-0.36
2016-07-22,2166.47,2175.11,2163.24,2175.03,0.46
2016-07-25,2173.71,2173.71,2161.95,2168.48,-0.3
2016-07-26,2168.97,2173.54,2160.18,2169.18,0.03
2016-07-27,2169.81,2174.98,2159.07,2166.58,-0.12
2016-07-28,2166.05,2172.85,2159.74,2170.06,0.16
2016-07-29,2168.83,2177.09,2163.49,2173.6,0.16
2016-08-01,2173.15,2178.29,2166.21,2170.84,-0.13
2016-08-02,2169.94,2170.2,2147.58,2157.03,-0.64
2016-08-03,2156.81,2163.79,2152.56,2163.79,0.31
2016-08-04,2163.51,2168.19,2159.07,2164.25,0.02
2016-08-05,2168.79,2182.87,2168.79,2182.87,0.86
2016-08-08,2183.76,2185.44,2177.85,2180.89,-0.09
2016-08-09,2182.24,2187.66,2178.61,2181.74,0.04
2016-08-10,2182.81,2183.41,2172.0,2175.49,-0.29
2016-08-11,2177.97,2188.45,2177.97,2185.79,0.47
2016-08-12,2183.74,2186.28,2179.42,2184.05,-0.08
2016-08-15,2188.2,2194.2,2188.2,2190.15,0.28
2016-08-16,2184.9,2185.4,2178.4,2178.15,-0.55
2016-08-17,2178.1,2183.3,2168.1,2182.22,0.19
2016-08-18,2181.9,2186.9,2180.4,2187.02,0.22
2016-08-19,2181.1,2185.1,2175.1,2183.87,-0.14
2016-08-22,2180.3,2185.6,2175.8,2182.64,-0.06
2016-08-23,2190.6,2193.6,2186.8,2186.9,0.2
2016-08-24,2185.3,2186.8,2171.3,2175.44,-0.52
2016-08-25,2172.25,2179.3,2169.8,2172.47,-0.14
2016-08-26,2175.9,2187.9,2159.5,2169.04,-0.16
2016-08-29,2171.6,2183.8,2171.6,2180.38,0.52
2016-08-30,2180.3,2182.6,2170.1,2176.12,-0.2
2016-08-31,2172.3,2173.4,2160.6,2170.95,-0.24
2016-09-01,2169.1,2173.4,2156.1,2170.86,0.0
2016-09-02,2181.0,2185.1,2173.3,2179.98,0.42
2016-09-06,2183.4,2186.9,2174.7,2186.48,0.3
2016-09-07,2183.4,2187.6,2178.6,2186.15,-0.01
2016-09-08,2181.8,2185.0,2177.2,2181.3,-0.22
2016-09-09,2165.1,2165.1,2128.1,2127.81,-2.45
2016-09-12,2119.6,2163.6,2119.1,2159.04,1.47
2016-09-13,2150.47,2150.47,2120.27,2127.02,-1.48
2016-09-14,2127.55,2141.7,2119.6,2125.77,-0.06
2016-09-15,2122.7,2151.2,2121.9,2147.26,1.01
2016-09-16,2146.48,2146.48,2130.4,2139.16,-0.38
2016-09-19,2147.5,2154.3,2135.8,2139.12,0.0
2016-09-20,2149.1,2150.9,2138.6,2139.76,0.04
2016-09-21,2147.9,2165.11,2139.1,2163.12,1.09
2016-09-22,2174.6,2179.99,2170.94,2177.18,0.65
2016-09-23,2171.7,2173.8,2163.97,2164.69,-0.57
2016-09-26,2155.3,2158.54,2145.0,2146.1,-0.86
2016-09-27,2143.6,2161.3,2140.8,2159.93,0.64
2016-09-28,2163.6,2172.5,2151.3,2171.37,0.53
2016-09-29,2168.6,2172.75,2144.8,2151.13,-0.93
2016-09-30,2161.3,2175.3,2156.51,2168.27,0.8
2016-10-03,2161.1,2164.41,2153.6,2161.2,-0.33
2016-10-04,2163.1,2165.46,2143.6,2150.49,-0.5
2016-10-05,2158.3,2164.7,2155.15,2159.73,0.43
2016-10-06,2156.8,2163.05,2149.8,2160.77,0.05
2016-10-07,2163.8,2165.86,2144.5,2153.74,-0.33
2016-10-10,2165.05,2170.1,2160.39,2163.66,0.46
2016-10-11,2159.65,2161.56,2128.35,2136.73,-1.24
2016-10-12,2137.6,2145.9,2132.77,2139.17,0.11
2016-10-13,2124.3,2138.8,2114.2,2132.55,-0.31
2016-10-14,2144.9,2149.9,2132.98,2132.98,0.02
2016-10-17,2133.2,2136.2,2124.3,2126.5,-0.3
2016-10-18,2145.2,2145.2,2135.4,2139.6,0.62
2016-10-19,2141.9,2148.44,2138.15,2144.29,0.22
2016-10-20,2139.05,2147.18,2132.3,2141.34,-0.14
2016-10-21,2131.0,2142.9,2129.7,2141.16,-0.01
2016-10-24,2152.45,2155.0,2146.65,2151.33,0.47
2016-10-25,2148.6,2151.7,2141.7,2143.16,-0.38
2016-10-26,2133.5,2146.1,2130.95,2139.43,-0.17
2016-10-27,2147.7,2148.2,2132.52,2133.04,-0.3
2016-10-28,2133.2,2141.6,2119.1,2126.41,-0.31
2016-10-31,2131.7,2133.7,2125.45,2126.15,-0.01
2016-11-01,2128.68,2131.5,2097.85,2111.72,-0.68
2016-11-02,2109.43,2111.76,2094.0,2097.94,-1.33
2016-11-03,2098.8,2102.4,2085.23,2088.66,-0.44
2016-11-04,2083.79,2099.07,2083.79,2085.18,-0.17
2016-11-07,2100.59,2132.0,2100.59,2131.52,2.22
2016-11-08,2129.92,2146.87,2123.61,2139.56,0.38
2016-11-09,2131.56,2170.1,2125.35,2163.26,1.11
2016-11-10,2167.49,2182.23,2125.35,2167.48,0.2
2016-11-11,2162.71,2165.92,2152.51,2164.45,-0.14
2016-11-14,2165.64,2171.36,2156.08,2164.2,-0.01
2016-11-15,2168.29,2180.84,2166.38,2180.39,0.75
2016-11-16,2177.53,2179.22,2172.2,2176.94,-0.16
2016-11-17,2178.61,2188.06,2176.65,2187.12,0.47
2016-11-18,2186.85,2189.89,2180.38,2181.9,-0.24
2016-11-21,2186.43,2198.7,2186.43,2198.18,0.75
2016-11-22,2201.56,2204.8,2202.94,2202.94,0.22
2016-11-23,2198.55,2204.8,2204.72,2204.72,0.08
2016-11-25,2206.27,2213.35,2195.02,2213.35,0.39
2016-11-28,2210.21,2211.14,2200.36,2201.72,-0.14
2016-11-29,2200.76,2210.46,2198.15,2204.66,0.0
2016-11-30,2204.97,2214.08,2198.81,2198.81,-0.27
2016-12-01,2200.17,2202.59,2187.44,2191.08,-0.35
2016-12-02,2191.12,2197.94,2187.44,2191.95,0.04
2016-12-05,2200.65,2209.42,2199.97,2204.71,0.58
2016-12-06,2207.26,2212.78,2202.21,2212.23,0.34
2016-12-07,2210.72,2241.63,2208.93,2241.35,1.32
2016-12-08,2241.13,2251.69,2237.57,2246.19,0.22
2016-12-09,2249.73,2259.8,2249.23,2259.53,0.59
2016-12-12,2258.83,2264.03,2252.37,2256.96,-0.11
2016-12-13,2263.32,2277.53,2263.32,2271.72,0.65
2016-12-14,2268.35,2276.2,2248.44,2253.28,-0.81
2016-12-15,2253.77,2272.12,2253.77,2262.03,0.39
2016-12-16,2266.81,2268.05,2254.24,2258.07,-0.18
2016-12-19,2259.24,2267.41,2258.28,2262.52,0.2
2016-12-20,2266.5,2272.56,2266.14,2270.76,0.36
2016-12-21,2270.54,2272.56,2265.15,2265.18,-0.25
2016-12-22,2262.93,2263.18,2256.08,2260.96,-0.19
2016-12-23,2260.25,2263.79,2258.84,2263.79,0.13
2016-12-27,2266.23,2273.82,2266.15,2268.88,0.22
2016-12-28,2270.23,2271.31,2249.11,2249.92,-0.84
2016-12-29,2249.5,2254.51,2244.56,2249.26,-0.03
2016-12-30,2251.61,2253.58,2233.62,2238.83,-0.46
2017-01-03,2251.57,2263.88,2245.13,2257.83,0.85
2017-01-04,2261.6,2272.82,2261.6,2270.75,0.57
2017-01-05,2268.18,2271.5,2260.45,2269.0,-0.08
2017-01-06,2271.14,2282.1,2264.06,2276.98,0.35
2017-01-09,2273.59,2275.49,2268.9,2268.9,-0.35
2017-01-10,2269.72,2279.27,2265.27,2268.9,0.0
2017-01-11,2268.6,2275.32,2260.83,2275.32,0.28
2017-01-12,2271.14,2275.32,2254.25,2270.42,-0.22
2017-01-13,2272.74,2278.68,2271.51,2274.64,0.18
2017-01-17,2269.14,2272.08,2262.81,2267.88,-0.3
2017-01-18,2269.14,2272.08,2263.35,2271.89,0.18
2017-01-19,2271.9,2274.33,2258.41,2263.69,-0.19
2017-01-20,2269.96,2276.93,2258.41,2271.32,0.34
2017-01-23,2267.78,2271.76,2257.03,2265.2,0.07
2017-01-24,2267.88,2284.63,2257.07,2280.08,0.66
2017-01-25,2288.88,2299.53,2266.7,2298.37,0.8
2017-01-26,2298.63,2300.99,2266.7,2296.68,-0.07
2017-01-27,2299.02,2300.99,2291.62,2294.69,-0.16
2017-01-30,2286.01,2300.99,2268.06,2280.89,-0.6
2017-01-31,2274.02,2279.09,2267.21,2278.87,-0.09
2017-02-01,2285.59,2289.14,2272.44,2279.55,0.03
2017-02-02,2276.69,2289.14,2271.65,2280.85,0.06
2017-02-03,2288.54,2298.31,2287.88,2297.42,0.73
2017-02-06,2294.28,2296.18,2288.57,2292.56,-0.21
2017-02-07,2295.87,2299.4,2290.16,2293.08,0.02
2017-02-08,2289.55,2295.91,2285.38,2294.67,0.07
2017-02-09,2296.7,2311.08,2296.61,2307.87,0.58
2017-02-10,2312.27,2319.23,2311.1,2316.1,0.36
2017-02-13,2322.1,2332.05,2321.42,2328.25,0.52
2017-02-14,2326.35,2338.15,2322.17,2337.58,0.93
2017-02-15,2334.3,2351.75,2334.0,2349.25,0.5
2017-02-16,2349.45,2351.75,2338.75,2347.22,-0.09
2017-02-17,2339.95,2351.16,2339.05,2351.16,0.0
2017-02-21,2355.25,2366.71,2351.16,2365.38,0.6
2017-02-22,2360.15,2365.38,2357.65,2362.82,-0.11
2017-02-23,2368.05,2368.26,2355.0,2363.81,0.04
2017-02-24,2353.55,2367.34,2352.87,2367.34,0.0
2017-02-27,2364.85,2371.65,2361.87,2369.75,0.1
2017-02-28,2365.35,2369.75,2358.65,2363.64,-0.26
2017-03-01,2382.65,2401.45,2363.64,2395.96,1.37
2017-03-02,2392.85,2395.96,2378.75,2381.92,-0.59
2017-03-03,2380.15,2383.95,2375.15,2383.12,0.05
2017-03-06,2372.45,2383.12,2367.98,2375.31,-0.33
2017-03-07,2371.75,2375.31,2365.25,2368.39,-0.29
2017-03-08,2370.75,2373.45,2361.01,2362.98,-0.23
2017-03-09,2363.5,2369.45,2354.45,2364.87,0.08
2017-03-10,2377.45,2377.45,2362.95,2372.6,0.33
2017-03-13,2372.25,2374.6,2368.52,2373.47,0.04
2017-03-14,2367.6,2373.47,2357.95,2365.45,-0.34
2017-03-15,2371.85,2390.15,2365.45,2385.26,0.84
2017-03-16,2387.35,2388.1,2376.95,2381.38,-0.16
2017-03-17,2383.85,2385.71,2377.35,2378.25,-0.13
2017-03-20,2376.15,2379.55,2369.35,2373.47,-0.2
2017-03-21,2380.95,2382.15,2341.85,2344.02,-1.24
2017-03-22,2343.7,2352.15,2336.45,2348.45,0.19
2017-03-23,2345.75,2359.3,2342.13,2345.96,-0.11
2017-03-24,2349.25,2356.22,2335.65,2343.98,-0.08
2017-03-27,2324.65,2345.05,2321.8,2341.59,-0.1
2017-03-28,2338.95,2364.0,2337.45,2358.57,0.73
2017-03-29,2355.25,2363.36,2352.45,2361.13,0.11
2017-03-30,2359.85,2370.42,2357.85,2368.06,0.29
2017-03-31,2364.85,2370.85,2362.55,2362.72,-0.23
2017-04-03,2363.55,2365.87,2344.0,2358.84,-0.16
2017-04-04,2354.65,2360.55,2350.65,2360.16,0.06
2017-04-05,2367.05,2378.36,2350.05,2352.95,-0.31
2017-04-06,2353.35,2364.16,2348.45,2357.49,0.19
2017-04-07,2356.15,2363.76,2350.3,2355.54,-0.08
2017-04-10,2357.05,2366.37,2350.95,2357.16,0.07
2017-04-11,2352.1,2357.16,2337.05,2353.78,-0.14
2017-04-12,2350.05,2353.78,2341.15,2344.93,-0.38
2017-04-13,2340.05,2348.35,2328.95,2328.95,-0.68
2017-04-17,2334.65,2349.65,2328.95,2349.01,0.86
2017-04-18,2340.75,2349.01,2334.05,2342.19,-0.29
2017-04-19,2348.35,2352.63,2335.05,2338.17,-0.17
2017-04-20,2344.75,2361.65,2338.17,2355.84,0.76
2017-04-21,2354.85,2356.18,2344.25,2348.69,-0.3
2017-04-24,2375.05,2377.35,2348.69,2374.15,1.08
2017-04-25,2382.15,2392.55,2374.15,2388.61,0.61
2017-04-26,2388.25,2398.16,2386.25,2387.45,-0.05
2017-04-27,2389.55,2392.1,2382.05,2388.77,0.06
2017-04-28,2391.65,2393.68,2382.35,2384.2,-0.19
2017-05-01,2389.4,2394.49,2384.2,2388.33,0.17
2017-05-02,2391.55,2392.93,2385.75,2391.17,0.12
2017-05-03,2385.25,2391.17,2379.55,2388.13,-0.13
2017-05-04,2390.7,2391.45,2380.15,2389.52,0.06
2017-05-05,2393.65,2399.29,2389.05,2399.29,0.41
2017-05-08,2399.35,2401.36,2393.75,2399.38,0.0
2017-05-09,2401.45,2403.87,2392.44,2396.92,-0.1
2017-05-10,2394.65,2399.74,2392.55,2399.63,0.11
2017-05-11,2393.45,2399.63,2381.45,2394.44,-0.22
2017-05-12,2390.65,2394.44,2387.15,2390.9,-0.15
2017-05-15,2394.75,2404.55,2390.9,2402.32,0.48
2017-05-16,2405.35,2406.25,2395.65,2400.67,-0.07
2017-05-17,2379.65,2400.67,2356.05,2357.03,-1.82
2017-05-18,2355.05,2376.25,2352.72,2365.72,0.37
2017-05-19,2371.95,2389.06,2365.72,2381.73,0.68
2017-05-22,2386.55,2395.55,2381.73,2394.02,0.52
2017-05-23,2397.75,2400.85,2393.65,2398.42,0.18
2017-05-24,2401.85,2405.58,2397.65,2404.39,0.25
2017-05-25,2409.95,2418.71,2404.39,2415.07,0.44
2017-05-26,2412.85,2416.68,2412.15,2415.82,0.03
2017-05-30,2410.65,2415.82,2409.05,2412.91,-0.12
2017-05-31,2415.85,2415.99,2403.55,2411.8,-0.05
2017-06-01,2416.75,2430.4,2411.8,2430.06,0.76
2017-06-02,2431.55,2440.23,2427.71,2439.07,0.37
2017-06-05,2436.35,2439.55,2434.15,2436.1,-0.12
2017-06-06,2429.7,2436.21,2427.85,2429.33,-0.28
2017-06-07,2432.75,2435.28,2424.55,2433.14,0.16
2017-06-08,2433.75,2439.27,2427.94,2433.79,0.03
2017-06-09,2436.85,2446.25,2415.7,2431.77,-0.08
2017-06-12,2427.15,2431.77,2419.65,2429.39,-0.1
2017-06-13,2434.35,2441.49,2429.39,2440.35,0.45
2017-06-14,2444.55,2444.75,2428.34,2437.92,-0.1
2017-06-15,2422.25,2437.92,2418.53,2432.46,-0.22
2017-06-16,2434.15,2434.15,2422.15,2433.15,0.03
2017-06-19,2442.25,2453.82,2433.15,2453.46,0.83
2017-06-20,2448.75,2453.46,2436.6,2437.03,-0.67
2017-06-21,2440.85,2442.35,2430.35,2435.61,-0.06
2017-06-22,2435.75,2441.62,2432.65,2434.5,-0.05
2017-06-23,2435.85,2441.55,2431.11,2438.3,0.16
2017-06-26,2445.2,2450.42,2436.85,2439.07,0.03
2017-06-27,2435.65,2440.15,2419.38,2419.38,-0.81
2017-06-28,2430.05,2442.97,2419.38,2440.69,0.88
2017-06-29,2441.45,2442.75,2404.85,2419.7,-0.86
2017-06-30,2427.25,2432.71,2419.7,2423.41,0.15
2017-07-03,2433.55,2439.17,2423.41,2429.01,0.23
2017-07-05,2430.45,2434.9,2421.15,2432.54,0.15
2017-07-06,2421.65,2432.54,2406.55,2409.75,-0.94
2017-07-07,2415.92,2427.18,2409.75,2425.18,0.64
2017-07-10,2423.55,2432.2,2421.65,2427.43,0.09
2017-07-11,2425.85,2429.45,2412.79,2425.53,-0.08
2017-07-12,2437.35,2445.76,2425.53,2443.25,0.73
2017-07-13,2444.12,2449.32,2441.12,2447.83,0.19
2017-07-14,2448.08,2463.54,2446.58,2459.27,0.47
2017-07-17,2458.05,2463.08,2456.85,2459.14,-0.01
2017-07-18,2454.45,2461.08,2450.05,2460.61,0.06
2017-07-19,2464.12,2473.83,2463.25,2473.83,0.59
2017-07-20,2475.55,2477.62,2467.45,2473.45,-0.02
2017-07-21,2467.35,2473.45,2464.55,2472.54,-0.04
2017-07-24,2470.55,2473.1,2465.25,2469.91,-0.11
2017-07-25,2480.18,2481.24,2469.91,2477.08,0.29
2017-07-26,2479.95,2481.69,2473.45,2477.83,0.03
2017-07-27,2482.42,2484.04,2459.92,2475.42,-0.1
2017-07-28,2469.68,2475.42,2464.66,2472.1,-0.13
2017-07-31,2476.52,2477.96,2468.28,2470.3,-0.07
2017-08-01,2477.62,2478.51,2470.3,2476.35,0.24
2017-08-02,2477.88,2480.38,2466.38,2477.57,0.05
2017-08-03,2475.72,2477.57,2468.72,2472.16,-0.22
2017-08-04,2477.72,2480.22,2471.98,2476.83,0.19
2017-08-07,2476.98,2480.95,2475.72,2480.91,0.16
2017-08-08,2476.42,2490.87,2469.92,2474.92,-0.24
2017-08-09,2465.38,2474.92,2461.62,2474.02,-0.04
2017-08-10,2461.38,2474.02,2436.88,2438.21,-1.45
2017-08-11,2439.52,2448.09,2437.02,2441.32,0.13
2017-08-14,2455.02,2468.28,2441.32,2465.66,1.0
2017-08-15,2469.62,2469.88,2461.61,2464.61,-0.05
2017-08-16,2469.38,2474.93,2463.62,2468.11,0.14
2017-08-17,2461.78,2468.11,2430.01,2430.01,-1.54
2017-08-18,2427.52,2440.28,2420.52,2425.55,-0.18
2017-08-21,2425.02,2430.58,2417.02,2428.37,0.12
2017-08-22,2433.92,2455.18,2428.37,2452.51,0.99
2017-08-23,2441.48,2452.51,2440.72,2444.04,-0.35
2017-08-24,2448.32,2450.39,2436.08,2438.97,-0.21
2017-08-25,2447.38,2454.38,2438.97,2443.05,0.17
2017-08-28,2449.02,2450.02,2439.02,2444.24,0.05
2017-08-29,2428.12,2449.19,2427.38,2446.3,0.08
2017-08-30,2445.08,2460.31,2443.08,2457.59,0.46
2017-08-31,2464.38,2475.12,2457.59,2471.65,0.57
2017-09-01,2477.12,2480.62,2471.65,2476.55,0.2
2017-09-05,2470.12,2476.55,2446.55,2457.85,-0.76
2017-09-06,2465.88,2469.64,2457.85,2465.54,0.31
2017-09-07,2468.08,2468.62,2459.82,2465.1,-0.02
2017-09-08,2460.32,2467.11,2458.82,2461.43,-0.15
2017-09-11,2477.08,2489.38,2461.43,2488.11,1.08
2017-09-12,2492.38,2496.77,2488.11,2496.48,0.34
2017-09-13,2492.62,2498.37,2491.38,2498.37,0.08
2017-09-14,2493.38,2498.43,2491.12,2495.62,-0.11
2017-09-15,2493.62,2500.23,2492.12,2500.23,0.18
2017-09-18,2503.12,2508.32,2499.92,2503.87,0.15
2017-09-19,2506.48,2507.88,2503.19,2506.65,0.11
2017-09-20,2507.88,2509.12,2496.62,2508.24,0.06
2017-09-21,2505.88,2508.24,2498.88,2500.6,-0.3
2017-09-22,2497.18,2503.47,2496.54,2502.22,0.06
2017-09-25,2497.98,2502.54,2487.22,2496.66,-0.22
2017-09-26,2501.22,2503.72,2494.98,2496.84,0.01
2017-09-27,2506.22,2511.75,2495.72,2507.04,0.41
2017-09-28,2503.62,2510.92,2502.12,2510.06,0.12
2017-09-29,2509.42,2519.44,2507.92,2519.36,0.37
2017-10-02,2520.92,2529.23,2519.36,2529.12,0.39
2017-10-03,2530.42,2535.13,2528.48,2534.58,0.22
2017-10-04,2532.78,2540.53,2531.52,2537.74,0.12
2017-10-05,2539.98,2552.51,2537.74,2552.07,0.56
2017-10-06,2545.92,2552.07,2543.52,2549.33,-0.11
2017-10-09,2550.78,2551.82,2541.58,2544.73,-0.18
2017-10-10,2550.82,2555.32,2544.73,2550.64,0.23
2017-10-11,2550.12,2555.24,2547.95,2555.24,0.18
2017-10-12,2550.42,2555.33,2548.28,2550.93,-0.17
2017-10-13,2555.78,2557.65,2550.93,2553.17,0.09
2017-10-16,2556.98,2559.48,2552.64,2557.64,0.18
2017-10-17,2557.02,2559.71,2554.28,2559.36,0.07
2017-10-18,2562.92,2564.18,2559.18,2561.26,0.07
2017-10-19,2551.98,2562.36,2547.72,2562.1,0.03
2017-10-20,2570.88,2575.44,2562.1,2575.21,0.51
2017-10-23,2578.18,2578.29,2564.33,2564.98,-0.4
2017-10-24,2569.92,2572.42,2564.98,2569.13,0.16
2017-10-25,2566.68,2569.13,2543.92,2557.15,-0.47
2017-10-26,2564.68,2567.07,2557.15,2560.4,0.13
2017-10-27,2568.92,2583.22,2560.4,2581.07,0.81
2017-10-30,2574.78,2581.07,2568.02,2572.83,-0.32
2017-10-31,2575.18,2578.29,2571.42,2575.26,0.09
2017-11-01,2584.22,2588.4,2574.78,2579.36,0.16
2017-11-02,2577.72,2581.11,2565.22,2579.85,0.02
2017-11-06,2585.92,2593.38,2585.18,2591.13,0.13
2017-11-07,2593.28,2597.02,2584.28,2590.64,-0.02
2017-11-08,2587.52,2595.68,2585.02,2594.38,0.14
2017-11-09,2580.22,2594.38,2566.28,2584.62,-0.38
2017-11-10,2579.12,2584.62,2575.38,2582.3,-0.09
2017-11-13,2575.52,2587.66,2574.28,2584.84,0.1
2017-11-14,2575.18,2584.84,2566.42,2578.87,-0.23
2017-11-15,2569.45,2572.84,2557.08,2564.62,-0.55
2017-11-16,2572.95,2590.09,2572.95,2585.64,0.82
2017-11-17,2582.94,2583.96,2577.62,2578.85,-0.26
2017-11-20,2579.9,2584.64,2578.18,2582.14,0.13
2017-11-21,2590.3,2601.19,2582.14,2599.03,0.65
2017-11-22,2600.46,2600.94,2595.23,2597.08,-0.08
2017-11-24,2600.42,2604.28,2597.08,2602.42,0.21
2017-11-27,2603.22,2606.48,2598.87,2601.42,-0.04
2017-11-28,2606.28,2627.69,2601.42,2627.04,0.98
2017-11-29,2628.78,2634.89,2620.32,2626.07,-0.04
2017-11-30,2635.52,2657.82,2626.07,2647.58,0.82
2017-12-01,2645.32,2650.62,2604.82,2642.22,-0.2
2017-12-04,2660.32,2665.19,2639.03,2639.44,-0.11
2017-12-05,2641.48,2648.72,2627.72,2629.57,-0.37
2017-12-06,2625.85,2634.48,2624.75,2629.27,-0.01
2017-12-07,2627.82,2640.99,2626.32,2636.98,0.29
2017-12-08,2646.68,2652.02,2636.98,2651.5,0.55
2017-12-11,2652.32,2660.33,2651.47,2659.99,0.32
2017-12-12,2662.15,2669.72,2659.78,2664.11,0.15
2017-12-13,2666.62,2671.92,2662.85,2662.85,-0.05
2017-12-14,2666.18,2668.09,2651.78,2652.01,-0.41
2017-12-15,2663.68,2680.22,2652.01,2675.81,0.9
2017-12-18,2690.38,2695.38,2675.81,2690.16,0.54
2017-12-19,2693.98,2694.44,2680.28,2681.47,-0.32
2017-12-20,2689.54,2691.38,2675.72,2679.25,-0.08
2017-12-21,2685.48,2692.64,2679.25,2684.57,0.2
2017-12-22,2684.53,2685.48,2678.13,2683.34,-0.05
2017-12-26,2678.55,2684.28,2677.96,2680.5,-0.11
2017-12-27,2682.18,2685.64,2678.91,2682.62,0.08
2017-12-28,2686.42,2687.66,2679.38,2687.54,0.18
2017-12-29,2690.54,2692.42,2673.61,2673.61,-0.52
2018-01-02,2684.79,2695.89,2673.61,2695.81,0.83
2018-01-03,2697.22,2714.52,2695.81,2713.06,0.64
2018-01-04,2718.42,2729.29,2713.06,2723.99,0.4
2018-01-05,2732.18,2743.58,2723.99,2743.15,0.7
2018-01-08,2742.67,2748.51,2737.6,2747.71,0.17
2018-01-09,2751.4,2759.14,2747.71,2751.29,0.13
2018-01-10,2744.46,2751.29,2736.06,2748.23,-0.11
2018-01-11,2753.43,2767.56,2748.23,2767.56,0.7
2018-01-12,2770.57,2787.85,2767.56,2786.24,0.67
2018-01-16,2799.68,2807.68,2768.64,2776.42,-0.35
2018-01-17,2787.82,2807.38,2776.42,2802.56,0.94
2018-01-18,2799.82,2805.83,2792.18,2798.03,-0.16
2018-01-19,2805.08,2810.68,2797.92,2810.3,0.44
2018-01-22,2808.18,2833.03,2807.92,2832.97,0.81
2018-01-23,2833.58,2842.62,2830.58,2839.13,0.22
2018-01-24,2846.88,2853.12,2824.08,2837.54,-0.06
2018-01-25,2847.58,2848.56,2830.52,2839.25,0.06
2018-01-26,2849.68,2872.87,2839.25,2872.87,1.18
2018-01-29,2865.08,2872.87,2851.48,2853.53,-0.67
2018-01-30,2830.02,2853.53,2818.27,2822.43,-1.09
2018-01-31,2833.98,2839.26,2812.52,2823.81,0.05
2018-02-01,2814.68,2835.96,2812.62,2821.98,-0.06
2018-02-02,2804.18,2821.98,2759.02,2762.13,-2.12
2018-02-05,2738.52,2763.39,2636.98,2648.94,-4.1
2018-02-06,2597.92,2702.38,2590.18,2695.14,1.74
2018-02-07,2687.78,2728.62,2681.33,2681.66,-0.5
2018-02-08,2683.48,2685.27,2580.56,2581.0,-3.75
2018-02-09,2611.85,2639.18,2532.42,2619.55,1.49
2018-02-12,2641.58,2673.38,2619.55,2656.0,1.39
2018-02-13,2641.92,2669.18,2636.18,2662.94,0.26
2018-02-14,2647.12,2702.82,2646.38,2698.63,1.34
2018-02-15,2717.48,2731.51,2689.22,2731.2,1.21
2018-02-16,2725.18,2754.92,2725.11,2732.22,0.04
2018-02-20,2721.68,2737.62,2706.12,2716.26,-0.58
2018-02-21,2719.62,2747.75,2701.12,2701.33,-0.55
2018-02-22,2712.42,2731.26,2697.48,2703.96,0.1
2018-02-23,2719.52,2747.76,2703.96,2747.3,1.6
2018-02-26,2760.38,2780.88,2747.3,2779.6,1.18
2018-02-27,2781.98,2789.42,2743.92,2744.28,-1.27
2018-02-28,2756.98,2761.52,2713.22,2713.83,-1.11
2018-03-01,2713.08,2730.89,2659.18,2677.67,-1.33
2018-03-02,2656.48,2696.25,2647.22,2691.25,0.51
2018-03-05,2675.42,2728.32,2675.42,2720.94,1.1
2018-03-06,2732.58,2732.58,2711.18,2728.12,0.26
2018-03-07,2702.18,2730.88,2701.74,2726.8,-0.05
2018-03-08,2733.82,2740.62,2722.65,2738.97,0.45
2018-03-09,2756.38,2786.88,2738.97,2786.57,1.74
2018-03-12,2789.98,2797.22,2778.98,2783.02,-0.13
2018-03-13,2795.88,2802.12,2757.88,2765.31,-0.64
2018-03-14,2775.38,2777.38,2744.12,2749.48,-0.57
2018-03-15,2756.12,2763.03,2741.47,2747.33,-0.08
2018-03-16,2753.92,2761.85,2747.33,2752.01,0.17
2018-03-19,2739.18,2752.01,2693.38,2712.92,-1.42
2018-03-20,2717.58,2724.32,2709.88,2716.94,0.15
2018-03-21,2715.58,2739.5,2709.55,2711.93,-0.18
2018-03-22,2684.45,2711.93,2640.38,2643.69,-2.52
2018-03-23,2648.48,2657.67,2585.38,2588.26,-2.1
2018-03-26,2630.35,2662.12,2588.26,2658.55,2.72
2018-03-27,2669.88,2675.48,2596.07,2612.62,-1.73
2018-03-28,2614.35,2633.06,2592.62,2605.0,-0.29
2018-03-29,2616.52,2659.72,2609.02,2641.53,1.4
2018-04-02,2632.37,2640.87,2553.53,2581.88,-2.23
2018-04-03,2594.12,2619.92,2575.12,2614.45,1.26
2018-04-04,2572.38,2650.82,2572.38,2644.69,1.16
2018-04-05,2659.78,2672.62,2644.69,2662.84,0.69
2018-04-06,2639.88,2662.84,2585.68,2604.47,-2.19
2018-04-09,2619.4,2653.55,2604.47,2613.16,0.33
2018-04-10,2649.88,2665.88,2613.16,2656.87,1.67
2018-04-11,2638.63,2661.62,2638.63,2642.19,-0.55
2018-04-12,2657.48,2675.08,2642.19,2663.99,0.83
2018-04-13,2678.65,2680.26,2645.05,2656.3,-0.29
2018-04-16,2675.69,2686.49,2656.3,2677.84,0.81
2018-04-17,2695.53,2713.34,2677.84,2706.39,1.07
2018-04-18,2709.99,2717.68,2703.63,2708.64,0.08
2018-04-19,2700.5,2708.64,2681.78,2693.13,-0.57
2018-04-20,2692.78,2694.52,2660.12,2670.14,-0.85
2018-04-23,2677.38,2683.0,2657.99,2670.29,0.01
2018-04-24,2680.98,2683.98,2616.88,2634.56,-1.34
2018-04-25,2633.33,2645.3,2612.12,2639.4,0.18
2018-04-26,2651.99,2676.88,2639.4,2666.94,1.04
2018-04-27,2675.23,2677.35,2659.01,2669.91,0.11
2018-04-30,2676.53,2683.06,2648.04,2648.05,-0.82
2018-05-01,2642.78,2655.27,2625.35,2654.8,0.25
2018-05-02,2652.01,2660.87,2631.55,2635.67,-0.72
2018-05-03,2625.16,2637.62,2594.62,2629.73,-0.23
2018-05-04,2621.13,2670.93,2614.51,2663.42,1.28
2018-05-07,2670.31,2683.35,2663.42,2672.63,0.35
2018-05-08,2668.68,2676.8,2654.88,2671.92,-0.03
2018-05-09,2678.85,2701.88,2671.92,2697.79,0.97
2018-05-10,2705.02,2726.11,2697.79,2723.07,0.94
2018-05-11,2722.87,2732.86,2717.45,2727.72,0.17
2018-05-14,2734.14,2742.1,2725.47,2730.13,0.09
2018-05-15,2716.9,2730.13,2701.8,2711.45,-0.68
2018-05-16,2712.64,2727.76,2711.45,2722.46,0.41
2018-05-17,2719.44,2732.08,2711.36,2720.13,-0.09
2018-05-18,2716.38,2720.13,2709.18,2712.97,-0.26
2018-05-21,2729.32,2739.27,2712.97,2733.01,0.74
2018-05-22,2739.68,2742.24,2721.88,2724.44,-0.31
2018-05-23,2711.79,2733.33,2709.38,2733.29,0.32
2018-05-24,2727.38,2733.29,2707.19,2727.76,-0.2
2018-05-25,2721.18,2727.76,2714.81,2721.33,-0.24
2018-05-29,2701.38,2721.33,2676.59,2689.86,-1.16
2018-05-30,2704.67,2729.88,2689.86,2724.01,1.27
2018-05-31,2717.22,2724.01,2700.28,2705.27,-0.69
2018-06-01,2721.68,2737.22,2705.27,2734.62,1.08
2018-06-04,2742.17,2749.72,2734.62,2746.87,0.45
2018-06-05,2748.01,2752.61,2739.32,2748.8,0.07
2018-06-06,2755.71,2772.39,2748.42,2772.35,0.86
2018-06-07,2776.62,2779.9,2760.16,2770.37,-0.07
2018-06-08,2765.92,2779.42,2763.59,2779.03,0.31
2018-06-11,2781.51,2791.02,2779.03,2782.0,0.11
2018-06-12,2786.92,2789.8,2778.76,2786.85,0.17
2018-06-13,2788.35,2791.88,2774.65,2775.63,-0.4
2018-06-14,2784.71,2789.38,2775.63,2782.49,0.25
2018-06-15,2774.15,2782.81,2761.36,2779.66,-0.1
2018-06-18,2761.68,2779.66,2756.89,2773.75,-0.21
2018-06-19,2747.58,2773.75,2743.01,2762.59,-0.4
2018-06-20,2771.12,2775.38,2762.59,2767.32,0.17
2018-06-21,2766.32,2769.28,2744.18,2749.76,-0.63
2018-06-22,2764.78,2765.47,2749.76,2754.88,0.19
2018-06-25,2741.33,2754.88,2697.82,2717.07,-1.37
2018-06-26,2723.69,2733.02,2715.56,2723.06,0.22
2018-06-27,2730.25,2746.18,2699.38,2699.63,-0.86
2018-06-28,2699.43,2724.42,2691.99,2716.31,0.62
2018-06-29,2728.23,2743.26,2716.31,2718.37,0.08
2018-07-02,2701.54,2727.26,2698.92,2726.71,0.31
2018-07-03,2733.27,2736.71,2711.13,2713.22,-0.49
2018-07-05,2729.07,2738.07,2713.22,2736.61,0.86
2018-07-06,2736.98,2764.68,2733.49,2759.82,0.85
2018-07-09,2771.88,2784.78,2759.82,2784.17,0.88
2018-07-10,2790.28,2795.58,2784.17,2793.84,0.35
2018-07-11,2775.88,2793.84,2770.48,2774.02,-0.71
2018-07-12,2787.88,2799.25,2774.02,2798.29,0.87
2018-07-13,2796.88,2804.62,2791.69,2801.31,0.11
2018-07-16,2801.92,2803.71,2793.39,2798.43,-0.1
2018-07-17,2789.82,2814.42,2789.24,2809.55,0.4
2018-07-18,2810.42,2816.85,2805.77,2815.62,0.22
2018-07-19,2806.52,2815.62,2799.08,2804.49,-0.4
2018-07-20,2802.26,2809.76,2800.01,2801.83,-0.09
2018-07-23,2800.06,2808.61,2795.14,2806.98,0.18
2018-07-24,2822.72,2830.22,2806.98,2820.4,0.48
2018-07-25,2818.12,2848.38,2817.38,2846.07,0.91
2018-07-26,2835.38,2846.07,2835.12,2837.44,-0.3
2018-07-27,2842.01,2843.17,2808.08,2818.82,-0.66
2018-07-30,2819.12,2821.74,2798.11,2802.6,-0.58
2018-07-31,2812.78,2824.5,2802.6,2816.29,0.49
2018-08-01,2819.48,2825.83,2805.62,2813.36,-0.1
2018-08-02,2796.58,2829.91,2794.82,2827.22,0.49
2018-08-03,2830.12,2840.42,2827.22,2840.35,0.46
2018-08-06,2838.88,2853.37,2835.81,2850.4,0.35
2018-08-07,2857.18,2863.91,2850.4,2858.45,0.28
2018-08-08,2857.08,2862.48,2853.09,2857.7,-0.03
2018-08-09,2857.3,2862.48,2851.9,2853.58,-0.14
2018-08-10,2835.49,2853.58,2825.42,2833.28,-0.71
2018-08-13,2836.53,2843.4,2819.76,2821.93,-0.4
2018-08-14,2831.12,2843.11,2821.93,2839.96,0.64
2018-08-15,2824.08,2839.96,2802.49,2818.37,-0.76
2018-08-17,2838.52,2855.87,2833.73,2850.13,0.33
2018-08-20,2855.38,2859.76,2850.13,2857.05,0.24
2018-08-21,2862.71,2873.23,2857.05,2862.96,0.21
2018-08-22,2859.58,2867.54,2855.82,2861.82,-0.04
2018-08-23,2858.82,2868.88,2854.03,2856.98,-0.17
2018-08-24,2864.38,2876.62,2856.98,2874.69,0.62
2018-08-27,2887.89,2898.34,2874.69,2896.74,0.77
2018-08-28,2902.35,2903.77,2893.5,2897.52,0.03
2018-08-29,2901.48,2916.62,2897.52,2914.04,0.57
2018-08-30,2907.38,2914.04,2895.12,2901.13,-0.44
2018-08-31,2897.29,2906.52,2891.28,2901.52,0.01
2018-09-04,2896.61,2901.52,2884.82,2896.72,-0.17
2018-09-05,2891.64,2896.72,2876.92,2888.6,-0.28
2018-09-06,2887.82,2892.05,2867.28,2878.05,-0.37
2018-09-07,2866.66,2883.82,2864.12,2871.68,-0.22
2018-09-10,2884.15,2887.52,2871.68,2877.13,0.19
2018-09-11,2869.82,2892.52,2866.78,2887.89,0.37
2018-09-12,2886.85,2894.65,2879.2,2888.92,0.04
2018-09-13,2898.38,2906.76,2888.92,2904.18,0.53
2018-09-14,2906.31,2908.38,2895.77,2904.98,0.03
2018-09-17,2903.02,2904.98,2886.16,2888.8,-0.56
2018-09-18,2891.42,2911.17,2888.8,2904.31,0.54
2018-09-19,2905.2,2912.36,2903.82,2907.95,0.13
2018-09-20,2921.82,2934.8,2907.95,2930.75,0.78
2018-09-21,2938.92,2940.91,2927.11,2929.67,-0.04
2018-09-24,2921.62,2929.67,2912.63,2919.37,-0.35
2018-09-25,2923.98,2924.62,2913.18,2915.56,-0.13
2018-09-26,2916.92,2931.15,2903.28,2905.97,-0.33
2018-09-27,2912.63,2927.22,2905.97,2914.0,0.28
2018-09-28,2907.29,2920.56,2907.29,2913.98,0.0
2018-10-01,2930.06,2937.31,2913.98,2924.59,0.36
2018-10-02,2923.22,2931.42,2919.28,2923.43,-0.04
2018-10-03,2934.88,2940.05,2921.22,2925.51,0.07
2018-10-04,2918.42,2925.51,2883.62,2901.61,-0.82
2018-10-05,2903.22,2909.93,2869.18,2885.57,-0.55
2018-10-08,2877.49,2889.52,2862.08,2884.43,-0.04
2018-10-09,2879.69,2894.83,2874.12,2880.34,-0.14
2018-10-10,2873.99,2880.34,2784.86,2785.68,-3.29
2018-10-11,2774.02,2795.14,2709.38,2728.37,-2.06
2018-10-12,2774.18,2775.81,2728.37,2767.13,1.42
2018-10-15,2762.77,2775.99,2748.78,2750.79,-0.59
2018-10-16,2771.42,2813.68,2750.79,2809.92,2.15
2018-10-17,2809.6,2817.08,2781.58,2809.21,-0.03
2018-10-18,2798.55,2809.21,2755.08,2768.78,-1.44
2018-10-19,2777.01,2799.12,2760.27,2767.78,-0.04
2018-10-22,2775.62,2778.94,2749.18,2755.88,-0.43
2018-10-23,2713.17,2755.88,2691.02,2740.69,-0.55
2018-10-24,2736.77,2742.59,2651.88,2656.1,-3.09
2018-10-25,2677.62,2723.38,2656.1,2705.57,1.86
2018-10-26,2662.73,2705.57,2627.93,2658.69,-1.73
2018-10-29,2692.87,2707.18,2603.54,2641.25,-0.66
2018-10-30,2640.72,2685.88,2635.34,2682.63,1.57
2018-10-31,2711.27,2737.12,2682.63,2711.74,1.09
2018-11-01,2721.12,2741.68,2708.38,2740.37,1.06
2018-11-02,2751.31,2756.62,2700.38,2723.06,-0.63
2018-11-05,2728.61,2744.5,2717.94,2738.31,0.56
2018-11-06,2737.68,2756.92,2736.93,2755.45,0.63
2018-11-07,2779.67,2815.58,2755.45,2813.89,2.12
2018-11-08,2804.67,2814.94,2794.99,2806.83,-0.25
2018-11-09,2792.07,2806.83,2763.98,2781.01,-0.92
2018-11-12,2774.08,2781.01,2722.0,2726.22,-1.97
2018-11-13,2732.08,2754.97,2714.62,2722.18,-0.15
2018-11-14,2743.34,2747.04,2685.75,2701.58,-0.76
2018-11-15,2688.31,2735.82,2670.75,2730.2,1.06
2018-11-16,2717.88,2746.88,2712.16,2736.27,0.22
2018-11-19,2729.25,2736.27,2680.88,2690.73,-1.66
2018-11-20,2650.52,2690.73,2631.12,2641.89,-1.82
2018-11-21,2656.62,2670.73,2641.89,2649.93,0.3
2018-11-23,2633.36,2649.93,2630.12,2632.56,-0.66
2018-11-26,2658.62,2674.38,2632.56,2673.45,1.55
2018-11-27,2661.63,2682.62,2655.89,2682.2,0.33
2018-11-28,2695.37,2744.88,2682.17,2743.78,2.3
2018-11-29,2735.37,2753.88,2722.94,2737.76,-0.22
2018-11-30,2736.38,2760.88,2732.38,2760.17,0.82
2018-12-03,2801.52,2801.52,2760.17,2790.37,1.09
2018-12-04,2782.52,2790.37,2697.08,2700.06,-3.24
2018-12-05,2782.52,2790.37,2697.08,2700.06,-3.24
2018-12-06,2655.08,2700.06,2621.53,2695.95,-0.15
2018-12-07,2692.78,2708.72,2622.82,2633.08,-2.33
2018-12-10,2630.86,2647.51,2583.23,2637.72,0.18
2018-12-11,2668.26,2674.35,2621.3,2636.78,-0.04
2018-12-12,2662.53,2685.44,2636.78,2651.07,0.54
2018-12-13,2660.68,2670.19,2636.88,2650.54,-1.73
2018-12-14,2624.45,2650.54,2593.84,2599.95,-1.91
2018-12-17,2588.12,2601.26,2530.12,2545.94,-2.08
2018-12-18,2566.62,2574.0,2527.62,2546.16,0.01
2018-12-19,2546.03,2585.38,2488.28,2506.96,-1.54
2018-12-20,2492.47,2510.18,2440.68,2467.42,-1.58
2018-12-21,2475.91,2505.62,2408.12,2416.58,-2.06
2018-12-24,2400.56,2416.62,2350.92,2351.1,-2.71
2018-12-26,2369.0,2467.88,2346.12,2467.7,4.96
2018-12-27,2434.2,2489.88,2397.94,2488.83,0.86
2018-12-28,2504.58,2520.34,2472.62,2485.74,-0.12
2018-12-31,2501.72,2509.24,2482.68,2506.85,0.85
2019-01-02,2467.68,2520.32,2466.68,2510.03,0.13
2019-01-03,2489.62,2510.03,2443.84,2447.89,-2.48
2019-01-04,2482.92,2538.68,2447.89,2531.94,3.43
2019-01-07,2535.16,2566.62,2524.56,2549.69,0.7
2019-01-08,2575.78,2580.16,2547.38,2574.41,0.97
2019-01-09,2583.68,2595.68,2568.89,2584.96,0.41
2019-01-10,2569.45,2598.42,2561.82,2596.64,0.45
2019-01-11,2584.02,2596.64,2576.92,2596.26,-0.01
2019-01-14,2574.29,2596.26,2570.41,2582.61,-0.53
2019-01-15,2584.52,2613.52,2582.61,2610.3,1.07
2019-01-16,2614.78,2626.02,2610.3,2616.1,0.22
2019-01-17,2606.12,2645.38,2605.18,2635.96,0.76
2019-01-18,2656.38,2675.62,2635.96,2670.71,1.32
2019-01-22,2653.91,2670.71,2617.08,2632.9,-1.42
2019-01-23,2646.38,2653.32,2612.72,2638.7,0.22
2019-01-24,2637.52,2647.82,2626.84,2642.33,0.14
2019-01-25,2661.92,2672.38,2642.33,2664.76,0.85
2019-01-28,2644.97,2664.76,2623.82,2643.85,-0.78
2019-01-29,2645.18,2651.24,2631.05,2640.0,-0.15
2019-01-30,2655.34,2691.12,2640.0,2681.05,1.55
2019-01-31,2684.26,2709.15,2677.33,2704.1,0.86
2019-02-01,2703.97,2716.66,2696.88,2706.53,0.09
2019-02-04,2706.18,2724.99,2698.75,2724.87,0.68
2019-02-05,2727.69,2738.98,2724.03,2737.7,0.47
2019-02-06,2735.05,2738.08,2724.15,2731.61,-0.22
2019-02-07,2717.53,2731.61,2687.26,2706.05,-0.94
2019-02-08,2691.65,2708.07,2681.83,2707.88,0.07
2019-02-11,2713.57,2718.05,2703.79,2709.8,0.07
2019-02-12,2724.44,2748.19,2709.8,2744.73,1.29
2019-02-13,2751.12,2761.85,2744.73,2753.03,0.3
2019-02-14,2743.04,2757.9,2731.23,2745.73,-0.27
2019-02-15,2760.24,2775.66,2745.73,2775.6,1.09
2019-02-19,2769.28,2787.33,2766.98,2779.76,0.15
2019-02-20,2779.05,2789.88,2774.06,2784.7,0.18
2019-02-21,2780.15,2784.7,2764.55,2774.88,-0.35
2019-02-22,2780.67,2794.2,2774.88,2792.67,0.64
2019-02-25,2805.95,2813.49,2792.67,2796.11,0.12
2019-02-26,2792.36,2803.12,2789.47,2793.9,-0.08
2019-02-27,2787.78,2795.76,2775.13,2792.38,-0.05
2019-02-28,2787.49,2793.73,2782.51,2784.49,-0.28
2019-03-01,2800.17,2808.02,2784.49,2803.69,0.69
2019-03-04,2814.37,2816.88,2767.66,2792.81,-0.39
2019-03-05,2794.5,2796.44,2782.97,2789.65,-0.11
2019-03-06,2789.66,2790.27,2768.69,2771.45,-0.65
2019-03-07,2766.53,2771.45,2739.09,2748.93,-0.81
2019-03-08,2655.34,2748.93,2722.27,2743.07,-0.21
2019-03-11,2748.59,2784.0,2743.07,2783.3,1.47
2019-03-12,2786.73,2798.32,2783.3,2791.52,0.3
2019-03-13,2791.52,2821.24,2791.52,2810.92,0.69
2019-03-14,2810.38,2821.24,2799.78,2808.48,-0.09
2019-03-15,2812.72,2830.73,2808.48,2822.48,0.5
2019-03-18,2822.61,2835.41,2821.99,2832.94,0.37
2019-03-19,2841.72,2852.42,2823.27,2832.57,-0.01
2019-03-20,2831.34,2843.54,2812.43,2824.23,-0.29
2019-03-21,2818.56,2860.31,2817.38,2854.88,1.09
2019-03-22,2842.2,2854.88,2800.47,2800.71,-1.9
2019-03-25,2796.05,2809.79,2785.02,2798.36,-0.08
2019-03-26,2814.65,2829.88,2798.36,2818.46,0.72
2019-03-27,2819.69,2825.56,2787.72,2805.37,-0.46
2019-03-28,2809.82,2819.71,2798.77,2815.44,0.36
2019-03-29,2830.94,2836.03,2815.44,2834.4,0.67
2019-04-01,2848.63,2869.4,2834.4,2867.19,1.16
2019-04-02,2868.09,2872.9,2858.75,2867.24,0.0
2019-04-03,2876.81,2885.25,2865.17,2873.4,0.21
2019-04-04,2874.56,2881.29,2867.12,2879.39,0.21
2019-04-05,2884.08,2893.24,2879.39,2892.74,0.46
2019-04-08,2888.26,2895.95,2880.78,2895.77,0.1
2019-04-09,2886.58,2895.77,2873.33,2878.2,-0.61
2019-04-10,2882.32,2889.71,2878.2,2888.21,0.35
2019-04-11,2891.86,2893.42,2881.99,2888.32,0.0
2019-04-12,2903.11,2910.54,2888.32,2907.41,0.66
2019-04-15,2908.91,2909.6,2896.48,2905.58,-0.06
2019-04-16,2911.98,2916.06,2900.71,2907.06,0.05
2019-04-17,2917.42,2918.0,2895.45,2900.45,-0.23
2019-04-18,2904.77,2908.4,2891.9,2905.03,0.16
2019-04-22,2898.82,2909.51,2896.35,2907.97,0.1
2019-04-23,2910.18,2936.31,2907.97,2933.68,0.88
2019-04-24,2933.6,2936.83,2926.05,2927.25,-0.22
2019-04-25,2928.24,2933.27,2912.84,2926.17,-0.04
2019-04-26,2925.09,2939.88,2917.56,2939.88,0.47
2019-04-29,2940.3,2949.52,2938.97,2943.03,0.11
2019-04-30,2938.07,2948.22,2924.11,2945.83,0.1
2019-05-01,2952.07,2954.13,2923.36,2923.73,-0.75
2019-05-02,2921.92,2931.68,2900.5,2917.52,-0.21
2019-05-03,2929.21,2947.85,2917.52,2945.64,0.96
2019-05-06,2901.65,2945.64,2898.21,2932.47,-0.45
2019-05-07,2909.91,2932.47,2862.6,2884.05,-1.65
2019-05-08,2879.94,2897.96,2873.28,2879.42,-0.16
2019-05-09,2855.41,2879.42,2836.4,2870.72,-0.3
2019-05-10,2862.35,2891.31,2825.39,2881.4,0.37
2019-05-13,2835.95,2881.4,2801.12,2811.87,-2.41
2019-05-14,2820.96,2852.54,2811.87,2834.41,0.8
2019-05-15,2819.02,2858.68,2815.08,2850.96,0.58
2019-05-16,2857.17,2892.15,2850.96,2876.32,0.89
2019-05-17,2876.32,2885.48,2854.23,2859.53,-0.58
2019-05-20,2841.94,2859.53,2831.29,2840.23,-0.67
2019-05-21,2855.65,2868.88,2840.23,2864.36,0.85
2019-05-22,2854.88,2865.47,2851.11,2856.27,-0.28
2019-05-23,2836.7,2856.27,2804.38,2822.24,-1.19
2019-05-24,2835.21,2841.36,2820.19,2826.06,0.14
2019-05-28,2832.7,2840.54,2801.58,2802.39,-0.84
2019-05-29,2787.23,2802.39,2766.06,2783.02,-0.69
2019-05-30,2787.15,2799.0,2776.74,2788.86,0.21
2019-05-31,2762.29,2788.86,2750.52,2752.06,-1.32
2019-06-03,2751.12,2763.61,2728.76,2744.45,-0.28
2019-06-04,2770.22,2804.9,2744.45,2803.27,2.14
2019-06-05,2818.09,2827.28,2800.92,2826.15,0.82
2019-06-06,2828.8,2852.1,2822.45,2843.49,0.61
2019-06-07,2853.04,2885.42,2843.49,2873.34,1.05
2019-06-10,2887.25,2904.77,2873.34,2886.73,0.47
2019-06-11,2904.16,2910.61,2878.53,2885.72,-0.03
2019-06-12,2882.73,2888.57,2874.68,2879.84,-0.2
2019-06-13,2886.71,2895.24,2879.84,2891.64,0.41
2019-06-14,2886.82,2894.45,2879.62,2886.98,-0.16
2019-06-17,2889.67,2897.27,2886.98,2889.67,0.09
2019-06-18,2907.21,2930.79,2889.67,2917.75,0.97
2019-06-19,2921.74,2931.74,2911.43,2926.46,0.3
2019-06-20,2951.43,2958.06,2926.46,2954.18,0.95
2019-06-21,2952.35,2964.15,2946.87,2950.46,-0.13
2019-06-24,2951.86,2954.92,2944.05,2945.35,-0.17
2019-06-25,2945.98,2946.52,2916.01,2917.38,-0.95
2019-06-26,2927.24,2932.59,2912.99,2913.78,-0.12
2019-06-27,2921.27,2929.3,2913.78,2924.92,0.38
2019-06-28,2933.49,2943.98,2924.92,2941.76,0.58
2019-07-01,2974.37,2977.93,2941.76,2964.33,0.77
2019-07-02,2964.24,2973.21,2955.92,2973.01,0.29
2019-07-03,2978.63,2995.84,2973.01,2995.82,0.77
2019-07-05,2984.25,2995.82,2967.97,2990.41,-0.18
2019-07-08,2979.01,2990.41,2970.09,2975.95,-0.48
2019-07-09,2964.69,2981.9,2963.44,2979.63,0.12
2019-07-10,2989.62,3002.98,2979.63,2993.07,0.45
2019-07-11,3000.18,3002.33,2988.8,2999.91,0.23
2019-07-12,3003.21,3013.92,2999.91,3013.77,0.46
2019-07-15,3017.57,3017.8,3008.77,3014.3,0.02
2019-07-16,3012.27,3015.02,3001.15,3004.04,-0.34
2019-07-17,3003.95,3005.26,2984.25,2984.42,-0.65
2019-07-18,2978.35,2998.28,2973.09,2995.11,0.36
2019-07-19,3004.46,3006.02,2975.86,2976.61,-0.62
2019-07-22,2981.79,2990.71,2976.61,2985.03,0.28
2019-07-23,2994.74,3005.9,2985.03,3005.47,0.68
2019-07-24,2997.72,3019.59,2996.82,3019.56,0.47
2019-07-25,3015.4,3019.56,2997.24,3003.67,-0.53
2019-07-26,3013.47,3027.98,3003.67,3025.86,0.74
2019-07-29,3024.52,3025.86,3014.3,3020.97,-0.16
2019-07-30,3004.61,3020.97,3000.94,3013.18,-0.26
2019-07-31,3016.36,3017.4,2958.08,2980.38,-1.09
2019-08-01,2980.79,3013.59,2945.23,2953.56,-0.9
2019-08-02,2943.9,2953.56,2914.11,2932.05,-0.73
2019-08-05,2887.38,2932.05,2822.12,2844.74,-2.98
2019-08-06,2863.81,2884.4,2844.74,2881.77,1.3
2019-08-07,2852.5,2892.17,2825.71,2883.98,0.08
2019-08-08,2899.72,2938.72,2883.98,2938.09,1.88
2019-08-09,2930.51,2938.09,2900.15,2918.65,-0.66
2019-08-12,2905.92,2918.65,2873.14,2883.09,-1.22
2019-08-13,2878.27,2943.31,2877.05,2926.32,1.5
2019-08-14,2887.42,2926.32,2839.64,2840.6,-2.93
2019-08-15,2845.2,2856.67,2825.51,2847.6,0.25
2019-08-16,2865.41,2893.63,2847.6,2888.68,1.44
2019-08-19,2913.48,2931.0,2888.68,2923.65,1.21
2019-08-20,2918.31,2923.65,2899.6,2900.51,-0.79
2019-08-21,2922.04,2928.73,2900.51,2924.43,0.82
2019-08-22,2931.19,2939.08,2904.51,2922.95,-0.05
2019-08-23,2911.07,2927.01,2834.97,2847.11,-2.59
2019-08-26,2870.06,2879.27,2847.11,2878.38,1.1
2019-08-27,2894.09,2898.79,2860.59,2869.16,-0.32
2019-08-28,2861.28,2890.03,2853.05,2887.94,0.65
2019-08-29,2914.04,2930.5,2905.67,2924.58,1.27
2019-08-30,2937.87,2940.43,2913.32,2926.46,0.06
2019-09-03,2907.45,2914.39,2891.85,2906.27,-0.69
2019-09-04,2928.02,2938.84,2921.86,2937.78,1.08
2019-09-05,2961.56,2985.86,2960.6,2976.0,1.3
2019-09-06,2979.79,2985.03,2972.51,2978.71,0.09
2019-09-09,2989.02,2989.43,2969.39,2978.43,-0.01
2019-09-10,2970.2,2979.39,2957.01,2979.39,0.03
2019-09-11,2981.32,3000.93,2975.31,3000.93,0.72
2019-09-12,3009.08,3020.74,3000.92,3009.57,0.29
2019-09-13,3013.12,3017.31,3002.93,3007.39,-0.07
2019-09-16,2994.69,3002.18,2991.03,2997.96,-0.39
2019-09-17,2995.96,3006.21,2993.73,3005.7,0.26
2019-09-18,3001.09,3007.83,2978.57,3006.73,0.03
2019-09-19,3010.79,3021.99,3003.16,3006.79,0.0
2019-09-20,3008.42,3016.37,2984.68,2992.07,-0.49
2019-09-23,2982.29,2999.15,2982.23,2991.78,-0.01
2019-09-24,3002.23,3007.98,2957.73,2966.6,-0.84
2019-09-25,2967.78,2989.82,2952.86,2984.87,0.62
2019-09-26,2985.6,2987.28,2963.71,2977.62,-0.24
2019-09-27,2985.47,2987.31,2945.53,2961.79,-0.53
2019-09-30,2967.29,2983.85,2967.07,2976.74,0.5
2019-10-01,2984.76,2992.53,2938.7,2940.25,-1.23
2019-10-02,2924.33,2924.78,2874.93,2887.61,-1.79
2019-10-03,2885.25,2911.13,2855.94,2910.63,0.8
2019-10-04,2918.56,2953.74,2918.56,2952.01,1.42
2019-10-07,2944.23,2959.75,2935.68,2938.79,-0.45
2019-10-08,2919.11,2925.47,2892.66,2893.06,-1.56
2019-10-09,2911.1,2929.32,2907.41,2919.4,0.91
2019-10-10,2918.16,2948.46,2917.12,2938.13,0.64
2019-10-11,2963.07,2993.28,2963.07,2970.27,1.09
2019-10-14,2966.81,2972.84,2962.94,2966.15,-0.14
2019-10-15,2975.57,3003.28,2973.61,2995.68,1.0
2019-10-16,2989.51,2997.54,2985.2,2989.69,-0.2
2019-10-17,3001.94,3008.29,2991.79,2997.95,0.28
2019-10-18,2996.84,3000.0,2976.31,2986.2,-0.39
2019-10-21,2998.61,3007.33,2995.35,3006.72,0.69
2019-10-22,3011.02,3014.57,2995.04,2995.99,-0.36
2019-10-23,2994.96,3004.78,2991.21,3004.52,0.28
2019-10-24,3014.78,3016.07,3000.42,3010.29,0.19
2019-10-25,3003.32,3027.39,3001.94,3022.55,0.41
2019-10-28,3033.99,3044.08,3032.12,3039.42,0.56
2019-10-29,3035.39,3047.87,3034.81,3036.89,-0.08
2019-10-30,3039.77,3050.1,3025.96,3046.77,0.33
2019-10-31,3045.74,3046.9,3023.19,3037.56,-0.3
2019-11-01,3050.72,3066.95,3050.72,3066.91,0.97
2019-11-04,3078.96,3085.2,3074.87,3078.27,0.37
2019-11-05,3080.3,3083.95,3072.15,3074.62,-0.12
2019-11-06,3075.43,3078.34,3065.89,3076.78,0.07
2019-11-07,3087.02,3097.77,3080.23,3085.18,0.27
2019-11-08,3081.25,3093.09,3073.58,3093.08,0.26
2019-11-11,3079.37,3088.33,3075.82,3087.01,-0.2
2019-11-12,3089.72,3102.61,3084.73,3091.84,0.16
2019-11-13,3082.82,3098.06,3078.8,3094.04,0.07
2019-11-14,3089.89,3098.2,3083.26,3096.63,0.08
2019-11-15,3107.92,3120.46,3104.6,3120.46,0.77
2019-11-18,3117.79,3124.17,3112.06,3122.03,0.05
2019-11-19,3127.0,3127.64,3113.47,3120.18,-0.06
2019-11-20,3114.63,3118.97,3091.41,3108.46,-0.38
2019-11-21,3109.06,3110.11,3094.55,3103.54,-0.16
2019-11-22,3111.41,3112.87,3099.26,3110.29,0.22
2019-11-25,3117.75,3133.83,3117.44,3133.64,0.75
2019-11-26,3134.26,3142.69,3131.0,3140.52,0.22
2019-11-27,3145.25,3154.26,3143.41,3153.63,0.42
2019-11-29,3147.18,3150.3,3139.34,3140.98,-0.4
2019-12-02,3144.12,3144.31,3110.78,3113.87,-0.86
2019-12-03,3082.75,3094.97,3070.33,3093.2,-0.66
2019-12-04,3103.5,3119.38,3102.53,3112.76,0.63
2019-12-05,3119.27,3119.45,3103.76,3117.43,0.15
2019-12-06,3134.62,3150.6,3134.62,3145.91,0.91
2019-12-09,3141.86,3148.87,3135.46,3135.96,-0.32
2019-12-10,3135.36,3142.12,3126.09,3132.52,-0.11
2019-12-11,3136.01,3143.98,3133.21,3141.63,0.29
2019-12-12,3140.79,3176.28,3138.47,3168.57,0.86
2019-12-13,3166.65,3182.68,3156.51,3168.8,0.01
2019-12-16,3185.39,3197.71,3183.63,3191.45,0.71
2019-12-17,3195.4,3198.22,3191.03,3192.52,0.03
2019-12-18,3195.21,3198.48,3191.14,3191.14,-0.04
2019-12-19,3193.67,3205.48,3192.32,3205.37,0.45
2019-12-20,3223.33,3225.65,3216.03,3221.22,0.49
2019-12-23,3226.74,3227.78,3222.3,3224.01,0.09
2019-12-24,3225.6,3226.43,3220.51,3223.38,-0.02
2019-12-26,3227.39,3240.08,3227.2,3239.91,0.51
2019-12-27,3247.23,3247.93,3234.37,3240.02,0.0
2019-12-30,3239.99,3240.92,3216.57,3221.29,-0.58
2019-12-31,3215.12,3231.72,3212.03,3230.78,0.29
2020-01-02,3245.5,3258.14,3235.53,3257.85,0.84
2020-01-03,3226.36,3246.15,3222.34,3234.85,-0.71
2020-01-06,3215.41,3246.84,3214.64,3246.28,0.35
2020-01-07,3241.49,3244.91,3232.43,3237.18,-0.28
2020-01-08,3238.59,3267.07,3236.67,3253.05,0.49
2020-01-09,3268.17,3275.58,3263.67,3274.7,0.67
2020-01-10,3281.81,3282.99,3260.86,3265.35,-0.29
2020-01-13,3272.06,3288.13,3268.43,3288.13,0.7
2020-01-14,3285.28,3294.25,3277.19,3283.15,-0.15
2020-01-15,3281.9,3298.63,3280.88,3289.29,0.19
2020-01-16,3304.88,3317.11,3302.82,3316.81,0.84
2020-01-17,3323.66,3329.88,3318.86,3329.62,0.39
2020-01-21,3319.62,3329.79,3316.61,3320.79,-0.27
2020-01-22,3330.77,3337.77,3320.04,3321.75,0.03
2020-01-23,3315.77,3326.88,3301.87,3325.54,0.11
2020-01-24,3333.1,3333.18,3281.53,3295.47,-0.9
2020-01-27,3247.16,3258.85,3234.5,3243.63,-1.57
2020-01-28,3257.65,3285.78,3253.22,3276.24,1.01
2020-01-29,3290.7,3293.47,3271.89,3273.4,-0.09
2020-01-30,3254.49,3285.91,3242.8,3283.66,0.31
2020-01-31,3282.33,3282.33,3214.68,3225.52,-1.77
2020-02-03,3255.3,3268.6,3235.66,3248.92,0.73
2020-02-04,3280.61,3306.92,3280.61,3297.59,1.5
2020-02-05,3324.91,3337.58,3313.75,3334.69,1.13
2020-02-06,3344.92,3347.96,3334.11,3345.78,0.33
2020-02-07,3335.54,3341.77,3322.12,3327.71,-0.54
2020-02-10,3318.28,3352.26,3317.77,3352.09,0.73
2020-02-11,3365.87,3375.63,3352.09,3357.75,0.17
2020-02-12,3370.5,3381.47,3357.75,3379.45,0.65
2020-02-13,3364.15,3384.97,3359.35,3373.94,-0.16
2020-02-14,3377.89,3380.69,3366.39,3380.16,0.18
2020-02-18,3369.04,3380.16,3355.61,3370.29,-0.29
2020-02-19,3381.06,3393.51,3370.29,3386.15,0.47
2020-02-20,3380.45,3389.15,3341.02,3373.23,-0.38
2020-02-21,3360.5,3373.23,3328.45,3337.75,-1.05
2020-02-24,3257.61,3337.75,3214.65,3225.89,-3.35
2020-02-25,3238.94,3247.57,3118.4,3128.21,-3.03
2020-02-26,3139.9,3182.61,3108.99,3116.39,-0.38
2020-02-27,3062.54,3116.39,2977.39,2978.76,-4.42
2020-02-28,2916.9,2978.76,2855.84,2954.22,-0.82
2020-03-02,2974.28,3090.96,2944.9,3090.23,4.6
2020-03-03,3096.46,3137.8,2976.41,3003.37,-2.81
2020-03-04,3050.22,3131.5,3003.37,3130.12,4.22
2020-03-05,3075.7,3130.12,2999.83,3023.94,-3.39
2020-03-06,2954.2,3023.94,2901.3,2972.37,-1.71
2020-03-09,2863.89,2972.37,2719.38,2746.56,-7.6
2020-03-10,2813.48,2882.59,2733.15,2882.23,4.94
2020-03-11,2813.38,2882.23,2707.22,2741.38,-4.89
2020-03-12,2630.86,2741.38,2478.86,2480.64,-9.51
2020-03-13,2569.99,2711.33,2480.64,2711.02,9.29
2020-03-16,2508.59,2711.02,2364.55,2386.13,-11.98
2020-03-17,2425.66,2553.93,2367.04,2529.19,6.0
2020-03-18,2436.5,2529.19,2280.52,2398.1,-5.18
2020-03-19,2393.48,2466.97,2318.5,2409.39,0.47
2020-03-20,2431.94,2453.01,2295.56,2304.92,-4.34
2020-03-23,2290.71,2304.92,2191.86,2237.4,-2.93
2020-03-24,2344.44,2449.71,2237.4,2447.33,9.38
2020-03-25,2457.77,2571.42,2405.63,2475.56,1.15
2020-03-26,2501.29,2637.01,2475.56,2630.07,6.24
2020-03-27,2555.87,2630.07,2517.78,2541.47,-3.37
2020-03-30,2558.98,2631.8,2541.47,2626.65,3.35
2020-03-31,2614.69,2641.39,2571.15,2584.59,-1.6
2020-04-01,2498.08,2584.59,2447.49,2470.5,-4.41
2020-04-02,2458.54,2534.4,2454.22,2526.9,2.28
2020-04-03,2514.92,2539.28,2459.96,2488.65,-1.51
2020-04-06,2578.28,2676.85,2488.65,2663.68,7.03
2020-04-07,2738.65,2756.89,2657.67,2659.41,-0.16
2020-04-08,2685.0,2760.75,2659.41,2749.98,3.41
2020-04-09,2776.99,2818.57,2749.98,2789.82,1.45
2020-04-13,2782.46,2789.82,2721.0,2761.63,-1.01
2020-04-14,2805.1,2851.85,2761.63,2846.06,3.06
2020-04-15,2795.64,2846.06,2759.83,2783.36,-2.2
2020-04-16,2799.34,2806.51,2763.48,2799.55,0.58
2020-04-17,2842.43,2879.22,2799.55,2874.56,2.68
2020-04-20,2845.62,2874.56,2820.43,2823.16,-1.79
2020-04-21,2784.81,2823.16,2727.1,2736.56,-3.07
2020-04-22,2787.89,2815.1,2736.56,2799.31,2.29
2020-04-23,2810.42,2845.1,2794.26,2797.8,-0.05
2020-04-24,2812.64,2842.71,2791.76,2836.74,1.39
2020-04-27,2854.65,2887.72,2836.74,2878.48,1.47
2020-04-28,2909.96,2921.15,2860.71,2863.39,-0.52
2020-04-29,2918.46,2954.86,2863.39,2939.51,2.66
2020-04-30,2930.91,2939.51,2892.47,2912.43,-0.92
2020-05-01,2869.09,2912.43,2821.61,2830.71,-2.81
2020-05-04,2815.01,2844.24,2797.85,2842.74,0.42
2020-05-05,2868.88,2898.23,2842.74,2868.44,0.9
2020-05-06,2883.14,2891.11,2847.65,2848.42,-0.7
2020-05-07,2878.26,2901.92,2848.42,2881.19,1.15
2020-05-08,2908.83,2932.16,2881.19,2929.8,1.69
2020-05-11,2915.46,2944.25,2903.1,2930.32,0.02
2020-05-12,2939.5,2946.1,2869.59,2870.12,-2.05
2020-05-13,2865.86,2874.9,2793.15,2820.0,-1.75
2020-05-14,2794.54,2853.38,2766.46,2852.5,1.15
2020-05-15,2829.95,2865.01,2815.83,2863.7,0.39
2020-05-18,2913.86,2968.09,2863.7,2953.91,3.15
2020-05-19,2948.59,2964.21,2922.35,2922.94,-1.05
2020-05-20,2953.63,2980.29,2922.94,2971.61,1.67
2020-05-21,2969.95,2978.5,2938.57,2948.51,-0.78
2020-05-22,2948.05,2956.76,2933.4,2955.45,0.24
2020-05-26,3004.08,3023.1,2955.45,2991.77,1.23
2020-05-27,3015.65,3036.25,2969.75,3036.13,1.48
2020-05-28,3046.61,3068.67,3023.4,3029.73,-0.21
2020-05-29,3025.17,3049.17,2998.61,3044.31,0.48
2020-06-01,3038.78,3062.18,3030.6,3055.73,0.38
2020-06-02,3064.78,3081.07,3051.64,3080.82,0.82
2020-06-03,3098.9,3130.94,3080.82,3122.87,1.36
2020-06-04,3111.56,3129.14,3090.41,3112.35,-0.34
2020-06-05,3163.84,3211.72,3112.35,3193.93,2.62
2020-06-08,3199.92,3233.13,3193.93,3232.39,1.2
2020-06-09,3213.32,3232.39,3192.84,3207.18,-0.78
2020-06-10,3213.42,3223.27,3181.49,3190.14,-0.53
2020-06-11,3123.53,3190.14,2999.49,3002.1,-5.89
2020-06-12,3071.04,3088.52,2984.1,3041.31,1.31
2020-06-15,2993.76,3080.2,2964.4,3066.59,0.83
2020-06-16,3131.0,3153.78,3066.59,3124.74,1.9
2020-06-17,3136.13,3141.21,3108.03,3113.49,-0.36
2020-06-18,3101.64,3120.0,3093.1,3115.34,0.06
2020-06-19,3140.29,3155.53,3083.11,3097.74,-0.56
2020-06-22,3094.42,3120.92,3078.44,3117.86,0.65
2020-06-23,3138.7,3154.9,3117.86,3131.29,0.43
2020-06-24,3114.4,3131.29,3031.55,3050.33,-2.59
2020-06-25,3046.6,3087.3,3023.8,3083.76,1.1
2020-06-26,3073.2,3083.76,3004.63,3009.05,-2.42
2020-06-29,3018.59,3053.89,2999.74,3053.24,1.47
2020-06-30,3050.2,3111.51,3047.83,3100.29,1.54
2020-07-01,3105.92,3128.44,3100.29,3115.86,0.5
2020-07-02,3143.64,3165.81,3115.86,3130.01,0.45
2020-07-03,3143.64,3165.81,3115.86,3130.01,0.45
2020-07-06,3155.29,3183.33,3130.01,3179.72,1.59
2020-07-07,3166.44,3184.15,3142.93,3145.32,-1.08
2020-07-08,3153.07,3172.3,3136.32,3169.94,0.78
2020-07-09,3176.17,3179.78,3115.14,3152.05,-0.56
2020-07-10,3152.47,3186.82,3136.22,3185.04,1.05
2020-07-13,3205.08,3235.32,3149.43,3155.22,-0.94
2020-07-14,3141.11,3200.95,3127.66,3197.52,1.34
2020-07-15,3225.98,3238.28,3197.52,3226.56,0.91
2020-07-16,3208.36,3226.56,3198.59,3215.57,-0.34
2020-07-17,3224.21,3233.52,3205.6,3224.73,0.28
2020-07-20,3224.29,3258.61,3214.98,3251.84,0.84
2020-07-21,3268.52,3277.6,3247.77,3257.3,0.17
2020-07-22,3254.86,3279.32,3253.1,3276.02,0.57
2020-07-23,3271.64,3279.99,3222.66,3235.66,-1.23
2020-07-24,3218.58,3235.66,3200.05,3215.63,-0.62
2020-07-27,3219.84,3241.43,3214.25,3239.41,0.74
2020-07-28,3234.27,3243.72,3216.17,3218.44,-0.65
2020-07-29,3227.22,3264.74,3218.44,3258.44,1.24
2020-07-30,3231.76,3258.44,3204.07,3246.22,-0.38
2020-07-31,3270.45,3272.17,3220.26,3271.12,0.77
2020-08-03,3288.26,3302.73,3271.12,3294.61,0.72
2020-08-04,3289.92,3306.84,3286.1,3306.51,0.36
2020-08-05,3317.37,3330.77,3306.51,3327.77,0.64
2020-08-06,3323.17,3351.03,3318.14,3349.16,0.64
2020-08-07,3340.05,3352.54,3328.72,3351.28,0.06
2020-08-10,3356.04,3363.29,3335.44,3360.47,0.27
2020-08-11,3370.34,3381.01,3326.44,3333.69,-0.8
2020-08-12,3355.46,3387.89,3333.69,3380.35,1.4
2020-08-13,3372.95,3387.24,3363.35,3373.43,-0.2
2020-08-14,3368.66,3378.51,3361.64,3372.85,-0.02
2020-08-17,3380.86,3387.59,3372.85,3381.99,0.27
2020-08-18,3387.04,3395.06,3370.15,3389.78,0.23
2020-08-19,3392.51,3399.54,3369.66,3374.85,-0.44
2020-08-20,3360.48,3390.8,3354.69,3385.51,0.32
2020-08-21,3386.01,3399.96,3379.08,3397.16,0.34
2020-08-24,3418.09,3432.09,3397.16,3431.28,1.0
2020-08-25,3435.95,3444.21,3425.83,3443.62,0.36
2020-08-26,3449.97,3481.07,3443.62,3478.73,1.02
2020-08-27,3485.14,3501.6,3468.35,3484.55,0.17
2020-08-28,3494.69,3509.23,3484.32,3508.01,0.67
2020-08-31,3509.73,3514.77,3493.25,3500.31,-0.22
2020-09-01,3507.44,3528.03,3494.6,3526.65,0.75
2020-09-02,3543.76,3588.11,3526.65,3580.84,1.54
2020-09-03,3564.74,3580.84,3427.41,3455.06,-3.51
2020-09-04,3453.6,3479.15,3349.63,3426.96,-0.81
2020-09-08,3371.88,3426.96,3329.27,3331.84,-2.78
2020-09-09,3369.82,3424.77,3331.84,3398.96,2.01
2020-09-10,3412.56,3425.55,3329.25,3339.19,-1.76
2020-09-11,3352.7,3369.1,3309.9,3340.97,0.05
2020-09-14,3363.56,3402.93,3340.97,3383.54,1.27
2020-09-15,3407.73,3419.48,3383.54,3401.2,0.52
2020-09-16,3411.23,3428.92,3384.45,3385.49,-0.46
2020-09-17,3346.86,3385.49,3328.55,3357.01,-0.84
2020-09-18,3357.38,3365.41,3292.4,3319.47,-1.12
2020-09-21,3285.57,3319.47,3228.55,3281.06,-1.16
2020-09-22,3295.75,3320.31,3270.95,3315.57,1.05
2020-09-23,3320.11,3323.4,3232.57,3236.92,-2.37
2020-09-24,3226.14,3278.7,3209.45,3246.59,0.3
2020-09-25,3236.66,3306.88,3227.8,3298.46,1.6
2020-09-28,3333.9,3360.74,3298.46,3351.6,1.61
2020-09-29,3350.92,3358.3,3327.54,3335.47,-0.48
2020-09-30,3341.21,3393.56,3335.47,3363.0,0.83
2020-10-01,3385.87,3397.47,3361.39,3380.8,0.53
2020-10-02,3338.94,3380.8,3322.49,3348.44,-0.96
2020-10-05,3367.27,3409.57,3348.44,3408.63,1.8
2020-10-06,3408.74,3431.56,3354.54,3360.95,-1.4
2020-10-07,3384.56,3426.26,3360.95,3419.45,1.74
2020-10-08,3434.28,3447.28,3419.45,3446.83,0.8
2020-10-09,3459.67,3482.34,3446.83,3477.13,0.88
2020-10-12,3500.02,3549.85,3477.13,3534.22,1.64
2020-10-13,3534.01,3534.22,3500.86,3511.93,-0.63
2020-10-14,3515.47,3528.7,3480.55,3488.67,-0.66
2020-10-15,3453.72,3489.08,3439.94,3483.34,-0.15
2020-10-16,3493.5,3515.98,3480.45,3483.81,0.01
2020-10-19,3493.66,3502.42,3419.93,3426.92,-1.63
2020-10-20,3439.38,3477.8,3426.92,3443.12,0.47
2020-10-21,3439.91,3465.29,3433.06,3435.56,-0.22
2020-10-22,3438.5,3461.1,3415.17,3453.49,0.52
2020-10-23,3464.9,3468.6,3439.9,3465.39,0.34
2020-10-26,3441.42,3465.39,3364.86,3400.97,-1.86
2020-10-27,3403.15,3409.51,3388.51,3390.68,-0.3
2020-10-28,3342.48,3390.68,3268.89,3271.03,-3.53
2020-10-29,3277.17,3341.69,3258.99,3310.11,1.19
2020-10-30,3293.59,3310.11,3233.94,3269.96,-1.21
2020-11-02,3296.2,3331.4,3269.96,3310.24,1.23
2020-11-03,3336.25,3389.57,3310.24,3369.16,1.78
2020-11-04,3406.46,3486.35,3369.16,3443.44,2.2
2020-11-05,3485.74,3529.6,3443.44,3510.45,1.95
2020-11-06,3508.34,3521.58,3483.54,3509.44,-0.03
2020-11-09,3583.04,3650.22,3509.44,3550.5,1.17
2020-11-10,3543.26,3557.5,3511.66,3545.53,-0.14
2020-11-11,3563.22,3581.6,3545.53,3572.66,0.77
2020-11-12,3562.67,3572.66,3517.91,3537.01,-1.0
2020-11-13,3552.57,3594.3,3537.01,3585.15,1.36
2020-11-16,3600.16,3628.51,3585.15,3626.91,1.16
2020-11-17,3610.31,3626.91,3588.4,3609.53,-0.48
2020-11-18,3612.09,3619.09,3567.33,3567.79,-1.16
2020-11-19,3559.41,3585.6,3543.84,3581.87,0.39
2020-11-20,3579.31,3581.87,3556.74,3557.54,-0.68
2020-11-23,3566.82,3590.8,3552.1,3577.59,0.56
2020-11-24,3594.52,3642.31,3577.59,3635.41,1.62
2020-11-25,3635.5,3635.5,3617.76,3629.65,-0.16
2020-11-27,3638.55,3644.38,3629.33,3638.35,0.24
2020-11-30,3634.18,3638.35,3594.39,3621.63,-0.46
2020-12-01,3645.87,3678.58,3621.63,3662.45,1.13
2020-12-02,3653.78,3671.6,3643.9,3669.01,0.18
2020-12-03,3668.28,3683.4,3656.62,3666.72,-0.06
2020-12-04,3670.94,3699.58,3666.72,3699.12,0.88
2020-12-07,3694.73,3699.12,3678.88,3691.96,-0.19
2020-12-08,3683.05,3708.47,3677.9,3702.25,0.28
2020-12-09,3705.98,3712.39,3660.48,3672.82,-0.79
2020-12-10,3659.13,3678.93,3644.91,3668.1,-0.13
2020-12-11,3656.08,3668.1,3633.4,3663.46,-0.13
2020-12-14,3675.27,3698.2,3645.5,3647.49,-0.44
2020-12-15,3666.41,3695.5,3647.49,3694.62,1.29
2020-12-16,3696.25,3712.0,3688.57,3701.17,0.18
2020-12-17,3713.65,3725.12,3701.17,3722.48,0.58
2020-12-18,3722.39,3726.7,3685.84,3709.41,-0.35
2020-12-21,3684.28,3709.41,3634.0,3694.92,-0.39
2020-12-22,3698.08,3698.9,3675.9,3687.26,-0.21
2020-12-23,3693.42,3711.3,3687.26,3690.01,0.07
2020-12-24,3694.03,3704.3,3689.23,3703.06,0.35
2020-12-28,3723.03,3741.23,3689.32,3735.36,0.87
2020-12-29,3750.01,3756.12,3723.31,3727.04,-0.22
2020-12-30,3736.19,3744.7,3727.04,3732.04,0.13
2020-12-31,3733.27,3760.2,3726.61,3756.07,0.64
2021-01-04,3764.61,3769.99,3660.38,3700.65,-1.48
2021-01-05,3698.02,3737.97,3695.07,3726.86,0.71
2021-01-06,3712.2,3783.4,3705.18,3748.14,0.57
2021-01-07,3764.71,3811.7,3748.14,3803.79,1.48
2021-01-08,3815.05,3826.69,3783.6,3824.68,0.55
2021-01-11,3803.14,3824.68,3789.02,3799.61,-0.66
2021-01-12,3801.62,3810.78,3776.51,3801.19,0.04
2021-01-13,3802.23,3820.96,3791.12,3809.84,0.23
2021-01-14,3814.98,3823.64,3792.86,3795.54,-0.38
2021-01-15,3788.73,3795.54,3749.62,3768.25,-0.72
2021-01-19,3781.88,3804.53,3768.25,3798.91,0.81
2021-01-20,3816.22,3859.75,3798.91,3851.85,1.39
2021-01-21,3857.46,3861.45,3844.23,3853.07,0.03
2021-01-22,3844.24,3853.07,3830.41,3841.47,-0.3
2021-01-25,3851.68,3860.1,3797.16,3855.36,0.36
2021-01-26,3862.96,3870.9,3847.78,3849.62,-0.15
2021-01-27,3836.83,3849.62,3731.7,3750.77,-2.57
2021-01-28,3755.75,3830.67,3750.77,3787.38,0.98
2021-01-29,3778.05,3787.38,3694.12,3714.24,-1.93
2021-02-01,3731.17,3784.32,3714.24,3773.86,1.61
2021-02-02,3791.84,3843.09,3773.86,3826.31,1.39
2021-02-03,3840.27,3847.7,3816.68,3830.17,0.1
2021-02-04,3836.66,3872.42,3830.17,3871.74,1.09
2021-02-05,3878.3,3894.56,3871.74,3886.83,0.39
2021-02-08,3892.59,3915.77,3886.83,3915.59,0.74
2021-02-09,3910.49,3918.35,3902.64,3911.23,-0.11
2021-02-10,3920.78,3932.0,3884.94,3909.88,-0.03
2021-02-11,3916.4,3925.99,3890.39,3916.38,0.17
2021-02-12,3911.65,3937.23,3905.78,3934.83,0.47
2021-02-16,3939.61,3950.43,3923.85,3932.59,-0.06
2021-02-17,3918.5,3933.76,3900.43,3931.33,-0.03
2021-02-18,3915.86,3931.33,3884.7,3913.97,-0.44
2021-02-19,3921.16,3930.41,3903.07,3906.71,-0.19
2021-02-22,3885.55,3906.71,3874.06,3876.5,-0.77
2021-02-23,3857.07,3895.98,3805.59,3881.37,0.13
2021-02-24,3873.71,3928.65,3859.6,3925.43,1.14
2021-02-25,3915.8,3925.43,3814.04,3829.34,-2.45
2021-02-26,3839.66,3861.2,3788.1,3811.15,-0.48
2021-03-01,3842.51,3915.5,3811.15,3901.82,2.38
2021-03-02,3903.64,3906.41,3868.57,3870.29,-0.81
2021-03-03,3863.99,3874.47,3818.75,3819.72,-1.31
2021-03-04,3818.53,3844.05,3723.19,3768.47,-1.34
2021-03-05,3793.58,3851.69,3730.19,3841.94,1.95
2021-03-08,3844.39,3881.06,3819.25,3821.35,-0.54
2021-03-09,3851.93,3903.76,3821.35,3875.44,1.42
2021-03-10,3891.99,3917.35,3875.44,3898.81,0.6
2021-03-11,3915.54,3960.27,3898.81,3939.34,1.04
2021-03-12,3924.52,3944.99,3915.21,3943.34,0.1
2021-03-15,3942.96,3970.08,3923.0,3968.94,0.65
2021-03-16,3973.59,3981.3,3953.44,3962.71,-0.16
2021-03-17,3949.57,3983.87,3935.74,3974.12,0.29
2021-03-18,3953.5,3974.12,3910.86,3915.46,-1.48
2021-03-19,3913.14,3930.12,3886.4,3913.1,-0.06
2021-03-22,3916.48,3955.31,3913.1,3940.59,0.7
2021-03-23,3937.6,3949.13,3901.57,3910.52,-0.76
2021-03-24,3919.93,3942.2,3889.07,3889.14,-0.55
2021-03-25,3879.34,3919.8,3853.5,3909.52,0.52
2021-03-26,3917.12,3978.48,3909.52,3974.54,1.66
2021-03-29,3969.31,3981.93,3943.0,3971.09,-0.09
2021-03-30,3963.34,3971.09,3944.35,3958.55,-0.32
2021-03-31,3967.25,3994.41,3958.55,3972.89,0.36
2021-04-01,3992.78,4020.9,3972.89,4019.87,1.18
2021-04-05,4034.44,4083.8,4019.87,4077.91,1.44
2021-04-06,4075.57,4086.23,4068.14,4073.94,-0.1
2021-04-07,4074.29,4083.3,4068.04,4079.95,0.15
2021-04-08,4089.95,4098.8,4079.95,4097.17,0.42
2021-04-09,4096.11,4129.48,4095.51,4128.8,0.77
2021-04-12,4124.71,4132.4,4114.81,4127.99,-0.02
2021-04-13,4130.1,4148.2,4124.0,4141.59,0.33
2021-04-14,4141.58,4151.97,4120.87,4124.66,-0.41
2021-04-15,4139.76,4174.1,4124.66,4170.42,1.11
2021-04-16,4174.14,4191.31,4170.0,4185.47,0.36
2021-04-19,4179.8,4185.47,4150.47,4163.26,-0.53
2021-04-20,4159.18,4163.26,4118.38,4134.94,-0.68
2021-04-21,4128.42,4175.02,4125.8,4173.42,0.93
2021-04-22,4170.46,4179.57,4123.69,4134.98,-0.92
2021-04-23,4138.78,4194.17,4134.98,4180.17,1.09
2021-04-26,4185.03,4194.19,4180.17,4187.62,0.18
2021-04-27,4188.25,4193.35,4175.7,4186.72,-0.02
2021-04-28,4185.14,4201.53,4181.78,4183.18,-0.08
2021-04-29,4206.14,4218.8,4176.81,4211.47,0.68
2021-04-30,4198.1,4211.47,4174.85,4181.17,-0.72
2021-05-03,4191.98,4209.8,4181.17,4192.66,0.27
2021-05-04,4179.04,4192.66,4128.59,4164.66,-0.67
2021-05-05,4177.06,4187.72,4128.43,4167.59,0.07
2021-05-06,4169.14,4202.7,4147.33,4201.62,0.82
2021-05-07,4210.34,4238.04,4201.62,4232.6,0.74
2021-05-10,4228.29,4236.39,4188.13,4188.43,-1.04
2021-05-11,4150.34,4188.43,4111.2,4152.1,-0.87
2021-05-12,4130.55,4152.1,4056.88,4063.04,-2.14
2021-05-13,4074.99,4131.58,4063.04,4112.5,1.22
2021-05-14,4129.58,4183.13,4112.5,4173.85,1.49
2021-05-17,4169.92,4173.85,4142.69,4163.29,-0.25
2021-05-18,4165.94,4169.15,4125.99,4127.83,-0.85
2021-05-19,4098.45,4127.83,4060.98,4115.68,-0.29
2021-05-20,4121.97,4172.8,4115.68,4159.12,1.06
2021-05-21,4168.61,4189.2,4151.2,4155.86,-0.08
2021-05-24,4170.16,4209.52,4155.86,4197.05,0.99
2021-05-25,4205.94,4213.6,4182.52,4188.13,-0.21
2021-05-26,4191.59,4202.61,4184.1,4195.99,0.19
2021-05-27,4201.94,4213.38,4195.99,4200.88,0.12
2021-05-28,4210.77,4218.36,4200.88,4204.11,0.08
2021-06-01,4216.52,4234.12,4197.59,4202.04,-0.05
2021-06-02,4206.82,4217.37,4198.27,4208.12,0.14
2021-06-03,4191.43,4208.12,4167.5,4192.85,-0.36
2021-06-04,4206.05,4233.45,4192.85,4229.89,0.88
2021-06-07,4229.34,4232.34,4215.66,4226.52,-0.08
2021-06-08,4233.81,4236.74,4208.41,4227.26,0.02
2021-06-09,4232.99,4237.09,4218.74,4219.55,-0.18
2021-06-10,4228.56,4249.97,4219.55,4239.18,0.47
2021-06-11,4242.9,4248.38,4232.25,4247.44,0.19
2021-06-14,4248.31,4255.59,4234.07,4255.15,0.18
2021-06-15,4255.28,4257.19,4238.35,4246.59,-0.2
2021-06-16,4248.87,4251.89,4202.45,4223.7,-0.54
2021-06-17,4220.37,4232.29,4196.05,4221.86,-0.04
2021-06-18,4204.78,4221.86,4164.4,4166.45,-1.31
2021-06-21,4173.4,4226.24,4166.45,4224.79,1.4
2021-06-22,4224.61,4255.84,4216.6,4246.44,0.51
2021-06-23,4249.27,4256.7,4241.43,4241.84,-0.11
2021-06-24,4256.97,4271.28,4241.84,4266.49,0.58
2021-06-25,4274.45,4286.12,4266.49,4280.7,0.33
2021-06-28,4284.9,4292.14,4274.67,4290.61,0.23
2021-06-29,4293.21,4300.52,4287.04,4291.8,0.03
2021-06-30,4290.65,4302.43,4287.72,4297.5,0.13
2021-07-01,4300.73,4320.66,4297.5,4319.94,0.52
2021-07-02,4326.6,4355.43,4319.94,4352.34,0.75
2021-07-06,4356.46,4356.46,4314.37,4343.54,-0.2
2021-07-07,4351.01,4361.88,4329.79,4358.13,0.34
2021-07-08,4321.07,4358.13,4289.17,4320.82,-0.86
2021-07-09,4329.38,4371.6,4320.82,4369.55,1.13
2021-07-12,4372.41,4386.68,4363.5,4384.63,0.35
2021-07-13,4381.07,4392.37,4366.92,4369.21,-0.35
2021-07-14,4380.11,4393.68,4362.36,4374.3,0.12
2021-07-15,4369.02,4374.3,4340.7,4360.03,-0.33
2021-07-16,4367.43,4375.09,4322.53,4327.16,-0.75
2021-07-19,4296.4,4327.16,4233.13,4258.49,-1.59
2021-07-20,4265.11,4336.84,4258.49,4323.06,1.52
2021-07-21,4331.13,4359.7,4323.06,4358.69,0.82
2021-07-22,4361.27,4369.87,4350.06,4367.48,0.2
2021-07-23,4381.2,4415.18,4367.48,4411.79,1.01
2021-07-26,4409.58,4422.73,4405.45,4422.3,0.24
2021-07-27,4416.38,4422.3,4372.51,4401.46,-0.47
2021-07-28,4402.95,4415.47,4387.01,4400.64,-0.02
2021-07-29,4403.59,4429.97,4400.64,4419.15,0.42
2021-07-30,4395.12,4419.15,4389.65,4395.26,-0.54
2021-08-02,4406.86,4422.18,4384.81,4387.16,-0.18
2021-08-03,4392.74,4423.79,4373.0,4423.15,0.82
2021-08-04,4415.95,4423.15,4400.23,4402.66,-0.46
2021-08-05,4408.86,4429.76,4402.66,4429.1,0.6
2021-08-06,4429.07,4440.82,4429.07,4436.52,0.17
2021-08-09,4437.77,4439.39,4424.2,4432.35,-0.09
2021-08-10,4435.79,4445.6,4430.03,4436.75,0.1
2021-08-11,4442.18,4449.44,4436.42,4447.7,0.25
2021-08-12,4446.08,4461.77,4435.96,4460.83,0.3
2021-08-13,4464.84,4468.37,4460.5,4468.0,0.16
2021-08-16,4461.65,4480.26,4437.66,4479.71,0.26
2021-08-17,4462.12,4479.71,4417.83,4448.08,-0.71
2021-08-18,4440.94,4454.32,4397.59,4400.27,-1.07
2021-08-19,4382.44,4418.61,4367.73,4405.8,0.13
2021-08-20,4410.56,4444.35,4404.6,4441.67,0.81
2021-08-23,4450.29,4489.88,4441.67,4479.53,0.85
2021-08-24,4484.4,4492.81,4479.53,4486.23,0.15
2021-08-25,4490.45,4501.71,4485.4,4496.19,0.22
2021-08-26,4493.75,4496.19,4468.99,4470.0,-0.58
2021-08-27,4474.1,4513.33,4470.0,4509.37,0.88
2021-08-30,4513.76,4537.36,4509.37,4528.79,0.43
2021-08-31,4529.75,4531.39,4515.8,4522.68,-0.13
2021-09-01,4528.8,4537.11,4522.02,4524.09,0.03
2021-09-02,4534.48,4545.85,4524.09,4536.95,0.28
2021-09-03,4532.42,4541.45,4521.3,4535.43,-0.03
2021-09-07,4535.38,4535.43,4513.0,4520.03,-0.34
2021-09-08,4518.09,4521.79,4493.95,4514.07,-0.13
2021-09-09,4513.02,4530.14,4492.07,4493.28,-0.46
2021-09-10,4506.92,4520.47,4457.66,4458.58,-0.77
2021-09-13,4474.81,4493.79,4445.7,4468.73,0.23
2021-09-14,4479.33,4486.3,4435.46,4443.05,-0.57
2021-09-15,4447.49,4486.87,4437.6,4480.7,0.85
2021-09-16,4477.09,4485.87,4443.8,4473.75,-0.16
2021-09-17,4469.74,4473.75,4427.76,4432.99,-0.91
2021-09-20,4402.95,4432.99,4305.91,4357.73,-1.7
2021-09-21,4374.45,4395.44,4347.96,4354.19,-0.08
2021-09-22,4367.43,4416.75,4354.19,4395.64,0.95
2021-09-23,4406.75,4465.4,4395.64,4448.98,1.21
2021-09-24,4438.04,4463.12,4428.86,4455.48,0.15
2021-09-27,4442.12,4457.3,4436.19,4443.11,-0.28
2021-09-28,4419.54,4443.11,4346.33,4352.63,-2.04
2021-09-29,4362.41,4385.57,4352.63,4359.46,0.16
2021-10-04,4348.84,4357.04,4278.94,4300.46,-1.3
2021-10-05,4309.87,4369.23,4300.46,4345.72,1.05
2021-10-06,4319.57,4365.57,4290.49,4363.55,0.41
2021-10-07,4383.73,4429.97,4363.55,4399.76,0.83
2021-10-08,4406.51,4412.02,4386.22,4391.34,-0.19
2021-10-11,4385.44,4415.88,4360.59,4361.19,-0.69
2021-10-12,4368.31,4374.89,4342.09,4350.65,-0.24
2021-10-13,4358.01,4372.87,4329.92,4363.8,0.3
2021-10-14,4386.75,4439.73,4363.8,4438.26,1.71
2021-10-15,4447.69,4475.82,4438.26,4471.37,0.75
2021-10-18,4463.72,4488.75,4447.47,4486.46,0.34
2021-10-19,4497.34,4520.4,4486.46,4519.63,0.74
2021-10-20,4524.42,4540.87,4519.63,4536.19,0.37
2021-10-21,4532.24,4551.44,4526.31,4549.78,0.3
2021-10-22,4546.12,4559.67,4524.0,4544.9,-0.11
2021-10-25,4553.69,4572.62,4537.36,4566.48,0.47
2021-10-26,4578.69,4598.53,4566.48,4574.79,0.18
2021-10-27,4580.22,4584.57,4551.66,4551.68,-0.51
2021-10-28,4562.84,4597.55,4551.68,4596.42,0.98
2021-10-29,4572.87,4608.08,4567.59,4605.38,0.19
2021-11-01,4610.62,4620.34,4595.06,4613.67,0.18
2021-11-02,4613.34,4635.15,4613.34,4630.65,0.37
2021-11-03,4630.65,4663.46,4621.19,4660.57,0.65
2021-11-04,4662.93,4683.0,4660.57,4680.06,0.42
2021-11-05,4699.26,4718.5,4680.06,4697.53,0.37
2021-11-08,4701.48,4714.92,4694.39,4701.7,0.09
2021-11-09,4707.25,4708.53,4670.87,4685.25,-0.35
2021-11-10,4670.26,4685.25,4630.86,4646.71,-0.82
2021-11-11,4659.39,4664.55,4646.71,4649.27,0.06
2021-11-12,4655.24,4688.47,4649.27,4682.85,0.72
2021-11-15,4689.3,4697.42,4672.86,4682.8,0.0
2021-11-16,4679.42,4714.95,4679.42,4700.9,0.39
2021-11-17,4701.5,4701.5,4684.41,4688.67,-0.26
2021-11-18,4700.72,4708.8,4672.78,4704.54,0.34
2021-11-19,4708.44,4717.75,4694.22,4697.96,-0.14
2021-11-22,4712.0,4743.83,4682.17,4682.94,-0.32
2021-11-23,4678.48,4699.39,4652.66,4690.7,0.17
2021-11-24,4675.78,4702.87,4659.89,4701.46,0.23
2021-11-26,4664.63,4701.46,4585.43,4594.62,-2.27
2021-11-29,4628.75,4672.95,4594.62,4655.27,1.32
2021-11-30,4640.25,4655.27,4560.0,4567.0,-1.9
2021-12-01,4602.82,4652.94,4510.27,4513.04,-1.18
2021-12-02,4504.73,4595.46,4504.73,4577.1,1.42
2021-12-03,4589.49,4608.03,4495.12,4538.43,-0.84
2021-12-06,4548.37,4612.6,4538.43,4591.67,1.17
2021-12-07,4631.97,4694.04,4591.67,4686.75,2.07
2021-12-08,4690.86,4705.06,4674.52,4701.21,0.31
2021-12-09,4691.0,4701.21,4665.98,4667.45,-0.72
2021-12-10,4687.64,4713.57,4667.45,4712.02,0.95
2021-12-13,4710.3,4712.02,4667.6,4668.97,-0.91
2021-12-14,4642.99,4668.97,4606.52,4634.09,-0.75
2021-12-15,4636.46,4712.6,4611.22,4709.85,1.63
2021-12-16,4719.13,4731.99,4651.89,4668.67,-0.87
2021-12-17,4652.5,4668.67,4600.22,4620.64,-1.03
2021-12-20,4587.9,4620.64,4531.1,4568.02,-1.14
2021-12-21,4594.96,4651.14,4568.02,4649.23,1.78
2021-12-22,4650.36,4697.67,4645.53,4696.56,1.02
2021-12-23,4703.96,4730.74,4703.96,4725.78,0.62
2021-12-27,4733.99,4791.49,4725.79,4791.19,1.38
2021-12-28,4795.49,4807.02,4780.04,4786.35,-0.1
2021-12-29,4788.64,4804.06,4778.08,4793.06,0.14
2021-12-30,4794.23,4808.93,4775.33,4778.73,-0.3
2021-12-31,4775.21,4786.83,4765.75,4766.18,-0.26
2022-01-03,4778.14,4796.64,4758.17,4796.56,0.64
2022-01-04,4804.51,4818.62,4774.27,4793.54,-0.06
2022-01-05,4787.99,4797.7,4699.44,4700.58,-1.94
2022-01-06,4693.39,4725.01,4671.26,4696.05,-0.1
2022-01-07,4697.66,4707.95,4662.74,4677.03,-0.41
2022-01-10,4655.34,4677.03,4582.24,4670.29,-0.14
2022-01-11,4669.14,4714.13,4638.27,4713.07,0.92
2022-01-12,4728.59,4748.83,4706.71,4726.35,0.28
2022-01-13,4733.56,4744.13,4650.29,4659.03,-1.42
2022-01-14,4637.99,4665.13,4614.75,4662.85,0.08
2022-01-18,4632.24,4662.85,4568.7,4577.11,-1.84
2022-01-19,4588.03,4611.55,4530.2,4532.76,-0.97
2022-01-20,4551.2,4602.39,4477.4,4482.73,-1.1
2022-01-21,4471.38,4494.52,4395.34,4397.94,-1.89
2022-01-24,4356.32,4417.35,4222.62,4410.13,0.28
2022-01-25,4366.64,4411.01,4287.11,4356.45,-1.22
2022-01-26,4408.43,4453.23,4304.8,4349.93,-0.15
2022-01-27,4380.58,4428.74,4309.5,4326.51,-0.54
2022-01-28,4336.19,4432.72,4292.46,4431.85,2.43
2022-01-31,4431.79,4516.89,4414.02,4515.55,1.89
2022-02-01,4519.57,4550.49,4483.53,4546.54,0.69
2022-02-02,4566.39,4595.31,4544.32,4589.38,0.94
2022-02-03,4535.41,4589.38,4470.39,4477.44,-2.44
2022-02-04,4482.79,4539.66,4451.5,4500.53,0.52
2022-02-07,4505.75,4521.86,4471.47,4483.87,-0.37
2022-02-08,4480.02,4531.32,4465.4,4521.54,0.84
2022-02-09,4547.0,4590.03,4521.54,4587.18,1.45
2022-02-10,4553.24,4588.92,4484.31,4504.08,-1.81
2022-02-11,4506.27,4526.33,4401.41,4418.64,-1.9
2022-02-14,4412.61,4426.22,4364.84,4401.67,-0.38
2022-02-15,4429.28,4472.77,4401.67,4471.07,1.58
2022-02-16,4455.75,4489.55,4429.68,4475.01,0.09
2022-02-17,4456.06,4475.01,4373.81,4380.26,-2.12
2022-02-18,4384.57,4394.6,4327.22,4348.87,-0.72
2022-02-22,4332.74,4362.12,4267.11,4304.76,-1.01
2022-02-23,4324.93,4341.51,4221.51,4225.5,-1.84
2022-02-24,4155.77,4294.73,4114.65,4288.7,1.5
2022-02-25,4298.38,4385.34,4286.83,4384.65,2.24
2022-02-28,4354.17,4388.84,4315.12,4373.94,-0.24
2022-03-01,4363.14,4378.45,4279.54,4306.26,-1.55
2022-03-02,4322.56,4401.48,4306.26,4386.54,1.86
2022-03-03,4401.31,4416.78,4345.56,4363.49,-0.53
2022-03-04,4342.12,4363.49,4284.98,4328.87,-0.79
2022-03-07,4327.01,4328.87,4199.85,4201.09,-2.95
2022-03-08,4202.66,4276.94,4157.87,4170.7,-0.72
2022-03-09,4223.1,4299.4,4170.7,4277.88,2.57
2022-03-10,4252.55,4277.88,4209.8,4259.52,-0.43
2022-03-11,4279.5,4291.01,4200.49,4204.31,-1.3
2022-03-14,4202.75,4247.57,4161.72,4173.11,-0.74
2022-03-15,4188.82,4271.05,4173.11,4262.45,2.14
2022-03-16,4288.14,4358.9,4251.99,4357.86,2.24
2022-03-17,4345.11,4412.67,4335.65,4411.67,1.23
2022-03-18,4407.34,4465.4,4390.57,4463.12,1.17
2022-03-21,4462.4,4481.75,4424.3,4461.18,-0.04
2022-03-22,4469.1,4522.0,4461.18,4511.61,1.13
2022-03-23,4493.1,4511.61,4455.81,4456.24,-1.23
2022-03-24,4469.98,4520.58,4456.24,4520.16,1.43
2022-03-25,4522.91,4546.03,4501.07,4543.06,0.51
2022-03-28,4541.09,4575.65,4517.69,4575.52,0.71
2022-03-29,4602.86,4637.3,4575.52,4631.6,1.23
2022-03-30,4624.2,4631.6,4581.32,4602.45,-0.63
2022-03-31,4599.02,4603.07,4530.41,4530.41,-1.57
2022-04-01,4540.32,4548.7,4507.57,4545.86,0.34
2022-04-04,4547.97,4583.5,4539.21,4582.64,0.81
2022-04-05,4572.45,4593.45,4514.17,4525.12,-1.26
2022-04-06,4494.17,4525.12,4450.04,4481.15,-0.97
2022-04-07,4474.65,4521.16,4450.3,4500.21,0.43
2022-04-08,4494.15,4520.41,4474.6,4488.28,-0.27
2022-04-11,4462.64,4488.28,4408.38,4412.53,-1.69
2022-04-12,4437.59,4471.0,4381.34,4397.45,-0.34
2022-04-13,4394.3,4454.1,4391.87,4446.59,1.12
2022-04-14,4449.12,4460.46,4390.77,4392.59,-1.21
2022-04-18,4385.63,4410.31,4370.3,4391.69,-0.02
2022-04-19,4390.63,4471.03,4390.63,4462.21,1.61
2022-04-20,4472.26,4488.29,4448.76,4459.45,-0.06
2022-04-21,4489.17,4512.94,4384.47,4393.66,-1.48
2022-04-22,4385.83,4393.66,4267.62,4271.78,-2.77
2022-04-25,4255.34,4299.02,4200.82,4296.12,0.57
2022-04-26,4278.14,4296.12,4175.04,4175.2,-2.81
2022-04-27,4186.52,4240.71,4162.9,4183.96,0.21
2022-04-28,4222.58,4308.45,4183.96,4287.5,2.47
2022-04-29,4253.75,4287.5,4124.28,4131.93,-3.63
2022-05-02,4130.61,4169.81,4062.51,4155.38,0.57
2022-05-03,4159.78,4200.1,4147.08,4175.48,0.48
2022-05-04,4181.18,4307.66,4148.91,4300.17,2.99
2022-05-05,4270.43,4300.17,4106.01,4146.87,-3.56
2022-05-06,4128.17,4157.69,4067.91,4123.34,-0.57
2022-05-09,4081.27,4123.34,3975.48,3991.24,-3.2
2022-05-10,4035.18,4068.82,3958.17,4001.05,0.25
2022-05-11,3990.08,4049.09,3928.82,3935.18,-1.65
2022-05-12,3903.95,3964.8,3858.87,3930.08,-0.13
2022-05-13,3963.9,4038.88,3930.08,4023.89,2.39
2022-05-16,4013.02,4046.75,3983.75,4008.01,-0.39
2022-05-17,4052.0,4090.72,4008.01,4088.85,2.02
2022-05-18,4051.98,4088.85,3911.91,3923.68,-4.04
2022-05-19,3899.0,3945.96,3876.58,3900.79,-0.58
2022-05-20,3927.76,3943.42,3810.32,3901.36,0.01
2022-05-23,3919.42,3981.88,3901.36,3973.75,1.86
2022-05-24,3942.94,3973.75,3875.13,3941.48,-0.81
2022-05-25,3929.59,3999.33,3925.03,3978.73,0.95
2022-05-26,3984.6,4075.14,3978.73,4057.84,1.99
2022-05-27,4077.43,4158.49,4057.84,4158.24,2.47
2022-05-31,4151.09,4168.34,4104.88,4132.15,-0.63
2022-06-01,4149.78,4166.54,4073.85,4101.23,-0.75
2022-06-02,4095.41,4177.51,4074.37,4176.82,1.84
2022-06-03,4137.57,4176.82,4098.67,4108.54,-1.63
2022-06-06,4134.72,4168.78,4108.54,4121.43,0.31
2022-06-07,4096.47,4164.86,4080.19,4160.68,0.95
2022-06-08,4147.12,4160.68,4107.2,4115.77,-1.08
2022-06-09,4101.65,4119.1,4017.17,4017.82,-2.38
2022-06-10,3974.39,4017.82,3900.16,3900.86,-2.91
2022-06-13,3838.15,3900.86,3734.3,3749.63,-3.88
2022-06-14,3763.52,3778.18,3705.68,3735.48,-0.38
2022-06-15,3764.05,3837.56,3722.3,3789.99,1.46
2022-06-16,3728.18,3789.99,3639.77,3666.77,-3.25
2022-06-17,3665.9,3707.71,3636.87,3674.84,0.22
2022-06-21,3715.31,3779.65,3674.84,3764.79,2.45
2022-06-22,3733.89,3801.79,3717.69,3759.89,-0.13
2022-06-23,3774.71,3802.58,3743.52,3795.73,0.95
2022-06-24,3821.75,3913.65,3795.73,3911.74,3.06
2022-06-27,3920.76,3927.72,3889.66,3900.11,-0.3
2022-06-28,3913.0,3945.86,3820.14,3821.55,-2.01
2022-06-29,3825.09,3836.5,3799.02,3818.83,-0.07
2022-06-30,3785.99,3818.99,3738.67,3785.38,-0.88
2022-07-01,3781.0,3829.82,3752.1,3825.33,1.06
2022-07-05,3792.61,3832.19,3742.06,3831.39,0.16
2022-07-06,3831.98,3870.91,3809.37,3845.08,0.36
2022-07-07,3858.85,3910.63,3845.08,3902.62,1.5
2022-07-08,3888.26,3918.5,3869.34,3899.38,-0.08
2022-07-11,3880.94,3899.38,3847.22,3854.43,-1.15
2022-07-12,3851.95,3873.41,3802.36,3818.8,-0.92
2022-07-13,3779.67,3829.44,3757.18,3801.78,-0.45
2022-07-14,3763.99,3801.78,3721.56,3790.38,-0.3
2022-07-15,3818.0,3863.62,3790.38,3863.16,1.92
2022-07-18,3883.79,3902.44,3818.63,3830.85,-0.84
2022-07-19,3860.73,3939.81,3830.85,3936.69,2.76
2022-07-20,3935.32,3974.13,3922.03,3959.9,0.59
2022-07-21,3955.47,3999.29,3927.64,3998.95,0.99
2022-07-22,3998.43,4013.12,3938.7,3961.63,-0.93
2022-07-25,3965.72,3975.6,3943.46,3966.84,0.13
2022-07-26,3953.22,3966.84,3910.4,3921.05,-1.15
2022-07-27,3951.43,4039.9,3921.05,4023.61,2.62
2022-07-28,4026.13,4079.04,3992.9,4072.43,1.21
2022-07-29,4087.33,4140.15,4072.43,4130.29,1.42
2022-08-01,4112.38,4144.95,4094.63,4118.63,-0.28
2022-08-02,4104.21,4140.77,4079.81,4091.19,-0.67
2022-08-03,4107.96,4167.66,4107.96,4155.17,1.56
2022-08-04,4154.85,4161.29,4135.42,4151.94,-0.08
2022-08-05,4115.87,4151.94,4106.4,4145.19,-0.16
2022-08-08,4155.93,4186.8,4128.5,4140.06,-0.12
2022-08-09,4133.11,4137.3,4111.49,4122.47,-0.42
2022-08-10,4181.02,4211.32,4177.17,4210.24,2.13
2022-08-11,4227.4,4258.26,4201.26,4207.27,-0.07
2022-08-12,4225.02,4280.47,4219.78,4280.15,1.73
2022-08-15,4269.37,4301.79,4255.78,4297.14,0.4
2022-08-16,4290.46,4325.5,4277.46,4305.2,0.19
2022-08-17,4280.4,4302.59,4252.8,4274.04,-0.72
2022-08-18,4273.13,4292.81,4261.1,4283.74,0.23
2022-08-19,4266.31,4266.31,4218.6,4228.48,-1.29
2022-08-22,4195.08,4195.08,4129.86,4137.99,-2.14
2022-08-23,4133.09,4159.86,4123.5,4128.73,-0.22
2022-08-24,4126.55,4156.91,4119.65,4140.77,0.29
2022-08-25,4153.26,4201.1,4146.17,4199.12,1.41
2022-08-26,4198.74,4204.63,4057.66,4057.66,-3.37
2022-08-29,4034.58,4063.55,4017.24,4030.61,-0.67
2022-08-30,4041.25,4044.98,3964.65,3986.16,-1.1
2022-08-31,4000.67,4015.8,3954.53,3955.0,-0.78
2022-09-01,3936.73,3970.23,3903.0,3966.85,0.3
2022-09-02,3994.66,4019.05,3906.21,3924.26,-1.07
2022-09-06,3930.89,3944.08,3886.75,3908.19,-0.41
2022-09-07,3909.43,3988.1,3905.08,3979.87,1.83
2022-09-08,3959.94,4010.5,3944.81,4006.18,0.66
2022-09-09,4022.94,4076.81,4022.94,4067.36,1.53
2022-09-12,4083.67,4119.28,4083.67,4110.41,1.06
2022-09-13,4037.12,4037.12,3921.28,3932.69,-4.32
2022-09-14,3940.73,3961.94,3912.18,3946.01,0.34
2022-09-15,3932.41,3959.14,3888.28,3901.35,-1.13
2022-09-16,3880.95,3880.95,3837.08,3873.33,-0.72
2022-09-19,3849.91,3900.45,3838.5,3899.89,0.69
2022-09-20,3875.23,3876.01,3827.54,3855.93,-1.13
2022-09-21,3871.4,3907.68,3789.39,3789.93,-1.71
2022-09-22,3782.36,3790.9,3749.45,3757.99,-0.84
2022-09-23,3727.14,3727.14,3647.47,3693.23,-1.72
2022-09-26,3682.72,3715.67,3644.76,3655.04,-1.03
2022-09-27,3686.44,3717.53,3623.29,3647.29,-0.21
2022-09-28,3651.94,3736.74,3640.41,3719.04,1.97
2022-09-29,3687.01,3687.01,3610.4,3640.47,-2.11
2022-09-30,3633.48,3671.44,3584.13,3585.62,-1.51
2022-10-03,3609.78,3698.35,3604.93,3678.43,2.59
2022-10-04,3726.46,3791.92,3726.46,3790.93,3.06
2022-10-05,3753.25,3806.91,3722.66,3783.28,-0.2
2022-10-06,3771.97,3797.93,3739.22,3744.52,-1.02
2022-10-07,3706.74,3706.74,3620.73,3639.66,-2.8
2022-10-10,3647.51,3652.17,3588.1,3612.39,-0.75
2022-10-11,3595.86,3640.66,3568.45,3588.84,-0.65
2022-10-12,3590.83,3608.85,3573.86,3577.03,-0.33
2022-10-13,3520.37,3685.5,3490.0,3669.91,2.6
2022-10-14,3690.41,3712.0,3579.68,3583.07,-2.37
2022-10-17,3644.24,3690.6,3638.65,3677.95,2.65
2022-10-18,3746.26,3764.55,3686.3,3719.98,1.14
2022-10-19,3703.11,3728.8,3666.21,3695.16,-0.67
2022-10-20,3689.05,3737.0,3656.25,3665.78,-0.8
2022-10-21,3657.1,3758.15,3646.34,3752.75,2.37
2022-10-24,3762.01,3811.0,3741.38,3797.34,1.19
2022-10-25,3799.44,3863.25,3798.51,3859.11,1.63
2022-10-26,3825.97,3886.15,3824.07,3830.6,-0.74
2022-10-27,3834.69,3860.1,3803.75,3807.3,-0.61
2022-10-28,3808.26,3906.05,3807.4,3901.06,2.46
2022-10-31,3881.85,3893.73,3861.85,3871.98,-0.75
2022-11-01,3901.79,3913.62,3842.85,3856.1,-0.41
2022-11-02,3852.9,3895.6,3758.68,3759.69,-2.5
2022-11-03,3733.25,3750.59,3698.15,3719.89,-1.06
2022-11-04,3766.98,3796.34,3708.84,3770.55,1.36
2022-11-07,3780.71,3813.95,3764.7,3806.8,0.96
2022-11-08,3817.02,3859.4,3786.28,3828.11,0.56
2022-11-09,3810.94,3818.2,3743.85,3748.57,-2.08
2022-11-10,3859.89,3958.33,3859.89,3956.37,5.54
2022-11-11,3963.72,4001.48,3944.82,3992.93,0.92
2022-11-14,3977.97,4008.97,3956.4,3957.25,-0.89
2022-11-15,4006.41,4028.84,3953.17,3991.73,0.87
2022-11-16,3976.82,3983.09,3954.34,3958.79,-0.83
2022-11-17,3919.26,3954.33,3906.54,3946.56,-0.31
2022-11-18,3966.39,3979.89,3935.98,3965.34,0.48
2022-11-21,3956.23,3962.0,3933.34,3949.94,-0.39
2022-11-22,3965.51,4005.88,3956.88,4003.58,1.36
2022-11-23,4000.3,4033.78,3998.66,4027.26,0.59
2022-11-25,4023.34,4034.02,4020.76,4026.12,-0.03
2022-11-28,4005.36,4012.27,3955.77,3963.94,-1.54
2022-11-29,3964.19,3976.77,3937.65,3957.63,-0.16
2022-11-30,3957.18,4080.11,3938.58,4080.11,3.09
2022-12-01,4087.14,4100.51,4050.87,4076.57,-0.09
2022-12-02,4040.17,4080.48,4026.63,4071.7,-0.12
2022-12-05,4052.02,4052.45,3984.49,3998.84,-1.79
2022-12-06,3996.63,4001.51,3918.39,3941.26,-1.44
2022-12-07,3933.28,3957.57,3922.68,3933.92,-0.19
2022-12-08,3947.79,3974.19,3935.83,3963.51,0.75
2022-12-09,3954.17,3977.02,3933.04,3934.38,-0.73
2022-12-12,3939.29,3990.71,3935.3,3990.56,1.43
2022-12-13,4069.38,4100.96,3993.03,4019.65,0.73
2022-12-14,4015.54,4053.76,3965.65,3995.32,-0.61
2022-12-15,3958.37,3958.37,3879.45,3895.75,-2.49
2022-12-16,3890.91,3890.91,3827.91,3852.36,-1.11
2022-12-19,3853.79,3854.86,3800.04,3817.66,-0.9
2022-12-20,3810.47,3838.24,3795.62,3821.62,0.1
2022-12-21,3839.49,3889.82,3839.49,3878.44,1.49
2022-12-22,3853.26,3853.26,3764.49,3822.39,-1.45
2022-12-23,3815.11,3845.8,3797.01,3844.82,0.59
2022-12-27,3843.34,3846.65,3813.22,3829.25,-0.4
2022-12-28,3829.56,3848.32,3780.78,3783.22,-1.2
2022-12-29,3805.45,3858.19,3805.45,3849.28,1.75
2022-12-30,3829.06,3839.85,3800.34,3839.5,-0.25
2023-01-03,3853.29,3878.46,3794.33,3824.14,-0.4
2023-01-04,3840.36,3873.16,3815.77,3852.97,0.75
2023-01-05,3839.74,3839.74,3802.42,3808.1,-1.16
2023-01-06,3823.37,3906.19,3809.56,3895.08,2.28
2023-01-09,3910.82,3950.57,3890.42,3892.09,-0.08
2023-01-10,3888.57,3919.83,3877.29,3919.25,0.7
2023-01-11,3932.35,3970.07,3928.54,3969.61,1.28
2023-01-12,3977.57,3997.76,3937.56,3983.17,0.34
2023-01-13,3960.6,4003.95,3947.67,3999.09,0.4
2023-01-17,3999.28,4015.39,3984.57,3990.97,-0.2
2023-01-18,4002.25,4014.16,3926.59,3928.86,-1.56
2023-01-19,3911.84,3922.94,3885.54,3898.85,-0.76
2023-01-20,3909.04,3972.96,3897.86,3972.61,1.89
2023-01-23,3978.14,4039.31,3971.64,4019.81,1.19
2023-01-24,4001.74,4024.29,3989.3,4016.95,-0.07
2023-01-25,3982.71,4019.55,3949.06,4016.22,-0.02
2023-01-26,4036.08,4061.57,4013.29,4060.43,1.1
2023-01-27,4053.72,4094.21,4048.7,4070.56,0.25
2023-01-30,4049.27,4063.85,4015.55,4017.77,-1.3
2023-01-31,4020.85,4077.16,4020.44,4076.6,1.46
2023-02-01,4070.07,4148.95,4037.2,4119.21,1.05
2023-02-02,4158.68,4195.44,4141.88,4179.76,1.47
2023-02-03,4136.69,4182.36,4123.36,4136.48,-1.04
2023-02-06,4119.57,4124.63,4093.38,4111.08,-0.61
2023-02-07,4105.35,4176.54,4088.39,4164.0,1.29
2023-02-08,4153.47,4156.85,4111.67,4117.86,-1.11
2023-02-09,4144.25,4156.23,4069.67,4081.5,-0.88
2023-02-10,4068.92,4094.36,4060.79,4090.46,0.22
2023-02-13,4096.62,4138.9,4092.67,4137.29,1.14
2023-02-14,4126.7,4159.77,4095.01,4136.13,-0.03
2023-02-15,4119.5,4148.11,4103.98,4147.6,0.28
2023-02-16,4114.75,4136.54,4089.49,4090.41,-1.38
2023-02-17,4077.39,4081.51,4047.95,4079.09,-0.28
2023-02-21,4052.35,4052.35,3995.19,3997.34,-2.0
2023-02-22,4001.83,4017.37,3976.9,3991.05,-0.16
2023-02-23,4018.6,4028.3,3969.19,4012.32,0.53
2023-02-24,3973.24,3978.25,3943.08,3970.04,-1.05
2023-02-27,3992.36,4018.05,3973.55,3982.24,0.31
2023-02-28,3977.19,3997.5,3968.98,3970.15,-0.3
2023-03-01,3963.34,3971.73,3939.05,3951.39,-0.47
2023-03-02,3938.68,3990.84,3928.16,3981.35,0.76
2023-03-03,3998.02,4048.29,3995.17,4045.64,1.61
2023-03-06,4055.15,4078.49,4044.61,4048.42,0.07
2023-03-07,4048.26,4050.0,3980.31,3986.37,-1.53
2023-03-08,3987.55,4000.41,3969.76,3992.01,0.14
2023-03-09,3998.66,4017.81,3908.7,3918.32,-1.85
2023-03-10,3912.77,3934.05,3846.32,3861.59,-1.45
2023-03-13,3835.12,3905.05,3808.86,3855.76,-0.15
2023-03-14,3894.01,3937.29,3873.63,3919.29,1.65
2023-03-15,3876.74,3894.26,3838.24,3891.93,-0.7
2023-03-16,3878.93,3964.46,3864.11,3960.28,1.76
2023-03-17,3958.69,3958.91,3901.27,3916.64,-1.1
2023-03-20,3917.47,3956.62,3916.89,3951.57,0.89
2023-03-21,3975.89,4009.08,3971.19,4002.87,1.3
2023-03-22,4002.04,4039.49,3936.17,3936.97,-1.65
2023-03-23,3959.21,4007.66,3919.05,3948.72,0.3
2023-03-24,3939.21,3972.74,3909.16,3970.99,0.56
2023-03-27,3982.93,4003.83,3970.49,3977.53,0.16
2023-03-28,3974.13,3979.2,3951.53,3971.27,-0.16
2023-03-29,3999.53,4030.59,3999.53,4027.81,1.42
2023-03-30,4046.74,4057.85,4032.1,4050.83,0.57
2023-03-31,4056.18,4110.75,4056.18,4109.31,1.44
2023-04-03,4102.2,4127.66,4098.79,4124.51,0.37
2023-04-04,4128.03,4133.13,4086.87,4100.6,-0.58
2023-04-05,4094.5,4099.69,4072.56,4090.38,-0.25
2023-04-06,4081.15,4107.32,4069.84,4105.02,0.36
2023-04-10,4085.2,4109.5,4072.55,4109.11,0.1
2023-04-11,4110.29,4124.26,4102.61,4108.94,0.0
2023-04-12,4121.72,4134.37,4086.94,4091.95,-0.41
2023-04-13,4100.04,4150.4,4097.5,4146.22,1.33
2023-04-14,4140.11,4163.19,4113.2,4137.64,-0.21
2023-04-17,4137.17,4151.72,4123.18,4151.32,0.33
2023-04-18,4164.26,4169.48,4140.36,4154.87,0.09
2023-04-19,4139.33,4162.57,4134.49,4154.52,-0.01
2023-04-20,4130.48,4148.57,4114.57,4129.79,-0.6
2023-04-21,4132.14,4138.02,4113.86,4133.52,0.09
2023-04-24,4132.07,4142.41,4117.77,4137.04,0.09
2023-04-25,4126.43,4126.43,4071.38,4071.63,-1.58
2023-04-26,4087.78,4089.67,4049.35,4055.99,-0.38
2023-04-27,4075.29,4138.24,4075.29,4135.35,1.96
2023-04-28,4129.63,4170.06,4127.18,4169.48,0.83
2023-05-01,4166.79,4186.92,4164.12,4167.87,-0.04
2023-05-02,4164.1,4164.1,4089.72,4119.58,-1.16
2023-05-03,4122.25,4148.3,4088.86,4090.75,-0.7
2023-05-04,4082.55,4082.61,4048.28,4061.22,-0.72
2023-05-05,4084.73,4147.02,4084.73,4136.25,1.85
2023-05-08,4136.98,4142.3,4123.81,4138.12,0.05
2023-05-09,4124.25,4130.35,4116.65,4119.17,-0.46
2023-05-10,4143.74,4154.28,4098.92,4137.64,0.45
2023-05-11,4132.24,4132.8,4109.29,4130.62,-0.17
2023-05-12,4138.54,4143.74,4099.12,4124.08,-0.16
2023-05-15,4126.65,4141.25,4110.27,4136.28,0.3
2023-05-16,4127.95,4135.54,4109.86,4109.9,-0.64
2023-05-17,4122.85,4164.67,4113.62,4158.77,1.19
2023-05-18,4157.68,4202.2,4153.5,4198.05,0.94
2023-05-19,4204.15,4212.91,4180.2,4191.98,-0.14
2023-05-22,4190.78,4209.22,4179.68,4192.63,0.02
2023-05-23,4176.8,4185.68,4142.54,4145.58,-1.12
2023-05-24,4132.96,4132.96,4103.98,4115.24,-0.73
2023-05-25,4155.71,4165.74,4129.73,4151.28,0.88
2023-05-26,4156.16,4212.87,4156.16,4205.45,1.3
2023-05-30,4226.71,4231.1,4192.18,4205.52,0.0
2023-05-31,4190.74,4195.44,4166.15,4179.83,-0.61
2023-06-01,4183.03,4232.43,4171.64,4221.02,0.99
2023-06-02,4241.01,4290.67,4241.01,4282.37,1.45
2023-06-05,4282.99,4299.28,4266.82,4273.79,-0.2
2023-06-06,4271.34,4288.33,4263.09,4283.85,0.24
2023-06-07,4285.47,4299.19,4263.96,4267.52,-0.38
2023-06-08,4268.69,4298.01,4261.07,4293.93,0.62
2023-06-09,4304.88,4322.62,4291.7,4298.86,0.11
2023-06-12,4308.32,4340.13,4304.37,4338.93,0.93
2023-06-13,4352.61,4375.37,4349.31,4369.01,0.69
2023-06-14,4366.29,4391.82,4337.85,4372.59,0.08
2023-06-15,4365.33,4439.2,4362.6,4425.84,1.22
2023-06-16,4440.95,4448.47,4407.44,4409.59,-0.37
2023-06-20,4396.11,4400.15,4367.19,4388.71,-0.47
2023-06-21,4380.01,4386.22,4360.14,4365.69,-0.52
2023-06-22,4355.4,4382.25,4351.82,4381.89,0.37
2023-06-23,4354.17,4366.55,4341.34,4348.33,-0.77
2023-06-26,4344.84,4362.06,4328.08,4328.82,-0.45
2023-06-27,4337.36,4384.42,4335.0,4378.41,1.15
2023-06-28,4367.48,4390.35,4360.22,4376.86,-0.04
2023-06-29,4374.94,4398.39,4371.97,4396.44,0.45
2023-06-30,4422.44,4458.48,4422.44,4450.38,1.23
2023-07-03,4422.44,4458.48,4422.44,4455.59,0.12
2023-07-05,4442.04,4454.06,4436.61,4446.82,-0.2
2023-07-06,4422.62,4422.62,4385.05,4411.59,-0.79
2023-07-07,4404.54,4440.39,4397.4,4398.95,-0.29
2023-07-10,4394.23,4412.6,4389.92,4409.53,0.24
2023-07-11,4415.55,4443.64,4408.46,4439.26,0.67
2023-07-12,4467.69,4488.34,4463.23,4472.16,0.74
2023-07-13,4491.5,4517.38,4489.36,4510.04,0.85
2023-07-14,4514.61,4527.76,4499.56,4505.42,-0.1
2023-07-17,4508.86,4532.85,4504.9,4522.79,0.39
2023-07-18,4521.78,4562.3,4514.59,4554.98,0.71
2023-07-19,4563.87,4578.43,4557.48,4565.72,0.24
2023-07-20,4554.38,4564.74,4527.56,4534.87,-0.68
2023-07-21,4550.16,4555.0,4535.79,4536.34,0.03
2023-07-24,4543.39,4563.41,4541.29,4554.64,0.4
2023-07-25,4555.19,4580.62,4552.42,4567.46,0.28
2023-07-26,4558.96,4582.47,4547.58,4566.75,-0.02
2023-07-27,4598.26,4607.07,4528.56,4537.41,-0.64
2023-07-28,4565.75,4590.16,4564.01,4582.23,0.99
2023-07-31,4584.82,4594.22,4573.14,4588.96,0.15
2023-08-01,4578.83,4584.62,4567.53,4576.73,-0.27
2023-08-02,4550.93,4550.93,4505.75,4513.39,-1.38
2023-08-03,4494.27,4519.49,4485.54,4501.89,-0.25
2023-08-04,4513.96,4540.34,4474.55,4478.03,-0.53
2023-08-07,4491.58,4519.84,4491.15,4518.44,0.9
2023-08-08,4498.03,4503.31,4464.39,4499.38,-0.42
2023-08-09,4501.57,4502.44,4461.33,4467.71,-0.7
2023-08-10,4487.16,4527.37,4457.92,4468.83,0.03
2023-08-11,4450.69,4476.23,4443.98,4464.05,-0.11
2023-08-14,4458.13,4490.33,4453.44,4489.72,0.58
2023-08-15,4478.87,4478.87,4432.19,4437.86,-1.16
2023-08-16,4433.79,4449.95,4403.55,4404.33,-0.76
2023-08-17,4416.32,4421.17,4364.83,4370.36,-0.77
2023-08-18,4344.88,4381.82,4335.31,4369.71,-0.01
2023-08-21,4380.28,4407.55,4360.3,4399.77,0.69
2023-08-22,4415.33,4418.59,4382.77,4387.55,-0.28
2023-08-23,4396.44,4443.18,4396.44,4436.01,1.1
2023-08-24,4455.16,4458.3,4375.55,4376.31,-1.35
2023-08-25,4389.38,4418.46,4356.29,4405.71,0.67
2023-08-28,4426.03,4439.56,4414.98,4433.31,0.63
2023-08-29,4432.75,4500.14,4431.68,4497.63,1.45
2023-08-30,4500.34,4521.65,4493.59,4514.87,0.38
2023-08-31,4517.01,4532.26,4507.39,4507.66,-0.16
2023-09-01,4530.6,4541.25,4501.35,4515.77,0.18
2023-09-05,4510.06,4514.29,4496.01,4496.83,-0.42
2023-09-06,4490.35,4490.35,4442.38,4465.48,-0.7
2023-09-07,4434.55,4457.81,4430.46,4451.14,-0.32
2023-09-08,4451.3,4473.53,4448.38,4457.49,0.14
2023-09-11,4480.98,4490.77,4467.89,4487.46,0.67
2023-09-12,4473.27,4487.11,4456.83,4461.9,-0.57
2023-09-13,4462.65,4479.39,4453.52,4467.44,0.12
2023-09-14,4487.78,4511.99,4478.69,4505.1,0.84
2023-09-15,4497.98,4497.98,4447.21,4450.32,-1.22
2023-09-18,4445.13,4466.36,4442.11,4453.53,0.07
2023-09-19,4445.41,4449.85,4416.61,4443.95,-0.22
2023-09-20,4452.81,4461.03,4401.38,4402.2,-0.94
2023-09-21,4374.36,4375.7,4329.17,4330.0,-1.64
2023-09-22,4341.74,4357.4,4316.49,4320.06,-0.23
2023-09-25,4310.62,4338.51,4302.7,4337.44,0.4
2023-09-26,4312.88,4313.01,4265.98,4273.53,-1.47
2023-09-27,4282.63,4292.07,4238.63,4274.51,0.02
2023-09-28,4269.65,4317.27,4264.38,4299.7,0.59
2023-09-29,4328.18,4333.15,4274.86,4288.05,-0.27
2023-10-02,4284.52,4300.58,4260.21,4288.39,0.01
2023-10-03,4269.75,4281.15,4216.45,4229.45,-1.37
2023-10-04,4233.83,4268.5,4220.48,4263.75,0.81
2023-10-05,4259.31,4267.13,4225.91,4258.19,-0.13
2023-10-06,4234.79,4324.1,4219.55,4308.5,1.18
2023-10-09,4289.02,4341.73,4283.79,4335.66,0.63
2023-10-10,4339.75,4385.46,4339.64,4358.24,0.52
2023-10-11,4366.59,4378.64,4345.34,4376.95,0.43
2023-10-12,4380.94,4385.85,4325.43,4349.61,-0.62
2023-10-13,4360.49,4377.1,4311.97,4327.78,-0.5
2023-10-16,4342.37,4383.33,4342.37,4373.63,1.06
2023-10-17,4345.23,4393.57,4337.54,4373.2,-0.01
2023-10-18,4357.35,4364.2,4303.84,4314.6,-1.34
2023-10-19,4321.36,4339.54,4269.69,4278.0,-0.85
2023-10-20,4273.85,4276.56,4223.03,4224.16,-1.26
2023-10-23,4210.4,4255.84,4189.22,4217.04,-0.17
2023-10-24,4235.79,4259.38,4219.43,4247.68,0.73
2023-10-25,4232.42,4232.42,4181.42,4186.77,-1.43
2023-10-26,4175.99,4183.6,4127.9,4137.23,-1.18
2023-10-27,4152.93,4156.7,4103.78,4117.37,-0.48
2023-10-30,4139.39,4177.47,4132.94,4166.82,1.2
2023-10-31,4171.33,4195.55,4153.12,4193.8,0.65
2023-11-01,4201.27,4245.64,4197.74,4237.86,1.05
2023-11-02,4268.26,4319.72,4268.26,4317.78,1.89
2023-11-03,4334.23,4373.62,4334.23,4358.34,0.94
2023-11-06,4364.27,4372.21,4347.53,4365.98,0.18
2023-11-07,4366.21,4386.26,4355.41,4378.38,0.28
2023-11-08,4384.37,4391.2,4359.76,4382.78,0.1
2023-11-09,4391.41,4393.4,4343.94,4347.35,-0.81
2023-11-10,4364.15,4418.03,4353.34,4415.24,1.56
2023-11-13,4406.66,4421.76,4393.82,4411.55,-0.08
2023-11-14,4458.97,4508.67,4458.97,4495.7,1.91
2023-11-15,4505.3,4521.17,4495.31,4502.88,0.16
2023-11-16,4497.08,4511.99,4487.83,4508.24,0.12
2023-11-17,4509.55,4520.12,4499.66,4514.02,0.13
2023-11-20,4511.7,4557.11,4510.36,4547.38,0.74
2023-11-21,4538.77,4542.14,4525.51,4538.19,-0.2
2023-11-22,4553.04,4568.43,4545.05,4556.62,0.41
2023-11-24,4555.84,4560.31,4552.8,4559.34,0.06
2023-11-27,4554.86,4560.52,4546.32,4550.43,-0.2
2023-11-28,4545.55,4568.14,4540.51,4554.89,0.1
2023-11-29,4571.84,4587.64,4547.15,4550.58,-0.09
2023-11-30,4554.87,4569.89,4537.24,4567.8,0.38
2023-12-01,4559.43,4599.39,4554.71,4594.63,0.59
2023-12-04,4564.37,4572.37,4546.72,4569.78,-0.54
2023-12-05,4557.25,4578.56,4551.68,4567.18,-0.06
2023-12-06,4586.23,4590.74,4546.5,4549.34,-0.39
2023-12-07,4568.84,4590.92,4565.22,4585.59,0.8
2023-12-08,4576.2,4609.23,4574.06,4604.37,0.41
2023-12-11,4593.39,4623.71,4593.39,4622.44,0.39
2023-12-12,4618.3,4643.93,4608.09,4643.7,0.46
2023-12-13,4646.2,4709.69,4643.23,4707.09,1.37
2023-12-14,4721.04,4738.57,4694.34,4719.55,0.26
2023-12-15,4714.23,4725.53,4704.69,4719.19,-0.01
2023-12-18,4725.58,4749.52,4725.58,4740.56,0.45
2023-12-19,4743.72,4768.69,4743.72,4768.37,0.59
2023-12-20,4764.73,4778.01,4697.82,4698.35,-1.47
2023-12-21,4724.29,4748.71,4708.35,4746.75,1.03
2023-12-22,4753.92,4772.94,4736.77,4754.63,0.17
2023-12-26,4758.86,4784.72,4758.45,4774.75,0.42
2023-12-27,4773.45,4785.39,4768.9,4781.58,0.14
2023-12-28,4786.44,4793.3,4780.98,4783.35,0.04
2023-12-29,4782.88,4788.43,4751.99,4769.83,-0.28
2024-01-02,4745.2,4754.33,4722.67,4742.83,-0.57
2024-01-03,4725.07,4729.29,4699.71,4704.81,-0.8
2024-01-04,4697.42,4726.78,4687.53,4688.68,-0.34
2024-01-05,4690.57,4721.49,4682.11,4697.24,0.18
2024-01-08,4703.7,4764.54,4699.82,4763.54,1.41
2024-01-09,4741.93,4765.47,4730.35,4756.5,-0.15
2024-01-10,4759.94,4790.8,4756.2,4783.45,0.57
2024-01-11,4792.13,4798.5,4739.58,4780.24,-0.07
2024-01-12,4791.18,4802.4,4768.98,4783.83,0.08
2024-01-16,4772.35,4782.34,4747.12,4765.98,-0.37
2024-01-17,4739.13,4744.23,4714.82,4739.21,-0.56
2024-01-18,4760.1,4785.79,4740.57,4780.94,0.88
2024-01-19,4796.28,4842.07,4785.87,4839.81,1.23
2024-01-22,4853.42,4868.41,4844.05,4850.43,0.22
2024-01-23,4856.8,4866.48,4844.37,4864.6,0.29
2024-01-24,4888.56,4903.68,4865.94,4868.55,0.08
2024-01-25,4886.66,4898.15,4869.34,4894.16,0.53
2024-01-26,4888.91,4906.69,4881.47,4890.97,-0.07
2024-01-29,4892.95,4929.31,4887.4,4927.93,0.76
2024-01-30,4925.89,4931.09,4916.27,4924.97,-0.06
2024-01-31,4899.19,4906.75,4845.15,4845.65,-1.61
2024-02-01,4861.11,4906.97,4853.52,4906.19,1.25
2024-02-02,4916.06,4975.29,4907.99,4958.61,1.07
2024-02-05,4957.19,4957.19,4918.09,4942.81,-0.32
2024-02-06,4950.16,4957.77,4934.88,4954.23,0.23
2024-02-07,4973.05,4999.89,4969.05,4995.06,0.82
2024-02-08,4995.16,5000.4,4987.09,4997.91,0.06
2024-02-09,5004.17,5030.06,5000.34,5026.61,0.57
2024-02-12,5026.83,5048.39,5016.83,5021.84,-0.09
2024-02-13,4967.94,4971.3,4920.31,4953.17,-1.37
2024-02-14,4976.44,5002.52,4956.45,5000.62,0.96
2024-02-15,5003.14,5032.72,4999.44,5029.73,0.58
2024-02-16,5031.13,5038.7,4999.52,5005.57,-0.48
2024-02-20,4989.32,4993.71,4955.02,4975.51,-0.6
2024-02-21,4963.03,4983.21,4946.0,4981.8,0.13
2024-02-22,5038.83,5094.39,5038.83,5087.03,2.11
2024-02-23,5100.92,5111.06,5081.46,5088.8,0.03
2024-02-26,5093.0,5097.66,5068.91,5069.53,-0.38
2024-02-27,5074.6,5080.69,5057.29,5078.18,0.17
2024-02-28,5067.2,5077.37,5058.35,5069.76,-0.17
2024-02-29,5085.36,5104.99,5061.89,5096.27,0.52
2024-03-01,5098.51,5140.33,5094.16,5137.08,0.8
2024-03-04,5130.99,5149.67,5127.18,5130.95,-0.12
2024-03-05,5110.52,5114.54,5056.82,5078.65,-1.02
2024-03-06,5108.03,5127.97,5092.22,5104.76,0.51
2024-03-07,5132.38,5165.62,5128.21,5157.36,1.03
2024-03-08,5164.46,5189.26,5117.5,5123.69,-0.65
2024-03-11,5111.96,5124.66,5091.14,5117.94,-0.11
2024-03-12,5134.3,5179.87,5114.48,5175.27,1.12
2024-03-13,5175.37,5179.14,5151.26,5165.31,-0.19
2024-03-14,5173.18,5176.85,5123.3,5150.48,-0.29
2024-03-15,5123.31,5136.86,5104.35,5117.09,-0.65
2024-03-18,5154.77,5175.6,5145.47,5149.42,0.63
2024-03-19,5139.09,5180.31,5131.59,5178.51,0.56
2024-03-20,5181.69,5226.19,5171.55,5224.62,0.89
2024-03-21,5253.43,5261.1,5240.66,5241.53,0.32
2024-03-22,5242.48,5246.09,5229.87,5234.18,-0.14
2024-03-25,5219.52,5229.09,5216.09,5218.19,-0.31
2024-03-26,5228.85,5235.16,5203.42,5203.58,-0.28
2024-03-27,5226.31,5249.26,5213.92,5248.49,0.86
2024-03-28,5248.03,5264.85,5245.82,5254.35,0.11
2024-04-01,5257.97,5263.95,5229.2,5243.77,-0.2
2024-04-02,5204.29,5208.34,5184.05,5205.81,-0.72
2024-04-03,5194.37,5228.75,5194.37,5211.49,0.11
2024-04-04,5244.05,5256.59,5146.06,5147.21,-1.23
2024-04-05,5158.95,5222.18,5157.21,5204.34,1.11
2024-04-08,5211.37,5219.57,5197.35,5202.39,-0.04
2024-04-09,5217.03,5224.81,5160.78,5209.91,0.14
2024-04-10,5167.88,5178.43,5138.7,5160.64,-0.95
2024-04-11,5172.95,5211.78,5138.77,5199.06,0.74
2024-04-12,5171.51,5175.03,5107.94,5123.41,-1.46
2024-04-15,5149.67,5168.43,5052.47,5061.82,-1.2
2024-04-16,5064.59,5079.84,5039.83,5051.41,-0.21
2024-04-17,5068.97,5077.96,5007.25,5022.21,-0.58
2024-04-18,5031.52,5056.66,5001.89,5011.12,-0.22
2024-04-19,5005.44,5019.02,4953.56,4967.23,-0.88
2024-04-22,4987.33,5038.84,4969.4,5010.6,0.87
2024-04-23,5028.85,5076.12,5027.96,5070.55,1.2
2024-04-24,5084.86,5089.48,5047.02,5071.63,0.02
2024-04-25,5019.88,5057.75,4990.58,5048.42,-0.46
2024-04-26,5084.65,5114.62,5073.14,5099.96,1.02
2024-04-29,5114.13,5123.49,5088.65,5116.17,0.32
2024-04-30,5103.78,5110.83,5035.31,5035.69,-1.57
2024-05-01,5029.03,5096.12,5013.45,5018.39,-0.34
2024-05-02,5049.32,5073.21,5011.05,5064.2,0.91
2024-05-03,5122.78,5139.12,5101.22,5127.79,1.26
2024-05-06,5142.42,5181.0,5142.42,5180.74,1.03
2024-05-07,5187.2,5200.23,5178.96,5187.7,0.13
2024-05-08,5168.98,5191.95,5165.86,5187.67,0.0
2024-05-09,5189.03,5215.3,5180.41,5214.08,0.51
2024-05-10,5225.49,5239.66,5209.68,5222.68,0.16
2024-05-13,5233.08,5237.26,5211.16,5221.42,-0.02
2024-05-14,5221.1,5250.37,5217.98,5246.68,0.48
2024-05-15,5263.26,5311.76,5263.26,5308.15,1.17
2024-05-16,5310.07,5325.49,5296.19,5297.1,-0.21
2024-05-17,5303.1,5305.45,5283.59,5303.27,0.12
2024-05-20,5305.35,5325.32,5302.4,5308.13,0.09
2024-05-21,5298.69,5324.32,5297.87,5321.41,0.25
2024-05-22,5319.28,5323.18,5286.01,5307.01,-0.27
2024-05-23,5340.26,5341.88,5256.93,5267.84,-0.74
2024-05-24,5281.45,5311.65,5278.39,5304.72,0.7
2024-05-28,5315.91,5315.91,5280.89,5306.04,0.02
2024-05-29,5278.73,5282.27,5262.7,5266.95,-0.74
2024-05-30,5259.77,5260.37,5222.1,5235.48,-0.6
2024-05-31,5243.21,5280.33,5191.68,5277.51,0.8
2024-06-03,5297.15,5302.11,5234.32,5283.4,0.11
2024-06-04,5278.24,5298.8,5257.63,5291.34,0.15
2024-06-05,5314.48,5354.16,5297.64,5354.03,1.18
2024-06-06,5357.8,5362.35,5335.36,5352.96,-0.02
2024-06-07,5343.81,5375.08,5331.33,5346.99,-0.11
2024-06-10,5341.22,5365.79,5331.52,5360.79,0.26
2024-06-11,5353.0,5375.95,5327.25,5375.32,0.27
2024-06-12,5409.13,5447.25,5409.13,5421.03,0.85
2024-06-13,5441.93,5441.93,5402.51,5433.74,0.23
2024-06-14,5424.08,5432.39,5403.75,5431.6,-0.04
2024-06-17,5431.11,5488.5,5420.4,5473.23,0.77
2024-06-18,5476.15,5490.38,5471.32,5487.03,0.25
2024-06-20,5499.99,5505.53,5455.56,5473.17,-0.25
2024-06-21,5466.77,5478.31,5452.03,5464.62,-0.16
2024-06-24,5459.58,5490.66,5447.59,5447.87,-0.31
2024-06-25,5460.73,5472.88,5446.56,5469.3,0.39
2024-06-26,5460.71,5483.14,5451.87,5477.9,0.16
2024-06-27,5473.59,5490.81,5467.54,5482.87,0.09
2024-06-28,5488.48,5523.64,5451.12,5460.48,-0.41
2024-07-01,5471.08,5479.55,5446.53,5475.09,0.27
2024-07-02,5461.84,5509.69,5458.43,5509.01,0.62
2024-07-03,5507.44,5539.27,5507.42,5537.02,0.51
2024-07-05,5537.91,5570.33,5531.63,5567.19,0.54
2024-07-08,5572.75,5583.11,5562.51,5572.85,0.1
2024-07-09,5583.03,5591.02,5574.57,5576.98,0.07
2024-07-10,5591.26,5635.39,5576.98,5633.91,1.02
2024-07-11,5635.21,5642.45,5576.53,5584.54,-0.88
2024-07-12,5590.76,5655.56,5584.54,5615.35,0.55
2024-07-15,5638.16,5666.94,5614.75,5631.22,0.28
2024-07-16,5644.09,5669.67,5631.22,5667.2,0.64
2024-07-17,5610.07,5667.2,5584.81,5588.27,-1.39
2024-07-18,5608.56,5614.05,5522.81,5544.59,-0.78
2024-07-19,5542.67,5558.17,5496.63,5505.0,-0.71
2024-07-22,5544.54,5570.36,5529.04,5564.41,1.08
2024-07-23,5565.3,5585.34,5550.9,5555.74,-0.16
2024-07-24,5505.84,5508.04,5419.98,5427.13,-2.31
2024-07-25,5428.7,5491.59,5390.95,5399.22,-0.51
2024-07-26,5433.67,5488.32,5430.7,5459.1,1.11
2024-07-29,5476.55,5487.74,5444.44,5463.54,0.08
2024-07-30,5478.73,5489.46,5401.7,5436.44,-0.5
2024-07-31,5505.59,5551.51,5493.75,5522.3,1.58
2024-08-01,5537.84,5566.16,5410.42,5446.68,-1.37
2024-08-02,5376.63,5383.89,5302.03,5346.56,-1.84
2024-08-05,5151.14,5250.89,5119.26,5186.33,-3.0
2024-08-06,5206.42,5312.34,5193.56,5240.03,1.04
2024-08-07,5293.13,5330.64,5195.54,5199.5,-0.77
2024-08-08,5252.57,5328.03,5233.85,5319.31,2.3
2024-08-09,5314.66,5358.67,5300.84,5344.16,0.47
2024-08-12,5351.88,5371.2,5324.37,5344.39,0.0
2024-08-13,5376.98,5436.5,5376.98,5434.43,1.68
2024-08-14,5442.36,5463.22,5415.91,5455.21,0.38
2024-08-15,5501.13,5546.23,5501.13,5543.22,1.61
2024-08-16,5530.5,5561.98,5525.17,5554.25,0.2
2024-08-19,5557.23,5608.3,5550.74,5608.25,0.97
2024-08-20,5602.88,5620.51,5585.5,5597.12,-0.2
2024-08-21,5603.09,5632.68,5591.57,5620.85,0.42
2024-08-22,5637.77,5643.22,5560.95,5570.64,-0.89
2024-08-23,5602.49,5641.82,5585.16,5634.61,1.15
2024-08-26,5639.66,5651.62,5602.34,5616.84,-0.32
2024-08-27,5602.89,5631.18,5593.48,5625.8,0.16
2024-08-28,5624.51,5627.03,5560.95,5592.18,-0.6
2024-08-29,5607.3,5646.95,5583.71,5591.96,0.0
2024-08-30,5612.74,5651.37,5581.79,5648.4,1.01
2024-09-03,5623.89,5623.89,5504.33,5528.93,-2.12
2024-09-04,5506.68,5552.99,5503.66,5520.07,-0.16
2024-09-05,5520.08,5546.3,5480.54,5503.41,-0.3
2024-09-06,5507.33,5522.47,5402.62,5408.42,-1.73
2024-09-09,5442.07,5484.2,5434.49,5471.05,1.16
2024-09-10,5490.51,5497.91,5441.72,5495.52,0.45
2024-09-11,5496.42,5560.41,5406.96,5554.13,1.07
2024-09-12,5557.48,5600.71,5535.5,5595.76,0.75
2024-09-13,5603.34,5636.27,5601.65,5626.02,0.54
2024-09-16,5615.21,5636.05,5604.53,5633.09,0.13
2024-09-17,5655.51,5670.81,5614.05,5634.58,0.03
2024-09-18,5641.68,5689.75,5615.08,5618.26,-0.29
2024-09-19,5702.63,5733.57,5686.42,5713.64,1.7
2024-09-20,5709.64,5715.14,5674.49,5702.55,-0.19
2024-09-23,5711.9,5725.36,5704.22,5718.57,0.28
2024-09-24,5727.66,5735.32,5698.99,5732.93,0.25
2024-09-25,5733.65,5741.03,5712.06,5722.26,-0.19
2024-09-26,5762.22,5767.37,5721.01,5745.37,0.4
2024-09-27,5755.36,5763.78,5727.34,5738.17,-0.13
2024-09-30,5726.52,5765.14,5703.53,5762.48,0.42
2024-10-01,5757.73,5757.73,5681.28,5708.75,-0.93
2024-10-02,5698.14,5719.63,5674.0,5709.54,0.01
2024-10-03,5698.19,5718.78,5677.37,5699.94,-0.17
2024-10-04,5737.48,5753.21,5702.83,5751.07,0.9
2024-10-07,5737.8,5739.34,5686.85,5695.94,-0.96
2024-10-08,5719.14,5757.6,5714.56,5751.13,0.97
2024-10-09,5751.8,5796.8,5745.02,5792.04,0.71
2024-10-10,5778.36,5795.03,5764.76,5780.05,-0.21
2024-10-11,5775.09,5822.13,5775.09,5815.03,0.61
2024-10-14,5829.81,5871.41,5829.57,5859.85,0.77
2024-10-15,5866.74,5870.36,5804.48,5815.26,-0.76
2024-10-16,5816.58,5846.52,5808.34,5842.47,0.47
2024-10-17,5875.62,5878.46,5840.25,5841.47,-0.02
2024-10-18,5859.43,5872.17,5846.11,5864.67,0.4
2024-10-21,5857.82,5866.92,5824.79,5853.98,-0.18
2024-10-22,5832.7,5863.04,5821.17,5851.2,-0.05
2024-10-23,5834.5,5834.85,5762.41,5797.42,-0.92
2024-10-24,5817.8,5817.8,5784.92,5809.86,0.21
2024-10-25,5826.75,5862.82,5799.98,5808.12,-0.03
2024-10-28,5833.93,5842.92,5823.08,5823.52,0.27
2024-10-29,5819.68,5847.19,5802.17,5832.92,0.16
2024-10-30,5832.65,5850.94,5811.28,5813.67,-0.33
2024-10-31,5775.34,5775.34,5702.86,5705.45,-1.86
2024-11-01,5723.22,5772.52,5723.22,5728.8,0.41
2024-11-04,5725.15,5741.43,5696.51,5712.69,-0.28
2024-11-05,5722.43,5783.44,5722.1,5782.76,1.23
2024-11-06,5864.89,5936.14,5864.89,5929.04,2.53
2024-11-07,5947.21,5983.84,5947.21,5973.1,0.74
2024-11-08,5976.76,6012.45,5976.76,5995.54,0.38
2024-11-11,6008.86,6017.31,5986.69,6001.35,0.1
2024-11-12,6003.6,6009.92,5960.08,5983.99,-0.29
2024-11-13,5985.75,6008.19,5965.91,5985.38,0.02
2024-11-14,5989.68,5993.88,5942.28,5949.17,-0.6
2024-11-15,5912.79,5915.32,5853.01,5870.62,-1.32
2024-11-18,5874.17,5908.12,5865.95,5893.62,0.39
2024-11-19,5870.05,5923.51,5855.29,5916.98,0.4
2024-11-20,5914.34,5920.67,5860.56,5917.11,0.0
2024-11-21,5940.58,5963.32,5887.26,5948.71,0.53
2024-11-22,5944.36,5972.9,5944.36,5969.34,0.35
2024-11-25,5992.28,6020.75,5963.91,5987.37,0.3
2024-11-26,6000.03,6025.42,5992.27,6021.63,0.57
2024-11-27,6014.11,6020.16,5984.87,5998.74,-0.38
2024-11-29,6003.98,6044.17,6003.98,6032.38,0.56
2024-12-02,6040.11,6053.58,6035.33,6047.15,0.24
2024-12-03,6042.97,6052.07,6033.39,6049.88,0.05
2024-12-04,6069.39,6089.84,6061.06,6086.49,0.61
2024-12-05,6089.03,6094.55,6072.9,6075.11,-0.19
2024-12-06,6081.38,6099.97,6079.98,6090.27,0.25
2024-12-09,6083.01,6088.51,6048.63,6052.85,-0.61
2024-12-10,6057.59,6065.4,6029.89,6034.91,-0.3
2024-12-11,6060.15,6093.1,6060.15,6084.2,0.82
2024-12-12,6074.29,6079.68,6051.25,6051.25,-0.54
2024-12-13,6068.17,6078.58,6035.77,6051.09,0.0
2024-12-16,6063.79,6085.19,6059.14,6074.08,0.38
2024-12-17,6052.55,6057.68,6035.19,6050.61,-0.39
2024-12-18,6047.65,6070.67,5867.79,5872.16,-2.95
2024-12-19,5912.71,5935.52,5866.07,5867.08,-0.09
2024-12-20,5842.0,5982.06,5832.3,5930.85,1.09
2024-12-23,5940.25,5978.25,5902.57,5974.07,0.73
2024-12-24,5984.63,6040.1,5981.44,6040.04,1.1
2024-12-26,6024.97,6049.75,6007.37,6037.59,-0.04
2024-12-27,6006.17,6006.17,5932.95,5970.84,-1.11
2024-12-30,5920.67,5940.79,5869.16,5906.94,-1.07
2024-12-31,5919.74,5929.74,5868.86,5881.63,-0.43
2025-01-02,5903.26,5935.09,5829.53,5868.55,-0.22
2025-01-03,5891.07,5949.34,5888.66,5942.47,1.26
2025-01-06,5982.81,6021.04,5960.01,5975.38,0.55
2025-01-07,5993.26,6000.68,5890.68,5909.03,-1.11
2025-01-08,5910.66,5927.89,5874.78,5918.25,0.16
2025-01-10,5890.35,5890.35,5807.78,5827.04,-1.54
2025-01-13,5782.02,5838.61,5773.31,5836.22,0.16
2025-01-14,5859.27,5871.92,5805.42,5842.91,0.11
2025-01-15,5905.21,5960.61,5905.21,5949.91,1.83
2025-01-16,5963.61,5964.69,5930.72,5937.34,-0.21
2025-01-17,5995.4,6014.96,5978.44,5996.66,1.0
2025-01-21,6014.12,6051.51,6006.88,6049.24,0.88
2025-01-22,6081.39,6100.81,6076.13,6086.37,0.61
2025-01-23,6076.32,6118.73,6074.67,6118.71,0.53
2025-01-24,6121.43,6128.18,6088.74,6101.24,-0.29
2025-01-27,5966.75,6017.17,5962.92,6012.28,-1.46
2025-01-28,6025.45,6074.54,5992.76,6067.71,0.92
2025-01-29,6056.6,6062.83,6012.35,6039.31,-0.47
2025-01-30,6060.7,6086.77,6027.46,6071.18,0.53
2025-01-31,6096.79,6120.91,6030.85,6040.53,-0.5
2025-02-03,5939.38,6022.39,5923.93,5994.57,-0.76
2025-02-04,5996.51,6042.91,5990.87,6037.88,0.72
2025-02-05,6026.6,6063.02,6006.21,6061.47,0.39
2025-02-06,6079.26,6084.03,6046.09,6083.57,0.36
2025-02-07,6083.13,6101.28,6019.96,6025.99,-0.95
2025-02-10,6046.4,6073.38,6044.84,6066.44,0.67
2025-02-11,6049.32,6076.28,6042.34,6068.5,0.03
2025-02-12,6025.08,6063.0,6003.0,6051.97,-0.27
2025-02-13,6060.59,6116.91,6050.95,6115.07,1.04
2025-02-14,6115.52,6127.47,6107.62,6114.63,-0.01
2025-02-18,6121.6,6129.63,6099.51,6129.58,0.24
2025-02-19,6117.76,6147.43,6111.15,6144.15,0.24
2025-02-20,6134.5,6134.5,6084.59,6117.52,-0.43
2025-02-21,6114.1,6114.82,6008.56,6013.13,-1.71
2025-02-24,6026.69,6043.65,5977.83,5983.25,-0.5
2025-02-25,5982.73,5992.65,5908.49,5955.25,-0.47
2025-02-26,5970.87,6009.82,5932.69,5956.06,0.01
2025-02-27,5981.88,5993.69,5858.78,5861.57,-1.59
2025-02-28,5856.74,5959.4,5837.66,5954.5,1.59
2025-03-03,5968.33,5986.09,5810.91,5849.72,-1.76
2025-03-04,5811.98,5865.08,5732.59,5778.15,-1.22
2025-03-05,5781.36,5860.59,5742.35,5842.63,1.12
2025-03-06,5785.87,5812.08,5711.64,5738.52,-1.78
2025-03-07,5726.01,5783.01,5666.29,5770.2,0.55
2025-03-10,5705.37,5705.37,5564.02,5614.56,-2.7
2025-03-11,5603.65,5636.3,5528.41,5572.07,-0.76
2025-03-12,5624.84,5642.19,5546.09,5599.3,0.49
2025-03-13,5594.45,5597.78,5504.65,5521.52,-1.39
2025-03-14,5563.85,5645.27,5563.85,5638.94,2.13
2025-03-17,5635.6,5703.52,5631.12,5675.12,0.64
2025-03-18,5654.53,5654.53,5597.76,5614.66,-1.07
2025-03-19,5632.37,5715.33,5622.2,5675.29,1.08
2025-03-20,5646.92,5711.15,5632.33,5662.89,-0.22
2025-03-21,5630.73,5670.84,5603.1,5667.56,0.08
2025-03-24,5718.08,5775.14,5718.08,5767.57,1.76
2025-03-25,5775.96,5786.95,5760.42,5776.65,0.16
2025-03-26,5771.66,5783.62,5694.41,5712.2,-1.12
2025-03-27,5695.64,5732.28,5670.94,5693.31,-0.33
2025-03-28,5679.2,5685.89,5572.42,5580.94,-1.97
2025-03-31,5527.91,5627.56,5488.73,5611.85,0.55
2025-04-01,5597.53,5650.57,5558.52,5633.07,0.38
2025-04-02,5580.76,5695.31,5571.48,5670.97,0.67
2025-04-03,5492.74,5499.53,5390.83,5396.52,-4.84
2025-04-04,5292.14,5292.14,5069.9,5074.08,-5.97
2025-04-07,4953.79,5246.57,4835.04,5062.25,-0.23
2025-04-08,5193.57,5267.47,4910.42,4982.77,-1.57
2025-04-09,4965.28,5481.34,4948.43,5456.9,9.52
2025-04-10,5353.15,5353.15,5115.27,5268.05,-3.46
2025-04-11,5255.56,5381.46,5220.77,5363.36,1.81
2025-04-14,5441.96,5459.46,5358.02,5405.97,0.79
2025-04-15,5411.99,5450.41,5386.44,5396.63,-0.17
2025-04-16,5335.75,5367.24,5220.79,5275.7,-2.24
2025-04-17,5305.45,5328.31,5255.58,5282.7,0.13
2025-04-21,5232.94,5232.94,5101.63,5158.2,-2.36
2025-04-22,5207.67,5309.61,5207.67,5287.76,2.51
2025-04-23,5395.92,5469.69,5356.17,5375.86,1.67
2025-04-24,5381.38,5489.4,5371.96,5484.77,2.03
2025-04-25,5489.73,5528.11,5455.86,5525.21,0.74
2025-04-28,5529.22,5553.66,5468.64,5528.75,0.06
2025-04-29,5508.87,5571.95,5505.7,5560.83,0.58
2025-04-30,5499.44,5581.84,5433.24,5569.06,0.15
2025-05-01,5625.14,5658.91,5597.35,5604.14,0.63
2025-05-02,5645.88,5700.7,5642.28,5686.67,1.47
2025-05-05,5655.32,5683.38,5634.48,5650.38,-0.64
2025-05-06,5605.87,5649.58,5586.04,5606.91,-0.77
2025-05-07,5614.18,5654.73,5578.64,5631.28,0.43
2025-05-08,5663.6,5720.1,5635.38,5663.94,0.58
2025-05-09,5679.65,5691.69,5644.15,5659.91,-0.07
2025-05-12,5807.2,5845.37,5786.08,5844.19,3.26
2025-05-13,5854.15,5906.64,5845.02,5886.55,0.72
2025-05-14,5896.74,5906.55,5872.11,5892.58,0.1
2025-05-15,5869.82,5924.21,5865.16,5916.93,0.41
2025-05-16,5929.09,5958.62,5907.36,5958.38,0.7
2025-05-19,5902.88,5968.61,5895.69,5963.6,0.09
2025-05-20,5944.66,5953.06,5909.26,5940.46,-0.39
2025-05-21,5910.18,5938.37,5830.91,5844.61,-1.61
2025-05-22,5841.26,5878.08,5825.82,5842.01,-0.04
2025-05-23,5781.89,5829.51,5767.41,5802.82,-0.67
2025-05-27,5854.07,5924.33,5854.07,5921.54,2.05
2025-05-28,5925.54,5939.92,5881.88,5888.55,-0.56
2025-05-29,5939.96,5943.13,5873.8,5912.17,0.4
2025-05-30,5903.67,5922.14,5843.66,5911.69,-0.01
2025-06-02,5896.68,5937.4,5861.43,5935.94,0.41
2025-06-03,5938.56,5981.35,5929.0,5970.37,0.58
2025-06-04,5978.94,5990.48,5966.11,5970.81,0.01
2025-06-05,5985.67,5999.7,5921.2,5939.3,-0.53
2025-06-06,5987.06,6016.87,5978.63,6000.36,1.03
2025-06-09,6004.63,6021.31,5994.18,6005.88,0.09
2025-06-10,6009.91,6043.01,6000.28,6038.81,0.55
2025-06-11,6049.38,6059.4,6002.32,6022.24,-0.27
2025-06-12,6009.9,6045.43,6003.88,6045.26,0.38
2025-06-13,6000.56,6026.16,5963.21,5976.97,-1.13
2025-06-16,6004.0,6050.83,6004.0,6033.11,0.94
2025-06-17,6012.15,6023.25,5974.8,5982.72,-0.84
2025-06-18,5987.93,6018.25,5971.89,5980.87,-0.03
2025-06-20,5999.67,6018.2,5952.56,5967.84,-0.22
2025-06-23,5969.67,6028.77,5943.23,6025.17,0.96
2025-06-24,6061.21,6101.76,6059.25,6092.18,1.11
2025-06-25,6104.23,6108.51,6080.09,6092.16,0.0
2025-06-26,6112.09,6146.52,6092.16,6141.02,0.8
2025-06-27,6150.7,6187.68,6132.35,6173.07,0.52
2025-06-30,6193.36,6215.08,6173.07,6204.95,0.52
2025-07-01,6187.25,6210.78,6177.97,6198.01,-0.11
2025-07-02,6193.88,6227.6,6188.29,6227.42,0.47
2025-07-03,6246.46,6284.65,6227.42,6279.35,0.83
2025-07-07,6259.04,6279.35,6201.0,6229.98,-0.79
2025-07-08,6234.03,6242.7,6217.75,6225.52,-0.07
2025-07-09,6243.33,6269.16,6225.52,6263.26,0.61
2025-07-10,6266.8,6290.22,6251.44,6280.46,0.27
2025-07-11,6255.68,6280.46,6237.6,6259.75,-0.33
2025-07-14,6255.15,6273.31,6239.22,6268.56,0.14
2025-07-15,6295.29,6302.04,6241.68,6243.76,-0.4
2025-07-16,6254.5,6268.12,6201.59,6263.7,0.32
2025-07-17,6263.4,6304.69,6262.27,6297.36,0.54
2025-07-18,6312.95,6315.61,6285.27,6296.79,-0.01
2025-07-21,6304.74,6336.08,6296.79,6305.6,0.14
2025-07-22,6306.6,6316.12,6281.71,6309.62,0.06
2025-07-23,6326.9,6360.64,6309.62,6358.91,0.78
2025-07-24,6368.6,6381.31,6358.91,6363.35,0.07
2025-07-25,6370.01,6395.82,6363.35,6388.64,0.4
2025-07-28,6397.69,6401.07,6375.79,6389.77,0.02
2025-07-29,6405.62,6409.26,6363.92,6370.86,-0.3
2025-07-30,6381.23,6396.54,6336.38,6362.9,-0.12
2025-07-31,6427.02,6427.02,6327.64,6339.39,-0.37
2025-08-01,6287.28,6339.39,6212.69,6238.01,-1.6
2025-08-04,6271.71,6330.69,6238.01,6329.94,1.47
2025-08-05,6336.63,6346.0,6289.37,6299.19,-0.49
2025-08-06,6309.3,6352.83,6299.19,6345.06,0.73
2025-08-07,6374.32,6389.71,6310.32,6340.0,-0.08
2025-08-08,6355.22,6395.16,6340.0,6389.45,0.78
2025-08-11,6389.67,6407.25,6364.06,6373.45,-0.25
2025-08-12,6395.17,6446.55,6373.45,6445.76,1.13
2025-08-13,6462.67,6480.28,6445.02,6466.58,0.32
2025-08-14,6453.46,6473.92,6441.07,6468.54,0.03
2025-08-15,6477.38,6481.34,6441.85,6449.8,-0.29
2025-08-18,6445.02,6455.35,6437.7,6449.15,-0.01
2025-08-19,6446.24,6456.48,6400.22,6411.37,-0.59
2025-08-20,6406.62,6411.37,6343.86,6395.78,-0.24
2025-08-21,6380.83,6395.78,6352.71,6370.17,-0.4
2025-08-22,6384.59,6478.89,6370.17,6466.91,1.52
2025-08-25,6457.67,6466.91,6438.06,6439.32,-0.43
2025-08-26,6435.49,6468.37,6429.21,6465.94,0.41
2025-08-27,6462.26,6487.06,6457.84,6481.4,0.24
2025-08-28,6483.84,6508.23,6466.96,6501.86,0.32
2025-08-29,6489.28,6501.86,6444.57,6460.26,-0.64
2025-09-02,6401.51,6460.26,6360.58,6415.54,-0.69
2025-09-03,6445.82,6453.67,6415.54,6448.26,0.51
2025-09-04,6456.6,6502.54,6445.98,6502.08,0.83
2025-09-05,6529.08,6532.65,6443.98,6481.5,-0.32
2025-09-08,6498.09,6508.67,6481.5,6495.15,0.21
2025-09-09,6503.33,6518.23,6483.08,6512.61,0.27
2025-09-10,6550.29,6555.97,6512.61,6532.04,0.3
2025-09-11,6554.41,6592.89,6532.04,6587.47,0.85
2025-09-12,6590.66,6600.21,6579.49,6584.29,-0.05
2025-09-15,6603.49,6619.62,6584.29,6615.28,0.47
2025-09-16,6624.13,6626.99,6600.11,6606.76,-0.13
2025-09-17,6604.87,6624.39,6551.15,6600.35,-0.1
2025-09-18,6626.85,6656.8,6600.35,6631.96,0.48
2025-09-19,6647.11,6671.82,6630.31,6664.36,0.49
2025-09-22,6654.28,6698.88,6648.07,6693.75,0.44
2025-09-23,6692.44,6699.52,6645.58,6656.92,-0.55
2025-09-24,6669.79,6672.66,6621.76,6637.97,-0.28
2025-09-25,6608.19,6637.97,6569.22,6604.72,-0.5
2025-09-26,6615.38,6648.97,6604.43,6643.7,0.59
2025-09-29,6661.58,6677.31,6643.7,6661.21,0.26
2025-09-30,6656.19,6691.25,6641.0,6688.46,0.41
2025-10-01,6664.92,6718.48,6656.2,6711.2,0.34
2025-10-02,6731.31,6731.94,6693.23,6715.35,0.06
2025-10-03,6722.14,6750.87,6705.67,6715.79,0.01
2025-10-06,6733.86,6749.52,6715.79,6740.28,0.36
2025-10-07,6746.14,6754.49,6699.96,6714.59,-0.38
2025-10-08,6723.87,6755.64,6714.59,6753.72,0.58
2025-10-09,6760.5,6764.58,6716.17,6735.11,-0.28
2025-10-10,6740.49,6762.4,6550.78,6552.51,-2.71
2025-10-13,6622.53,6668.68,6552.51,6654.72,1.56
2025-10-14,6602.49,6680.7,6555.07,6644.31,-0.16
2025-10-15,6688.27,6724.12,6612.11,6671.06,0.4
2025-10-16,6689.02,6709.34,6593.99,6629.07,-0.63
2025-10-17,6613.27,6678.88,6603.76,6664.01,0.53
2025-10-20,6690.05,6744.35,6664.01,6735.13,1.07
2025-10-21,6736.75,6752.16,6722.03,6735.35,0.0
2025-10-22,6741.34,6741.75,6655.69,6699.4,-0.53
2025-10-23,6703.65,6749.53,6699.4,6738.44,0.58
2025-10-24,6772.07,6807.11,6738.44,6791.69,0.79
2025-10-27,6845.46,6877.28,6791.69,6875.16,1.23
2025-10-28,6897.74,6911.3,6870.73,6890.89,0.23
2025-10-29,6910.95,6920.34,6851.91,6890.59,0.0
2025-10-30,6860.5,6890.59,6820.69,6822.34,-0.99
2025-10-31,6879.17,6879.17,6814.26,6840.2,0.26
2025-11-03,6882.32,6882.32,6820.62,6851.97,0.17
2025-11-04,6788.52,6851.97,6766.71,6771.55,-1.17
2025-11-05,6769.77,6829.78,6763.11,6796.29,0.37
2025-11-06,6787.59,6796.68,6707.51,6720.32,-1.12
2025-11-07,6696.18,6730.11,6631.44,6728.8,0.13
2025-11-10,6785.36,6841.32,6728.8,6832.43,1.54
2025-11-11,6815.64,6855.13,6806.87,6846.61,0.21
2025-11-12,6867.77,6869.91,6829.62,6850.92,0.06
2025-11-13,6826.47,6850.92,6724.72,6737.49,-1.66
2025-11-14,6672.14,6774.31,6646.87,6734.11,-0.05
2025-11-17,6713.61,6754.5,6638.9,6672.41,-0.92
2025-11-18,6641.19,6672.41,6574.32,6617.32,-0.83
2025-11-19,6625.84,6689.75,6603.5,6642.16,0.38
2025-11-20,6737.93,6770.35,6534.05,6538.76,-1.56
2025-11-21,6555.77,6660.05,6521.92,6602.99,0.98
2025-11-24,6636.54,6715.75,6602.99,6705.12,1.55
2025-11-25,6697.03,6776.4,6659.98,6765.88,0.91
2025-11-26,6793.55,6831.44,6765.88,6812.61,0.69
2025-11-28,6822.52,6850.86,6812.61,6849.09,0.54
2025-12-01,6812.3,6849.09,6799.94,6812.63,-0.53
2025-12-02,6830.96,6851.55,6806.71,6829.37,0.25
2025-12-03,6815.29,6862.42,6810.43,6849.72,0.3
2025-12-04,6866.47,6866.47,6827.12,6857.12,0.11
2025-12-05,6866.32,6895.78,6857.12,6870.4,0.19
2025-12-08,6875.2,6878.27,6827.19,6846.51,-0.35
2025-12-09,6840.61,6864.92,6837.43,6840.51,-0.09
2025-12-10,6833.49,6900.67,6824.69,6886.68,0.67
2025-12-11,6861.3,6903.46,6833.45,6901.0,0.21
2025-12-12,6886.85,6901.0,6801.79,6827.41,-1.07
2025-12-15,6860.19,6861.59,6801.49,6816.51,-0.16
2025-12-16,6800.12,6819.27,6759.74,6800.26,-0.24
2025-12-17,6802.88,6812.26,6720.43,6721.43,-1.16
2025-12-18,6778.06,6816.13,6721.43,6774.76,0.79
2025-12-19,6792.62,6840.02,6774.76,6834.5,0.88
2025-12-22,6865.21,6882.03,6834.5,6878.49,0.64
2025-12-23,6872.41,6910.88,6868.81,6909.79,0.46
2025-12-24,6904.91,6937.32,6904.91,6932.05,0.32
2025-12-26,6936.02,6945.77,6921.6,6929.94,-0.03
2025-12-29,6903.6,6929.94,6888.76,6905.74,-0.35
2025-12-30,6900.44,6913.25,6893.47,6896.24,-0.14
2025-12-31,6898.82,6901.42,6844.55,6845.5,-0.74
2026-01-02,6878.11,6894.87,6824.31,6858.47,0.19
2026-01-05,6892.19,6920.38,6858.47,6902.05,0.64
2026-01-06,6908.03,6948.69,6902.05,6944.82,0.62
2026-01-07,6945.07,6965.69,6919.19,6920.93,-0.34
2026-01-08,6914.11,6931.28,6899.33,6921.46,0.01
2026-01-09,6927.83,6978.36,6917.64,6966.28,0.65
2026-01-12,6944.12,6986.33,6934.07,6977.27,0.16
2026-01-13,6977.41,6985.83,6938.77,6963.74,-0.19
2026-01-14,6937.41,6963.74,6885.74,6926.6,-0.53
2026-01-15,6969.46,6979.34,6926.6,6944.47,0.26
2026-01-16,6960.54,6967.3,6925.09,6940.01,-0.06
2026-01-20,6865.24,6940.01,6789.05,6796.86,-2.06
2026-01-21,6810.71,6910.39,6796.86,6875.62,1.16
2026-01-22,6914.44,6934.75,6875.62,6913.35,0.55
2026-01-23,6907.85,6932.96,6895.5,6915.61,0.03
2026-01-26,6923.23,6964.66,6915.61,6950.23,0.5
2026-01-27,6965.96,6988.82,6950.23,6978.6,0.41
2026-01-28,7002.0,7002.28,6963.46,6978.03,-0.01
2026-01-29,6977.74,6992.84,6870.8,6969.01,-0.13
2026-01-30,6947.27,6969.01,6893.48,6939.03,-0.43
2026-02-02,6916.64,6991.92,6914.34,6976.44,0.54
2026-02-03,6985.45,6993.08,6862.05,6917.81,-0.84
2026-02-04,6924.5,6936.09,6838.8,6882.72,-0.51
2026-02-05,6837.39,6882.72,6780.13,6798.4,-1.23
2026-02-06,6816.74,6944.89,6798.4,6932.3,1.97
2026-02-09,6917.26,6980.1,6905.87,6964.82,0.47
2026-02-10,6974.49,6986.83,6937.53,6941.81,-0.33
2026-02-11,6976.48,6993.48,6911.97,6941.47,0.0
2026-02-12,6957.54,6973.22,6824.04,6832.76,-1.57
2026-02-13,6834.27,6881.96,6794.55,6836.17,0.05
2026-02-17,6819.86,6866.99,6775.5,6843.22,0.1
2026-02-18,6855.48,6909.12,6843.22,6881.31,0.56
2026-02-19,6861.34,6881.31,6833.06,6861.89,-0.28
2026-02-20,6843.26,6915.86,6836.33,6909.51,0.69
2026-02-23,6901.25,6916.96,6819.82,6837.75,-1.04
2026-02-24,6837.37,6899.17,6815.43,6890.07,0.77
2026-02-25,6915.15,6952.51,6890.07,6946.13,0.81
2026-02-26,6944.74,6947.25,6859.73,6908.86,-0.54
2026-02-27,6856.54,6908.86,6831.74,6878.88,-0.43
2026-03-02,6824.36,6901.01,6796.85,6881.62,0.04
2026-03-03,6800.26,6881.62,6710.42,6816.63,-0.94
2026-03-04,6831.69,6885.94,6811.64,6869.5,0.78
2026-03-05,6851.08,6870.43,6770.78,6830.71,-0.56
2026-03-06,6769.03,6830.71,6711.56,6740.02,-1.33
2026-03-09,6699.8,6810.44,6636.04,6795.99,0.83
2026-03-10,6796.56,6845.08,6759.74,6781.48,-0.21
2026-03-11,6790.09,6811.15,6745.59,6775.8,-0.08
2026-03-12,6740.88,6775.8,6670.4,6672.62,-1.52
2026-03-13,6673.49,6733.3,6623.92,6632.19,-0.61
2026-03-16,6674.37,6729.79,6632.19,6699.38,1.01
2026-03-17,6722.35,6754.3,6699.38,6716.09,0.25
2026-03-18,6697.16,6716.09,6621.66,6624.7,-1.36
2026-03-19,6583.12,6636.74,6557.82,6606.49,-0.27
2026-03-20,6594.66,6606.49,6473.52,6506.48,-1.51
2026-03-23,6574.96,6651.62,6506.48,6581.0,1.15
2026-03-24,6552.09,6595.75,6525.11,6556.37,-0.37
2026-03-25,6598.35,6633.94,6556.37,6591.9,0.54
2026-03-26,6555.86,6591.9,6473.79,6477.16,-1.74
2026-03-27,6453.89,6477.16,6356.08,6368.85,-1.67
2026-03-30,6403.37,6427.31,6316.91,6343.72,-0.39
2026-03-31,6395.88,6539.05,6343.72,6528.52,2.91
2026-04-01,6556.56,6609.67,6528.52,6575.32,0.72
2026-04-02,6512.61,6601.91,6474.94,6582.69,0.11
2026-04-06,6587.66,6618.13,6579.72,6611.83,0.44
2026-04-07,6601.93,6618.26,6534.55,6616.85,0.08
2026-04-08,6754.36,6793.5,6616.85,6782.81,2.51
2026-04-09,6783.69,6835.31,6761.55,6824.66,0.62
2026-04-10,6839.24,6845.77,6808.46,6816.89,-0.11
2026-04-13,6806.47,6887.0,6790.02,6886.24,1.02
2026-04-14,6910.2,6969.42,6886.24,6967.38,1.18
2026-04-15,6978.17,7026.24,6967.13,7022.95,0.8
2026-04-16,7037.78,7051.23,7008.52,7041.28,0.26
2026-04-17,7074.55,7147.52,7041.28,7126.06,1.2
2026-04-20,7117.05,7126.06,7084.41,7109.14,-0.24
2026-04-21,7122.64,7137.27,7050.2,7064.01,-0.63
2026-04-22,7102.91,7138.64,7064.01,7137.9,1.05
2026-04-23,7118.8,7147.78,7046.55,7108.4,-0.41
2026-04-24,7136.48,7168.59,7108.4,7165.08,0.8
2026-04-27,7152.72,7178.74,7146.72,7173.91,0.12
2026-04-28,7133.74,7173.91,7115.17,7138.8,-0.49
2026-04-29,7131.61,7145.63,7107.86,7135.95,-0.04
2026-04-30,7161.75,7219.83,7126.15,7209.01,1.02
2026-05-01,7234.54,7272.52,7209.01,7230.12,0.29
2026-05-04,7228.38,7244.54,7174.12,7200.75,-0.41
2026-05-05,7233.62,7273.26,7200.75,7259.22,0.81
2026-05-06,7294.14,7369.22,7259.22,7365.12,1.46
2026-05-07,7376.78,7385.02,7321.25,7337.11,-0.38
2026-05-08,7362.97,7401.5,7337.11,7398.93,0.84
2026-05-11,7385.31,7428.97,7384.2,7412.84,0.19
2026-05-12,7390.63,7412.84,7338.54,7400.96,-0.16
2026-05-13,7409.12,7460.04,7375.13,7444.25,0.58
2026-05-14,7454.4,7517.12,7444.25,7501.24,0.77
2026-05-15,7445.11,7501.24,7397.5,7408.5,-1.24
2026-05-18,7418.39,7434.06,7353.17,7403.05,-0.07
